[
 { "X3D":[
    {
      "@profile":"Immersive",
      "@version":3.4,
      "@xsd:noNamespaceSchemaLocation":"http://www.web3d.org/specifications/x3d-3.4.xsd",
      "head":[
          { "#comment":"TODO will X3D HAnim component add a new level 2 to support LOA-4 functionality?" },
          { "-childNodeFieldNameNotFound":[
              { "component":
                {
                  "@level":1,
                  "@name":"H-Anim"
                }
              }
            ]
          },
          { "meta":
            {
              "@content":"HAnimModelsHandsFeet.x3d",
              "@name":"title"
            }
          },
          { "meta":
            {
              "@content":"Left and right hands and feet, using high-fidelity definitions for H-Anim version 2.2",
              "@name":"description"
            }
          },
          { "meta":
            {
              "@content":"YOO Kwan Hee and Don Brutzman",
              "@name":"creator"
            }
          },
          { "meta":
            {
              "@content":"8 February 2015",
              "@name":"created"
            }
          },
          { "meta":
            {
              "@content":"8 February 2015",
              "@name":"modified"
            }
          },
          { "meta":
            {
              "@content":"not yet to scale",
              "@name":"warning"
            }
          },
          { "meta":
            {
              "@content":"HAnimModelsHandsFeet.png",
              "@name":"Image"
            }
          },
          { "meta":
            {
              "@content":"HAnimModelsHandsFeetWithFour1mGrids.png",
              "@name":"Image"
            }
          },
          { "meta":
            {
              "@content":"http://www.web3d.org/working-groups/humanoid-animation-h-anim",
              "@name":"reference"
            }
          },
          { "meta":
            {
              "@content":"http://www.web3d.org/files/specifications/19774/V1.0",
              "@name":"reference"
            }
          },
          { "meta":
            {
              "@content":"http://www.web3d.org/documents/specifications/19775-1/V3.3/Part01/components/hanim.html",
              "@name":"reference"
            }
          },
          { "meta":
            {
              "@content":"X3D H-Anim humanoid animation",
              "@name":"subject"
            }
          },
          { "meta":
            {
              "@content":"scene, DOCTYPE and Schema under development.",
              "@name":"warning"
            }
          },
          { "meta":
            {
              "@content":"http://www.web3d.org/x3d/content/examples/Basic/HumanoidAnimation/HAnimModelsHandsFeet.x3d",
              "@name":"identifier"
            }
          },
          { "meta":
            {
              "@content":"X3D-Edit 3.3, https://savage.nps.edu/X3D-Edit",
              "@name":"generator"
            }
          },
          { "meta":
            {
              "@content":"../license.html",
              "@name":"license"
            }
          }
      ],
      "Scene":[
          { "-children":[
              { "Viewpoint":
                {
                  "@description":"Hands and feet 10m",
                  "@position":[0, 0, 10],
                  "@fieldOfView":0.7854,
                  "@jump":true,
                  "@orientation":[0, 0, 1, 0],
                  "@centerOfRotation":[0, 0, 0],
                  "@retainUserOffsets":false,
                  "@containerField":"children"
                }
              }
            ]
          },
          { "-children":[
              { "Viewpoint":
                {
                  "@description":"Hands and feet 1.7m",
                  "@position":[0, 0, 1.7],
                  "@fieldOfView":0.7854,
                  "@jump":true,
                  "@orientation":[0, 0, 1, 0],
                  "@centerOfRotation":[0, 0, 0],
                  "@retainUserOffsets":false,
                  "@containerField":"children"
                }
              }
            ]
          },
          { "-children":[
              { "Transform":
                {
                  "@translation":[-1, 1, 0],
                  "@center":[0, 0, 0],
                  "@rotation":[0, 0, 1, 0],
                  "@scale":[1, 1, 1],
                  "@scaleOrientation":[0, 0, 1, 0],
                  "@bboxCenter":[0, 0, 0],
                  "@bboxSize":[-1, -1, -1],
                  "@containerField":"children",
                  "-children":[
                      { "Inline":
                        {
                          "@url":["HAnimModelHandLeft.x3d", "http://www.web3d.org/x3d/content/examples/Basic/HumanoidAnimation/HAnimModelHandLeft.x3d", "HAnimModelHandLeft.wrl", "http://www.web3d.org/x3d/content/examples/Basic/HumanoidAnimation/HAnimModelHandLeft.wrl"],
                          "@load":true,
                          "@bboxCenter":[0, 0, 0],
                          "@bboxSize":[-1, -1, -1],
                          "@containerField":"children"
                        }
                      }
                    ],
                  "#comment":"Grid overlay authoring hint: first adjust grid scale to convenient large size, then adjust overall scale for your scene model",
                  "-children":[
                      { "Transform":
                        {
                          "@DEF":"GridXY_20x20Fixed_AdjustScale",
                          "@scale":[0.1, 0.1, 0.1],
                          "@center":[0, 0, 0],
                          "@rotation":[0, 0, 1, 0],
                          "@scaleOrientation":[0, 0, 1, 0],
                          "@translation":[0, 0, 0],
                          "@bboxCenter":[0, 0, 0],
                          "@bboxSize":[-1, -1, -1],
                          "@containerField":"children",
                          "-children":[
                              { "Inline":
                                {
                                  "@DEF":"GridXY_20x20Fixed",
                                  "@url":["GridXY_20x20Fixed.x3d", "../../../Savage/Tools/Authoring/GridXY_20x20Fixed.x3d", "https://savage.nps.edu/Savage/Tools/Authoring/GridXY_20x20Fixed.x3d", "GridXY_20x20Fixed.wrl", "../../../Savage/Tools/Authoring/GridXY_20x20Fixed.wrl", "https://savage.nps.edu/Savage/Tools/Authoring/GridXY_20x20Fixed.wrl"],
                                  "@load":true,
                                  "@bboxCenter":[0, 0, 0],
                                  "@bboxSize":[-1, -1, -1],
                                  "@containerField":"children"
                                }
                              }
                            ]
                        }
                      }
                    ]
                }
              }
            ]
          },
          { "-children":[
              { "Transform":
                {
                  "@translation":[1, 1, 0],
                  "@center":[0, 0, 0],
                  "@rotation":[0, 0, 1, 0],
                  "@scale":[1, 1, 1],
                  "@scaleOrientation":[0, 0, 1, 0],
                  "@bboxCenter":[0, 0, 0],
                  "@bboxSize":[-1, -1, -1],
                  "@containerField":"children",
                  "-children":[
                      { "Inline":
                        {
                          "@url":["HAnimModelHandRight.x3d", "http://www.web3d.org/x3d/content/examples/Basic/HumanoidAnimation/HAnimModelHandRight.x3d", "HAnimModelHandRight.wrl", "http://www.web3d.org/x3d/content/examples/Basic/HumanoidAnimation/HAnimModelHandRight.wrl"],
                          "@load":true,
                          "@bboxCenter":[0, 0, 0],
                          "@bboxSize":[-1, -1, -1],
                          "@containerField":"children"
                        }
                      }
                    ],
                  "-children":[
                      { "Transform":
                        {
                          "@USE":"GridXY_20x20Fixed_AdjustScale",
                          "@containerField":"children"
                        }
                      }
                    ]
                }
              }
            ]
          },
          { "-children":[
              { "Transform":
                {
                  "@translation":[-1, -1, 0],
                  "@center":[0, 0, 0],
                  "@rotation":[0, 0, 1, 0],
                  "@scale":[1, 1, 1],
                  "@scaleOrientation":[0, 0, 1, 0],
                  "@bboxCenter":[0, 0, 0],
                  "@bboxSize":[-1, -1, -1],
                  "@containerField":"children",
                  "#comment":"rotation='0 0 1 3.141593'",
                  "-children":[
                      { "Inline":
                        {
                          "@url":["HAnimModelFootLeft.x3d", "http://www.web3d.org/x3d/content/examples/Basic/HumanoidAnimation/HAnimModelFootLeft.x3d", "HAnimModelFootLeft.wrl", "http://www.web3d.org/x3d/content/examples/Basic/HumanoidAnimation/HAnimModelFootLeft.wrl"],
                          "@load":true,
                          "@bboxCenter":[0, 0, 0],
                          "@bboxSize":[-1, -1, -1],
                          "@containerField":"children"
                        }
                      }
                    ],
                  "-children":[
                      { "Transform":
                        {
                          "@USE":"GridXY_20x20Fixed_AdjustScale",
                          "@containerField":"children"
                        }
                      }
                    ]
                }
              }
            ]
          },
          { "-children":[
              { "Transform":
                {
                  "@translation":[1, -1, 0],
                  "@center":[0, 0, 0],
                  "@rotation":[0, 0, 1, 0],
                  "@scale":[1, 1, 1],
                  "@scaleOrientation":[0, 0, 1, 0],
                  "@bboxCenter":[0, 0, 0],
                  "@bboxSize":[-1, -1, -1],
                  "@containerField":"children",
                  "#comment":"rotation='0 0 1 3.141593'",
                  "-children":[
                      { "Inline":
                        {
                          "@url":["HAnimModelFootRight.x3d", "http://www.web3d.org/x3d/content/examples/Basic/HumanoidAnimation/HAnimModelFootRight.x3d", "HAnimModelFootRight.wrl", "http://www.web3d.org/x3d/content/examples/Basic/HumanoidAnimation/HAnimModelFootRight.wrl"],
                          "@load":true,
                          "@bboxCenter":[0, 0, 0],
                          "@bboxSize":[-1, -1, -1],
                          "@containerField":"children"
                        }
                      }
                    ],
                  "-children":[
                      { "Transform":
                        {
                          "@USE":"GridXY_20x20Fixed_AdjustScale",
                          "@containerField":"children"
                        }
                      }
                    ]
                }
              }
            ]
          }
      ]
    }
  ]
 }
]
