[
 { "X3D":[
    {
      "@profile":"Immersive",
      "@version":3.0,
      "@xsd:noNamespaceSchemaLocation":"http://www.web3d.org/specifications/x3d-3.0.xsd",
      "head":[
          { "#comment":"Originally these fundamental prototypes were defined in InterchangableActorsViaDynamicRoutingPrototypes.x3d" },
          { "meta":
            {
              "@content":"HAnimPrototypes.x3d",
              "@name":"title"
            }
          },
          { "meta":
            {
              "@content":"Example implementation of X3D Humanoid Animation (H-Anim) nodes using X3D prototypes.",
              "@name":"description"
            }
          },
          { "meta":
            {
              "@content":"These are developmental examples and not intended for author use in regular X3D scenes.",
              "@name":"warning"
            }
          },
          { "meta":
            {
              "@content":"Developer note: names for these H-Anim Prototypes need to be corrected if used internally in a player implementation (e.g. Joint to HAnimJoint).",
              "@name":"warning"
            }
          },
          { "meta":
            {
              "@content":"Ozan APAYDIN",
              "@name":"creator"
            }
          },
          { "meta":
            {
              "@content":"Ozan APAYDIN, Don Brutzman",
              "@name":"translator"
            }
          },
          { "meta":
            {
              "@content":"15 November 2001",
              "@name":"created"
            }
          },
          { "meta":
            {
              "@content":"4 July 2013",
              "@name":"modified"
            }
          },
          { "meta":
            {
              "@content":"http://www.web3d.org/files/specifications/19774/V1.0/HAnim/HAnim.html",
              "@name":"reference"
            }
          },
          { "meta":
            {
              "@content":"http://www.web3d.org/files/specifications/19775-1/V3.3/Part01/components/hanim.html",
              "@name":"reference"
            }
          },
          { "meta":
            {
              "@content":"http://h-anim.org/Models/H-Anim2001/boxman/boxman.wrl",
              "@name":"reference"
            }
          },
          { "meta":
            {
              "@content":"http://h-anim.org/Specifications/H-Anim2001",
              "@name":"reference"
            }
          },
          { "meta":
            {
              "@content":"http://www.h-anim.org",
              "@name":"reference"
            }
          },
          { "meta":
            {
              "@content":"http://h-anim.org/Models",
              "@name":"reference"
            }
          },
          { "meta":
            {
              "@content":"http://h-anim.org/Specifications",
              "@name":"reference"
            }
          },
          { "meta":
            {
              "@content":"InterchangableActorsViaDynamicRoutingPrototypes.x3d",
              "@name":"reference"
            }
          },
          { "meta":
            {
              "@content":"http://www.web3d.org/x3d/content/examples/Basic/HumanoidAnimation/HAnimPrototypes.x3d",
              "@name":"identifier"
            }
          },
          { "meta":
            {
              "@content":"X3D-Edit 3.3, https://savage.nps.edu/X3D-Edit",
              "@name":"generator"
            }
          },
          { "meta":
            {
              "@content":"../license.html",
              "@name":"license"
            }
          }
      ],
      "Scene":[
          { "#comment":"**********Human Model Protypes*********" },
          { "ProtoDeclare":
            {
              "@appinfo":"The Humanoid node serves as overall container for the Joint Segment Site and Viewpoint nodes which define the skeleton geometry and landmarks of the humanoid figure. Additionally the node provides a means for defining information about the author copyright and usage restrictions of the model.",
              "@documentation":"http://H-Anim.org/Specifications/H-Anim2001/part1/Humanoid.html",
              "@name":"Humanoid1_1",
              "#comment":"H-Anim v1.1 field definitions",
              "field:name":
              {
                "@accessType":"inputOutput",
                "@name":"name",
                "@type":"SFString"
              },
              "field:version":
              {
                "@accessType":"inputOutput",
                "@appinfo":"legal values: 1.1 or 2.0",
                "@name":"version",
                "@type":"SFString",
                "@value":1.1
              },
              "field:humanoidVersion":
              {
                "@accessType":"inputOutput",
                "@appinfo":"Version of the humanoid being modeled. Hint: H-anim version 2.0",
                "@name":"humanoidVersion",
                "@type":"SFString"
              },
              "field:info":
              {
                "@accessType":"inputOutput",
                "@name":"info",
                "@type":"MFString"
              },
              "field:translation":
              {
                "@accessType":"inputOutput",
                "@name":"translation",
                "@type":"SFVec3f",
                "@value":[0, 0, 0]
              },
              "field:rotation":
              {
                "@accessType":"inputOutput",
                "@name":"rotation",
                "@type":"SFRotation",
                "@value":[0, 0, 1, 0]
              },
              "field:center":
              {
                "@accessType":"inputOutput",
                "@name":"center",
                "@type":"SFVec3f",
                "@value":[0, 0, 0]
              },
              "field:scale":
              {
                "@accessType":"inputOutput",
                "@name":"scale",
                "@type":"SFVec3f",
                "@value":[1, 1, 1]
              },
              "field:scaleOrientation":
              {
                "@accessType":"inputOutput",
                "@name":"scaleOrientation",
                "@type":"SFRotation",
                "@value":[0, 0, 1, 0]
              },
              "field:bboxCenter":
              {
                "@accessType":"initializeOnly",
                "@name":"bboxCenter",
                "@type":"SFVec3f",
                "@value":[0, 0, 0]
              },
              "field:bboxSize":
              {
                "@accessType":"initializeOnly",
                "@name":"bboxSize",
                "@type":"SFVec3f",
                "@value":[-1, -1, -1]
              },
              "field:humanoidBody":
              {
                "@accessType":"inputOutput",
                "@appinfo":"H-Anim 1.1 field container for body head. Hint: replaced by 2.0 skeleton.",
                "@documentation":"http://H-Anim.org/Specifications/H-Anim1.1/#humanoid",
                "@name":"humanoidBody",
                "@type":"MFNode"
              },
              "field:skeleton":
              {
                "@accessType":"inputOutput",
                "@appinfo":"H-Anim 2.0 field container for body geometry Hint: replaces 1.1 humanoidBody",
                "@documentation":"http://H-Anim.org/Specifications/H-Anim2001/part1/Humanoid.html",
                "@name":"skeleton",
                "@type":"MFNode"
              },
              "field:joints":
              {
                "@accessType":"inputOutput",
                "@appinfo":"Container field for Joint nodes",
                "@name":"joints",
                "@type":"MFNode"
              },
              "field:segments":
              {
                "@accessType":"inputOutput",
                "@appinfo":"Container field for Segment nodes",
                "@name":"segments",
                "@type":"MFNode"
              },
              "field:sites":
              {
                "@accessType":"inputOutput",
                "@appinfo":"Container field for Site nodes",
                "@name":"sites",
                "@type":"MFNode"
              },
              "field:viewpoints":
              {
                "@accessType":"inputOutput",
                "@appinfo":"Container field for Viewpoint nodes",
                "@name":"viewpoints",
                "@type":"MFNode"
              },
              "field:skinCoord":
              {
                "@accessType":"inputOutput",
                "@appinfo":"Hint: H-anim version 2.0",
                "@name":"skinCoord",
                "@type":"SFNode",
                "@value":"NULL"
              },
              "field:skinNormal":
              {
                "@accessType":"inputOutput",
                "@appinfo":"Hint: H-anim version 2.0",
                "@name":"skinNormal",
                "@type":"SFNode",
                "@value":"NULL"
              },
              "-firstNodeType:children":[
                  { "ProtoBody":[[
                      { "-children":[
                          { "Transform":
                            {
                              "@DEF":"HumanoidTransform",
                              "@center":[0, 0, 0],
                              "@rotation":[0, 0, 1, 0],
                              "@scale":[1, 1, 1],
                              "@scaleOrientation":[0, 0, 1, 0],
                              "@translation":[0, 0, 0],
                              "@bboxCenter":[0, 0, 0],
                              "@bboxSize":[-1, -1, -1],
                              "@containerField":"children",
                              "IS":[
                                  { "connect":
                                    {
                                      "@nodeField":"translation",
                                      "@protoField":"translation"
                                    }
                                  },
                                  { "connect":
                                    {
                                      "@nodeField":"rotation",
                                      "@protoField":"rotation"
                                    }
                                  },
                                  { "connect":
                                    {
                                      "@nodeField":"center",
                                      "@protoField":"center"
                                    }
                                  },
                                  { "connect":
                                    {
                                      "@nodeField":"scale",
                                      "@protoField":"scale"
                                    }
                                  },
                                  { "connect":
                                    {
                                      "@nodeField":"scaleOrientation",
                                      "@protoField":"scaleOrientation"
                                    }
                                  },
                                  { "connect":
                                    {
                                      "@nodeField":"bboxCenter",
                                      "@protoField":"bboxCenter"
                                    }
                                  },
                                  { "connect":
                                    {
                                      "@nodeField":"bboxSize",
                                      "@protoField":"bboxSize"
                                    }
                                  }
                              ],
                              "-children":[
                                  { "Group":
                                    {
                                      "@DEF":"HumanoidGroup1",
                                      "@bboxCenter":[0, 0, 0],
                                      "@bboxSize":[-1, -1, -1],
                                      "@containerField":"children",
                                      "IS":[
                                          { "connect":
                                            {
                                              "@nodeField":"children",
                                              "@protoField":"humanoidBody"
                                            }
                                          }
                                      ]
                                    }
                                  }
                                ],
                              "-children":[
                                  { "Group":
                                    {
                                      "@DEF":"HumanoidGroup2",
                                      "@bboxCenter":[0, 0, 0],
                                      "@bboxSize":[-1, -1, -1],
                                      "@containerField":"children",
                                      "IS":[
                                          { "connect":
                                            {
                                              "@nodeField":"children",
                                              "@protoField":"skeleton"
                                            }
                                          }
                                      ]
                                    }
                                  }
                                ],
                              "-children":[
                                  { "Group":
                                    {
                                      "@DEF":"HumanoidGroup3",
                                      "@bboxCenter":[0, 0, 0],
                                      "@bboxSize":[-1, -1, -1],
                                      "@containerField":"children",
                                      "IS":[
                                          { "connect":
                                            {
                                              "@nodeField":"children",
                                              "@protoField":"viewpoints"
                                            }
                                          }
                                      ]
                                    }
                                  }
                                ]
                            }
                          }
                        ]
                      }
                    ]]
                  }
                ]
            }
          },
          { "ProtoDeclare":
            {
              "@appinfo":"The Joint node is used as a building block to describe the articulations of the humanoid figure. Each articulation of the humanoid figure is represented by a Joint node each of which is organized into a hierarchy that describes the overall skeleton of the humanoid.",
              "@documentation":"http://H-Anim.org/Specifications/H-Anim2001/part1/Joint.html",
              "@name":"Joint",
              "field:name":
              {
                "@accessType":"inputOutput",
                "@name":"name",
                "@type":"SFString"
              },
              "field:ulimit":
              {
                "@accessType":"inputOutput",
                "@name":"ulimit",
                "@type":"MFFloat"
              },
              "field:llimit":
              {
                "@accessType":"inputOutput",
                "@name":"llimit",
                "@type":"MFFloat"
              },
              "field:limitOrientation":
              {
                "@accessType":"inputOutput",
                "@name":"limitOrientation",
                "@type":"SFRotation",
                "@value":[0, 0, 1, 0]
              },
              "field:skinCoordIndex":
              {
                "@accessType":"inputOutput",
                "@name":"skinCoordIndex",
                "@type":"MFInt32"
              },
              "field:skinCoordWeight":
              {
                "@accessType":"inputOutput",
                "@name":"skinCoordWeight",
                "@type":"MFFloat"
              },
              "field:stiffness":
              {
                "@accessType":"inputOutput",
                "@name":"stiffness",
                "@type":"MFFloat",
                "@value":[0, 0, 0]
              },
              "field:translation":
              {
                "@accessType":"inputOutput",
                "@name":"translation",
                "@type":"SFVec3f",
                "@value":[0, 0, 0]
              },
              "field:rotation":
              {
                "@accessType":"inputOutput",
                "@name":"rotation",
                "@type":"SFRotation",
                "@value":[0, 0, 1, 0]
              },
              "field:scale":
              {
                "@accessType":"inputOutput",
                "@name":"scale",
                "@type":"SFVec3f",
                "@value":[1, 1, 1]
              },
              "field:scaleOrientation":
              {
                "@accessType":"inputOutput",
                "@name":"scaleOrientation",
                "@type":"SFRotation",
                "@value":[0, 0, 1, 0]
              },
              "field:center":
              {
                "@accessType":"inputOutput",
                "@name":"center",
                "@type":"SFVec3f",
                "@value":[0, 0, 0]
              },
              "field:bboxCenter":
              {
                "@accessType":"initializeOnly",
                "@name":"bboxCenter",
                "@type":"SFVec3f",
                "@value":[0, 0, 0]
              },
              "field:bboxSize":
              {
                "@accessType":"initializeOnly",
                "@name":"bboxSize",
                "@type":"SFVec3f",
                "@value":[-1, -1, -1]
              },
              "field:children":
              {
                "@accessType":"inputOutput",
                "@name":"children",
                "@type":"MFNode"
              },
              "field:addChildren":
              {
                "@accessType":"inputOnly",
                "@name":"addChildren",
                "@type":"MFNode"
              },
              "field:removeChildren":
              {
                "@accessType":"inputOnly",
                "@name":"removeChildren",
                "@type":"MFNode"
              },
              "-firstNodeType:children":[
                  { "ProtoBody":[[
                      { "-children":[
                          { "Transform":
                            {
                              "@DEF":"JointTransform",
                              "@center":[0, 0, 0],
                              "@rotation":[0, 0, 1, 0],
                              "@scale":[1, 1, 1],
                              "@scaleOrientation":[0, 0, 1, 0],
                              "@translation":[0, 0, 0],
                              "@bboxCenter":[0, 0, 0],
                              "@bboxSize":[-1, -1, -1],
                              "@containerField":"children",
                              "IS":[
                                  { "connect":
                                    {
                                      "@nodeField":"translation",
                                      "@protoField":"translation"
                                    }
                                  },
                                  { "connect":
                                    {
                                      "@nodeField":"rotation",
                                      "@protoField":"rotation"
                                    }
                                  },
                                  { "connect":
                                    {
                                      "@nodeField":"center",
                                      "@protoField":"center"
                                    }
                                  },
                                  { "connect":
                                    {
                                      "@nodeField":"scale",
                                      "@protoField":"scale"
                                    }
                                  },
                                  { "connect":
                                    {
                                      "@nodeField":"scaleOrientation",
                                      "@protoField":"scaleOrientation"
                                    }
                                  },
                                  { "connect":
                                    {
                                      "@nodeField":"bboxCenter",
                                      "@protoField":"bboxCenter"
                                    }
                                  },
                                  { "connect":
                                    {
                                      "@nodeField":"bboxSize",
                                      "@protoField":"bboxSize"
                                    }
                                  },
                                  { "connect":
                                    {
                                      "@nodeField":"children",
                                      "@protoField":"children"
                                    }
                                  },
                                  { "connect":
                                    {
                                      "@nodeField":"addChildren",
                                      "@protoField":"addChildren"
                                    }
                                  },
                                  { "connect":
                                    {
                                      "@nodeField":"removeChildren",
                                      "@protoField":"removeChildren"
                                    }
                                  }
                              ]
                            }
                          }
                        ]
                      }
                    ]]
                  }
                ]
            }
          },
          { "ProtoDeclare":
            {
              "@appinfo":"The Segment node is used describe the attributes of the physical links between the joints of the humanoid figure. Each body part (pelvis thigh calf etc.) of the humanoid figure is represented by a Segment node.",
              "@documentation":"http://H-Anim.org/Specifications/H-Anim2001/part1/Segment.html",
              "@name":"Segment",
              "field:name":
              {
                "@accessType":"inputOutput",
                "@name":"name",
                "@type":"SFString"
              },
              "field:mass":
              {
                "@accessType":"inputOutput",
                "@name":"mass",
                "@type":"SFFloat",
                "@value":0
              },
              "field:centerOfMass":
              {
                "@accessType":"inputOutput",
                "@name":"centerOfMass",
                "@type":"SFVec3f",
                "@value":[0, 0, 0]
              },
              "field:momentsOfInertia":
              {
                "@accessType":"inputOutput",
                "@name":"momentsOfInertia",
                "@type":"MFFloat",
                "@value":[0, 0, 0, 0, 0, 0, 0, 0, 0]
              },
              "field:bboxCenter":
              {
                "@accessType":"initializeOnly",
                "@name":"bboxCenter",
                "@type":"SFVec3f",
                "@value":[0, 0, 0]
              },
              "field:bboxSize":
              {
                "@accessType":"initializeOnly",
                "@name":"bboxSize",
                "@type":"SFVec3f",
                "@value":[-1, -1, -1]
              },
              "field:children":
              {
                "@accessType":"inputOutput",
                "@name":"children",
                "@type":"MFNode"
              },
              "field:addChildren":
              {
                "@accessType":"inputOnly",
                "@name":"addChildren",
                "@type":"MFNode"
              },
              "field:removeChildren":
              {
                "@accessType":"inputOnly",
                "@name":"removeChildren",
                "@type":"MFNode"
              },
              "field:coord":
              {
                "@accessType":"inputOutput",
                "@appinfo":"contains Coordinate nodes",
                "@name":"coord",
                "@type":"SFNode",
                "@value":"NULL"
              },
              "field:displacers":
              {
                "@accessType":"inputOutput",
                "@appinfo":"contains Displacer nodes",
                "@name":"displacers",
                "@type":"MFNode"
              },
              "-firstNodeType:children":[
                  { "ProtoBody":[[
                      { "-children":[
                          { "Group":
                            {
                              "@DEF":"SegmentGroup",
                              "@bboxCenter":[0, 0, 0],
                              "@bboxSize":[-1, -1, -1],
                              "@containerField":"children",
                              "IS":[
                                  { "connect":
                                    {
                                      "@nodeField":"bboxCenter",
                                      "@protoField":"bboxCenter"
                                    }
                                  },
                                  { "connect":
                                    {
                                      "@nodeField":"bboxSize",
                                      "@protoField":"bboxSize"
                                    }
                                  },
                                  { "connect":
                                    {
                                      "@nodeField":"children",
                                      "@protoField":"children"
                                    }
                                  },
                                  { "connect":
                                    {
                                      "@nodeField":"addChildren",
                                      "@protoField":"addChildren"
                                    }
                                  },
                                  { "connect":
                                    {
                                      "@nodeField":"removeChildren",
                                      "@protoField":"removeChildren"
                                    }
                                  }
                              ]
                            }
                          }
                        ]
                      }
                    ]]
                  }
                ]
            }
          },
          { "ProtoDeclare":
            {
              "@appinfo":[The, Site, node, can, be, used, for, three, purposes:, (a), to, define, an, "end, effector", location, which, can, be, used, by, an, inverse, kinematics, system, (b), to, define, an, attachment, point, for, accessories, such, as, jewelry, and, clothing, and, (c), to, define, a, location, for, a, virtual, camera, in, the, reference, frame, of, a, Segment, node, (such, as, a, view, "through, the, eyes", of, the, humanoid, for, use, in, multi-user, worlds).],
              "@documentation":"http://H-Anim.org/Specifications/H-Anim2001/part1/Site.html",
              "@name":"Site",
              "field:name":
              {
                "@accessType":"inputOutput",
                "@name":"name",
                "@type":"SFString"
              },
              "field:translation":
              {
                "@accessType":"inputOutput",
                "@name":"translation",
                "@type":"SFVec3f",
                "@value":[0, 0, 0]
              },
              "field:rotation":
              {
                "@accessType":"inputOutput",
                "@name":"rotation",
                "@type":"SFRotation",
                "@value":[0, 0, 1, 0]
              },
              "field:scale":
              {
                "@accessType":"inputOutput",
                "@name":"scale",
                "@type":"SFVec3f",
                "@value":[1, 1, 1]
              },
              "field:scaleOrientation":
              {
                "@accessType":"inputOutput",
                "@name":"scaleOrientation",
                "@type":"SFRotation",
                "@value":[0, 0, 1, 0]
              },
              "field:center":
              {
                "@accessType":"inputOutput",
                "@name":"center",
                "@type":"SFVec3f",
                "@value":[0, 0, 0]
              },
              "field:bboxCenter":
              {
                "@accessType":"initializeOnly",
                "@name":"bboxCenter",
                "@type":"SFVec3f",
                "@value":[0, 0, 0]
              },
              "field:bboxSize":
              {
                "@accessType":"initializeOnly",
                "@name":"bboxSize",
                "@type":"SFVec3f",
                "@value":[-1, -1, -1]
              },
              "field:children":
              {
                "@accessType":"inputOutput",
                "@name":"children",
                "@type":"MFNode"
              },
              "field:addChildren":
              {
                "@accessType":"inputOnly",
                "@name":"addChildren",
                "@type":"MFNode"
              },
              "field:removeChildren":
              {
                "@accessType":"inputOnly",
                "@name":"removeChildren",
                "@type":"MFNode"
              },
              "-firstNodeType:children":[
                  { "ProtoBody":[[
                      { "-children":[
                          { "Transform":
                            {
                              "@DEF":"SiteTransform",
                              "@center":[0, 0, 0],
                              "@rotation":[0, 0, 1, 0],
                              "@scale":[1, 1, 1],
                              "@scaleOrientation":[0, 0, 1, 0],
                              "@translation":[0, 0, 0],
                              "@bboxCenter":[0, 0, 0],
                              "@bboxSize":[-1, -1, -1],
                              "@containerField":"children",
                              "IS":[
                                  { "connect":
                                    {
                                      "@nodeField":"translation",
                                      "@protoField":"translation"
                                    }
                                  },
                                  { "connect":
                                    {
                                      "@nodeField":"rotation",
                                      "@protoField":"rotation"
                                    }
                                  },
                                  { "connect":
                                    {
                                      "@nodeField":"center",
                                      "@protoField":"center"
                                    }
                                  },
                                  { "connect":
                                    {
                                      "@nodeField":"scale",
                                      "@protoField":"scale"
                                    }
                                  },
                                  { "connect":
                                    {
                                      "@nodeField":"scaleOrientation",
                                      "@protoField":"scaleOrientation"
                                    }
                                  },
                                  { "connect":
                                    {
                                      "@nodeField":"bboxCenter",
                                      "@protoField":"bboxCenter"
                                    }
                                  },
                                  { "connect":
                                    {
                                      "@nodeField":"bboxSize",
                                      "@protoField":"bboxSize"
                                    }
                                  },
                                  { "connect":
                                    {
                                      "@nodeField":"children",
                                      "@protoField":"children"
                                    }
                                  },
                                  { "connect":
                                    {
                                      "@nodeField":"addChildren",
                                      "@protoField":"addChildren"
                                    }
                                  },
                                  { "connect":
                                    {
                                      "@nodeField":"removeChildren",
                                      "@protoField":"removeChildren"
                                    }
                                  }
                              ]
                            }
                          }
                        ]
                      }
                    ]]
                  }
                ]
            }
          },
          { "ProtoDeclare":
            {
              "@appinfo":"A Displacer can be used in three different ways: (a) identify the vertices corresponding to a particular feature on a Segment (b) represent a particular muscular action which displaces the vertices in various directions (linearly or radially) and (c) represent a complete configuration of the vertices in a Segment.",
              "@documentation":"http://H-Anim.org/Specifications/H-Anim2001/part1/Displacer.html",
              "@name":"Displacer",
              "field:name":
              {
                "@accessType":"inputOutput",
                "@name":"name",
                "@type":"SFString"
              },
              "field:coordIndex":
              {
                "@accessType":"inputOutput",
                "@name":"coordIndex",
                "@type":"MFInt32"
              },
              "field:displacements":
              {
                "@accessType":"inputOutput",
                "@name":"displacements",
                "@type":"MFVec3f"
              },
              "-firstNodeType:children":[
                  { "ProtoBody":[[
                      { "-children":[
                          { "WorldInfo":
                            {
                              "@info":["null, body, node"],
                              "@containerField":"children"
                            }
                          }
                        ]
                      }
                    ]]
                  }
                ]
            }
          },
          { "-children":[
              { "Shape":
                {
                  "@containerField":"children",
                  "@bboxCenter":[0, 0, 0],
                  "@bboxSize":[-1, -1, -1],
                  "-geometry":[
                      { "Text":
                        {
                          "@string":["HAnim, prototype, definitions"],
                          "@maxExtent":0.0,
                          "@solid":false,
                          "@containerField":"geometry",
                          "-fontStyle":[
                              { "FontStyle":
                                {
                                  "@justify":["MIDDLE", "MIDDLE"],
                                  "@family":["SERIF"],
                                  "@horizontal":true,
                                  "@leftToRight":true,
                                  "@size":1.0,
                                  "@spacing":1.0,
                                  "@style":"PLAIN",
                                  "@topToBottom":true,
                                  "@containerField":"fontStyle"
                                }
                              }
                            ]
                        }
                      }
                    ],
                  "-appearance":[
                      { "Appearance":
                        {
                          "@containerField":"appearance",
                          "-material":[
                              { "Material":
                                {
                                  "@ambientIntensity":0.25,
                                  "@diffuseColor":[0.795918, 0.505869, 0.093315],
                                  "@shininess":0.39,
                                  "@specularColor":[0.923469, 0.428866, 0.006369],
                                  "@emissiveColor":[0, 0, 0],
                                  "@transparency":0,
                                  "@containerField":"material",
                                  "#comment":"Universal Media Library: Autumn 9"
                                }
                              }
                            ]
                        }
                      }
                    ]
                }
              }
            ]
          }
      ]
    }
  ]
 }
]
