[
 { "X3D":[
    {
      "@profile":"Immersive",
      "@version":3.0,
      "@xsd:noNamespaceSchemaLocation":"http://www.web3d.org/specifications/x3d-3.0.xsd",
      "head":[
          { "meta":
            {
              "@content":"LOA1_StopAnimation.x3d",
              "@name":"title"
            }
          },
          { "meta":
            {
              "@content":"Humanoid animation prototype reusable by any Humanoid.",
              "@name":"description"
            }
          },
          { "meta":
            {
              "@content":"Cindy Ballreich cindy@ballreich.net 3Name3D, Joe Williams, Don Brutzman",
              "@name":"creator"
            }
          },
          { "meta":
            {
              "@content":"1997 3Name3D / Yglesias, Wallock, Divekar, Inc., all rights reserved.",
              "@name":"rights"
            }
          },
          { "meta":
            {
              "@content":"Ozan APAYDIN",
              "@name":"translator"
            }
          },
          { "meta":
            {
              "@content":"1 December 2001",
              "@name":"created"
            }
          },
          { "meta":
            {
              "@content":"27 June 2013",
              "@name":"modified"
            }
          },
          { "meta":
            {
              "@content":"http://www.ballreich.net/vrml/h-anim/nancy_h-anim.wrl",
              "@name":"reference"
            }
          },
          { "meta":
            {
              "@content":"http://www.h-anim.org",
              "@name":"reference"
            }
          },
          { "meta":
            {
              "@content":"http://h-anim.org/Models",
              "@name":"reference"
            }
          },
          { "meta":
            {
              "@content":"http://h-anim.org/Nodes",
              "@name":"reference"
            }
          },
          { "meta":
            {
              "@content":"Nancy Stand Animation H-Anim 2001",
              "@name":"subject"
            }
          },
          { "meta":
            {
              "@content":"http://www.web3d.org/x3d/content/examples/Basic/HumanoidAnimation/LOA1_StopAnimation.x3d",
              "@name":"identifier"
            }
          },
          { "meta":
            {
              "@content":"X3D-Edit 3.3, https://savage.nps.edu/X3D-Edit",
              "@name":"generator"
            }
          },
          { "meta":
            {
              "@content":"../license.html",
              "@name":"license"
            }
          }
      ],
      "Scene":[
          { "ProtoDeclare":
            {
              "@name":"LOA1_StopAnimation",
              "field:cycleInterval":
              {
                "@accessType":"inputOutput",
                "@name":"cycleInterval",
                "@type":"SFTime",
                "@value":0.009999999776482582
              },
              "field:enabled":
              {
                "@accessType":"inputOutput",
                "@name":"enabled",
                "@type":"SFBool",
                "@value":true
              },
              "field:loop":
              {
                "@accessType":"inputOutput",
                "@name":"loop",
                "@type":"SFBool",
                "@value":true
              },
              "field:startTime":
              {
                "@accessType":"inputOutput",
                "@name":"startTime",
                "@type":"SFTime",
                "@value":0
              },
              "field:stopTime":
              {
                "@accessType":"inputOutput",
                "@name":"stopTime",
                "@type":"SFTime",
                "@value":-1
              },
              "field:fraction_changed":
              {
                "@accessType":"outputOnly",
                "@name":"fraction_changed",
                "@type":"SFFloat"
              },
              "field:isActive":
              {
                "@accessType":"outputOnly",
                "@name":"isActive",
                "@type":"SFBool"
              },
              "field:HumanoidRoot_translation_changed":
              {
                "@accessType":"outputOnly",
                "@name":"HumanoidRoot_translation_changed",
                "@type":"SFVec3f"
              },
              "field:HumanoidRoot_rotation_changed":
              {
                "@accessType":"outputOnly",
                "@name":"HumanoidRoot_rotation_changed",
                "@type":"SFRotation"
              },
              "field:lower_body_rotation_changed":
              {
                "@accessType":"outputOnly",
                "@name":"lower_body_rotation_changed",
                "@type":"SFRotation"
              },
              "field:l_hip_rotation_changed":
              {
                "@accessType":"outputOnly",
                "@name":"l_hip_rotation_changed",
                "@type":"SFRotation"
              },
              "field:l_knee_rotation_changed":
              {
                "@accessType":"outputOnly",
                "@name":"l_knee_rotation_changed",
                "@type":"SFRotation"
              },
              "field:l_ankle_rotation_changed":
              {
                "@accessType":"outputOnly",
                "@name":"l_ankle_rotation_changed",
                "@type":"SFRotation"
              },
              "field:l_midtarsal_rotation_changed":
              {
                "@accessType":"outputOnly",
                "@name":"l_midtarsal_rotation_changed",
                "@type":"SFRotation"
              },
              "field:r_hip_rotation_changed":
              {
                "@accessType":"outputOnly",
                "@name":"r_hip_rotation_changed",
                "@type":"SFRotation"
              },
              "field:r_knee_rotation_changed":
              {
                "@accessType":"outputOnly",
                "@name":"r_knee_rotation_changed",
                "@type":"SFRotation"
              },
              "field:r_ankle_rotation_changed":
              {
                "@accessType":"outputOnly",
                "@name":"r_ankle_rotation_changed",
                "@type":"SFRotation"
              },
              "field:r_midtarsal_rotation_changed":
              {
                "@accessType":"outputOnly",
                "@name":"r_midtarsal_rotation_changed",
                "@type":"SFRotation"
              },
              "field:vl5_rotation_changed":
              {
                "@accessType":"outputOnly",
                "@name":"vl5_rotation_changed",
                "@type":"SFRotation"
              },
              "field:skullbase_rotation_changed":
              {
                "@accessType":"outputOnly",
                "@name":"skullbase_rotation_changed",
                "@type":"SFRotation"
              },
              "field:l_shoulder_rotation_changed":
              {
                "@accessType":"outputOnly",
                "@name":"l_shoulder_rotation_changed",
                "@type":"SFRotation"
              },
              "field:l_elbow_rotation_changed":
              {
                "@accessType":"outputOnly",
                "@name":"l_elbow_rotation_changed",
                "@type":"SFRotation"
              },
              "field:l_wrist_rotation_changed":
              {
                "@accessType":"outputOnly",
                "@name":"l_wrist_rotation_changed",
                "@type":"SFRotation"
              },
              "field:r_shoulder_rotation_changed":
              {
                "@accessType":"outputOnly",
                "@name":"r_shoulder_rotation_changed",
                "@type":"SFRotation"
              },
              "field:r_elbow_rotation_changed":
              {
                "@accessType":"outputOnly",
                "@name":"r_elbow_rotation_changed",
                "@type":"SFRotation"
              },
              "field:r_wrist_rotation_changed":
              {
                "@accessType":"outputOnly",
                "@name":"r_wrist_rotation_changed",
                "@type":"SFRotation"
              },
              "-firstNodeType:children":[
                  { "ProtoBody":[[
                      { "-children":[
                          { "Group":
                            {
                              "@bboxCenter":[0, 0, 0],
                              "@bboxSize":[-1, -1, -1],
                              "@containerField":"children",
                              "-children":[
                                  { "TimeSensor":
                                    {
                                      "@DEF":"TIMER",
                                      "@cycleInterval":1.0,
                                      "@enabled":true,
                                      "@loop":false,
                                      "@startTime":0,
                                      "@stopTime":0,
                                      "@pauseTime":0,
                                      "@resumeTime":0,
                                      "@containerField":"children",
                                      "IS":[
                                          { "connect":
                                            {
                                              "@nodeField":"cycleInterval",
                                              "@protoField":"cycleInterval"
                                            }
                                          },
                                          { "connect":
                                            {
                                              "@nodeField":"enabled",
                                              "@protoField":"enabled"
                                            }
                                          },
                                          { "connect":
                                            {
                                              "@nodeField":"loop",
                                              "@protoField":"loop"
                                            }
                                          },
                                          { "connect":
                                            {
                                              "@nodeField":"startTime",
                                              "@protoField":"startTime"
                                            }
                                          },
                                          { "connect":
                                            {
                                              "@nodeField":"stopTime",
                                              "@protoField":"stopTime"
                                            }
                                          },
                                          { "connect":
                                            {
                                              "@nodeField":"fraction_changed",
                                              "@protoField":"fraction_changed"
                                            }
                                          },
                                          { "connect":
                                            {
                                              "@nodeField":"isActive",
                                              "@protoField":"isActive"
                                            }
                                          }
                                      ]
                                    }
                                  }
                                ],
                              "-children":[
                                  { "PositionInterpolator":
                                    {
                                      "@DEF":"HUMANOIDROOT_POSITION_ANIMATOR",
                                      "@key":[0.0, 1.0],
                                      "@keyValue":[0.0, 0.0, 0.0, 0.0, 0.0, 0.0],
                                      "@containerField":"children",
                                      "IS":[
                                          { "connect":
                                            {
                                              "@nodeField":"value_changed",
                                              "@protoField":"HumanoidRoot_translation_changed"
                                            }
                                          }
                                      ]
                                    }
                                  }
                                ],
                              "-children":[
                                  { "OrientationInterpolator":
                                    {
                                      "@DEF":"HUMANOIDROOT_ANIMATOR",
                                      "@key":[0.0, 1.0],
                                      "@keyValue":[0.0, 0.0, 1.0, 0.0, 0.0, 0.0, 1.0, 0.0],
                                      "@containerField":"children",
                                      "IS":[
                                          { "connect":
                                            {
                                              "@nodeField":"value_changed",
                                              "@protoField":"HumanoidRoot_rotation_changed"
                                            }
                                          }
                                      ]
                                    }
                                  }
                                ],
                              "-children":[
                                  { "OrientationInterpolator":
                                    {
                                      "@DEF":"SACROILIAC_ANIMATOR",
                                      "@key":[0.0, 1.0],
                                      "@keyValue":[0.0, 0.0, 1.0, 0.0, 0.0, 0.0, 1.0, 0.0],
                                      "@containerField":"children",
                                      "IS":[
                                          { "connect":
                                            {
                                              "@nodeField":"value_changed",
                                              "@protoField":"lower_body_rotation_changed"
                                            }
                                          }
                                      ]
                                    }
                                  }
                                ],
                              "-children":[
                                  { "OrientationInterpolator":
                                    {
                                      "@DEF":"L_HIP_ANIMATOR",
                                      "@key":[0.0, 1.0],
                                      "@keyValue":[0.0, 0.0, 1.0, 0.0, 0.0, 0.0, 1.0, 0.0],
                                      "@containerField":"children",
                                      "IS":[
                                          { "connect":
                                            {
                                              "@nodeField":"value_changed",
                                              "@protoField":"l_hip_rotation_changed"
                                            }
                                          }
                                      ]
                                    }
                                  }
                                ],
                              "-children":[
                                  { "OrientationInterpolator":
                                    {
                                      "@DEF":"L_KNEE_ANIMATOR",
                                      "@key":[0.0, 1.0],
                                      "@keyValue":[0.0, 0.0, 1.0, 0.0, 0.0, 0.0, 1.0, 0.0],
                                      "@containerField":"children",
                                      "IS":[
                                          { "connect":
                                            {
                                              "@nodeField":"value_changed",
                                              "@protoField":"l_knee_rotation_changed"
                                            }
                                          }
                                      ]
                                    }
                                  }
                                ],
                              "-children":[
                                  { "OrientationInterpolator":
                                    {
                                      "@DEF":"L_ANKLE_ANIMATOR",
                                      "@key":[0.0, 1.0],
                                      "@keyValue":[0.0, 0.0, 1.0, 0.0, 0.0, 0.0, 1.0, 0.0],
                                      "@containerField":"children",
                                      "IS":[
                                          { "connect":
                                            {
                                              "@nodeField":"value_changed",
                                              "@protoField":"l_ankle_rotation_changed"
                                            }
                                          }
                                      ]
                                    }
                                  }
                                ],
                              "-children":[
                                  { "OrientationInterpolator":
                                    {
                                      "@DEF":"L_MIDTARSAL_ANIMATOR",
                                      "@key":[0.0, 1.0],
                                      "@keyValue":[1, 0, 0, 0, 1, 0, 0, 0],
                                      "@containerField":"children",
                                      "IS":[
                                          { "connect":
                                            {
                                              "@nodeField":"value_changed",
                                              "@protoField":"l_midtarsal_rotation_changed"
                                            }
                                          }
                                      ]
                                    }
                                  }
                                ],
                              "-children":[
                                  { "OrientationInterpolator":
                                    {
                                      "@DEF":"R_HIP_ANIMATOR",
                                      "@key":[0.0, 1.0],
                                      "@keyValue":[0.0, 0.0, 1.0, 0.0, 0.0, 0.0, 1.0, 0.0],
                                      "@containerField":"children",
                                      "IS":[
                                          { "connect":
                                            {
                                              "@nodeField":"value_changed",
                                              "@protoField":"r_hip_rotation_changed"
                                            }
                                          }
                                      ]
                                    }
                                  }
                                ],
                              "-children":[
                                  { "OrientationInterpolator":
                                    {
                                      "@DEF":"R_KNEE_ANIMATOR",
                                      "@key":[0.0, 1.0],
                                      "@keyValue":[0.0, 0.0, 1.0, 0.0, 0.0, 0.0, 1.0, 0.0],
                                      "@containerField":"children",
                                      "IS":[
                                          { "connect":
                                            {
                                              "@nodeField":"value_changed",
                                              "@protoField":"r_knee_rotation_changed"
                                            }
                                          }
                                      ]
                                    }
                                  }
                                ],
                              "-children":[
                                  { "OrientationInterpolator":
                                    {
                                      "@DEF":"R_ANKLE_ANIMATOR",
                                      "@key":[0.0, 1.0],
                                      "@keyValue":[0.0, 0.0, 1.0, 0.0, 0.0, 0.0, 1.0, 0.0],
                                      "@containerField":"children",
                                      "IS":[
                                          { "connect":
                                            {
                                              "@nodeField":"value_changed",
                                              "@protoField":"r_ankle_rotation_changed"
                                            }
                                          }
                                      ]
                                    }
                                  }
                                ],
                              "-children":[
                                  { "OrientationInterpolator":
                                    {
                                      "@DEF":"R_MIDTARSAL_ANIMATOR",
                                      "@key":[0.0, 1.0],
                                      "@keyValue":[1, 0, 0, 0, 1, 0, 0, 0],
                                      "@containerField":"children",
                                      "IS":[
                                          { "connect":
                                            {
                                              "@nodeField":"value_changed",
                                              "@protoField":"r_midtarsal_rotation_changed"
                                            }
                                          }
                                      ]
                                    }
                                  }
                                ],
                              "-children":[
                                  { "OrientationInterpolator":
                                    {
                                      "@DEF":"VL5_ANIMATOR",
                                      "@key":[0.0, 1.0],
                                      "@keyValue":[0.0, 0.0, 1.0, 0.0, 0.0, 0.0, 1.0, 0.0],
                                      "@containerField":"children",
                                      "IS":[
                                          { "connect":
                                            {
                                              "@nodeField":"value_changed",
                                              "@protoField":"vl5_rotation_changed"
                                            }
                                          }
                                      ]
                                    }
                                  }
                                ],
                              "-children":[
                                  { "OrientationInterpolator":
                                    {
                                      "@DEF":"SKULLBASE_ANIMATOR",
                                      "@key":[0.0, 1.0],
                                      "@keyValue":[0.0, 0.0, 1.0, 0.0, 0.0, 0.0, 1.0, 0.0],
                                      "@containerField":"children",
                                      "IS":[
                                          { "connect":
                                            {
                                              "@nodeField":"value_changed",
                                              "@protoField":"skullbase_rotation_changed"
                                            }
                                          }
                                      ]
                                    }
                                  }
                                ],
                              "-children":[
                                  { "OrientationInterpolator":
                                    {
                                      "@DEF":"L_SHOULDER_ANIMATOR",
                                      "@key":[0.0, 1.0],
                                      "@keyValue":[0.0, 0.0, 1.0, 0.0, 0.0, 0.0, 1.0, 0.0],
                                      "@containerField":"children",
                                      "IS":[
                                          { "connect":
                                            {
                                              "@nodeField":"value_changed",
                                              "@protoField":"l_shoulder_rotation_changed"
                                            }
                                          }
                                      ]
                                    }
                                  }
                                ],
                              "-children":[
                                  { "OrientationInterpolator":
                                    {
                                      "@DEF":"L_ELBOW_ANIMATOR",
                                      "@key":[0.0, 1.0],
                                      "@keyValue":[0.0, 0.0, 1.0, 0.0, 0.0, 0.0, 1.0, 0.0],
                                      "@containerField":"children",
                                      "IS":[
                                          { "connect":
                                            {
                                              "@nodeField":"value_changed",
                                              "@protoField":"l_elbow_rotation_changed"
                                            }
                                          }
                                      ]
                                    }
                                  }
                                ],
                              "-children":[
                                  { "OrientationInterpolator":
                                    {
                                      "@DEF":"L_WRIST_ANIMATOR",
                                      "@key":[0.0, 1.0],
                                      "@keyValue":[0.0, 0.0, 1.0, 0.0, 0.0, 0.0, 1.0, 0.0],
                                      "@containerField":"children",
                                      "IS":[
                                          { "connect":
                                            {
                                              "@nodeField":"value_changed",
                                              "@protoField":"l_wrist_rotation_changed"
                                            }
                                          }
                                      ]
                                    }
                                  }
                                ],
                              "-children":[
                                  { "OrientationInterpolator":
                                    {
                                      "@DEF":"R_SHOULDER_ANIMATOR",
                                      "@key":[0.0, 1.0],
                                      "@keyValue":[0.0, 0.0, 1.0, 0.0, 0.0, 0.0, 1.0, 0.0],
                                      "@containerField":"children",
                                      "IS":[
                                          { "connect":
                                            {
                                              "@nodeField":"value_changed",
                                              "@protoField":"r_shoulder_rotation_changed"
                                            }
                                          }
                                      ]
                                    }
                                  }
                                ],
                              "-children":[
                                  { "OrientationInterpolator":
                                    {
                                      "@DEF":"R_ELBOW_ANIMATOR",
                                      "@key":[0.0, 1.0],
                                      "@keyValue":[0.0, 0.0, 1.0, 0.0, 0.0, 0.0, 1.0, 0.0],
                                      "@containerField":"children",
                                      "IS":[
                                          { "connect":
                                            {
                                              "@nodeField":"value_changed",
                                              "@protoField":"r_elbow_rotation_changed"
                                            }
                                          }
                                      ]
                                    }
                                  }
                                ],
                              "-children":[
                                  { "OrientationInterpolator":
                                    {
                                      "@DEF":"R_WRIST_ANIMATOR",
                                      "@key":[0.0, 1.0],
                                      "@keyValue":[0.0, 0.0, 1.0, 0.0, 0.0, 0.0, 1.0, 0.0],
                                      "@containerField":"children",
                                      "IS":[
                                          { "connect":
                                            {
                                              "@nodeField":"value_changed",
                                              "@protoField":"r_wrist_rotation_changed"
                                            }
                                          }
                                      ]
                                    }
                                  }
                                ]
                            }
                          }
                        ]
                      },
                      { "ROUTE":
                        {
                          "@fromField":"fraction_changed",
                          "@fromNode":"TIMER",
                          "@toField":"set_fraction",
                          "@toNode":"HUMANOIDROOT_POSITION_ANIMATOR"
                        }
                      },
                      { "ROUTE":
                        {
                          "@fromField":"fraction_changed",
                          "@fromNode":"TIMER",
                          "@toField":"set_fraction",
                          "@toNode":"HUMANOIDROOT_ANIMATOR"
                        }
                      },
                      { "ROUTE":
                        {
                          "@fromField":"fraction_changed",
                          "@fromNode":"TIMER",
                          "@toField":"set_fraction",
                          "@toNode":"SACROILIAC_ANIMATOR"
                        }
                      },
                      { "ROUTE":
                        {
                          "@fromField":"fraction_changed",
                          "@fromNode":"TIMER",
                          "@toField":"set_fraction",
                          "@toNode":"L_HIP_ANIMATOR"
                        }
                      },
                      { "ROUTE":
                        {
                          "@fromField":"fraction_changed",
                          "@fromNode":"TIMER",
                          "@toField":"set_fraction",
                          "@toNode":"L_KNEE_ANIMATOR"
                        }
                      },
                      { "ROUTE":
                        {
                          "@fromField":"fraction_changed",
                          "@fromNode":"TIMER",
                          "@toField":"set_fraction",
                          "@toNode":"L_ANKLE_ANIMATOR"
                        }
                      },
                      { "ROUTE":
                        {
                          "@fromField":"fraction_changed",
                          "@fromNode":"TIMER",
                          "@toField":"set_fraction",
                          "@toNode":"L_MIDTARSAL_ANIMATOR"
                        }
                      },
                      { "ROUTE":
                        {
                          "@fromField":"fraction_changed",
                          "@fromNode":"TIMER",
                          "@toField":"set_fraction",
                          "@toNode":"R_HIP_ANIMATOR"
                        }
                      },
                      { "ROUTE":
                        {
                          "@fromField":"fraction_changed",
                          "@fromNode":"TIMER",
                          "@toField":"set_fraction",
                          "@toNode":"R_KNEE_ANIMATOR"
                        }
                      },
                      { "ROUTE":
                        {
                          "@fromField":"fraction_changed",
                          "@fromNode":"TIMER",
                          "@toField":"set_fraction",
                          "@toNode":"R_ANKLE_ANIMATOR"
                        }
                      },
                      { "ROUTE":
                        {
                          "@fromField":"fraction_changed",
                          "@fromNode":"TIMER",
                          "@toField":"set_fraction",
                          "@toNode":"R_MIDTARSAL_ANIMATOR"
                        }
                      },
                      { "ROUTE":
                        {
                          "@fromField":"fraction_changed",
                          "@fromNode":"TIMER",
                          "@toField":"set_fraction",
                          "@toNode":"VL5_ANIMATOR"
                        }
                      },
                      { "ROUTE":
                        {
                          "@fromField":"fraction_changed",
                          "@fromNode":"TIMER",
                          "@toField":"set_fraction",
                          "@toNode":"SKULLBASE_ANIMATOR"
                        }
                      },
                      { "ROUTE":
                        {
                          "@fromField":"fraction_changed",
                          "@fromNode":"TIMER",
                          "@toField":"set_fraction",
                          "@toNode":"L_SHOULDER_ANIMATOR"
                        }
                      },
                      { "ROUTE":
                        {
                          "@fromField":"fraction_changed",
                          "@fromNode":"TIMER",
                          "@toField":"set_fraction",
                          "@toNode":"L_ELBOW_ANIMATOR"
                        }
                      },
                      { "ROUTE":
                        {
                          "@fromField":"fraction_changed",
                          "@fromNode":"TIMER",
                          "@toField":"set_fraction",
                          "@toNode":"L_WRIST_ANIMATOR"
                        }
                      },
                      { "ROUTE":
                        {
                          "@fromField":"fraction_changed",
                          "@fromNode":"TIMER",
                          "@toField":"set_fraction",
                          "@toNode":"R_SHOULDER_ANIMATOR"
                        }
                      },
                      { "ROUTE":
                        {
                          "@fromField":"fraction_changed",
                          "@fromNode":"TIMER",
                          "@toField":"set_fraction",
                          "@toNode":"R_ELBOW_ANIMATOR"
                        }
                      },
                      { "ROUTE":
                        {
                          "@fromField":"fraction_changed",
                          "@fromNode":"TIMER",
                          "@toField":"set_fraction",
                          "@toNode":"R_WRIST_ANIMATOR"
                        }
                      }
                    ]]
                  }
                ]
            }
          },
          { "#comment":"======================================" },
          { "#comment":"Point to example use in case someone inspects this file" },
          { "-children":[
              { "Anchor":
                {
                  "@description":"InterchangableActorsViaDynamicRouting",
                  "@parameter":["target=_blank"],
                  "@url":["InterchangableActorsViaDynamicRouting.x3d", "http://www.web3d.org/x3d/content/examples/Basic/HumanoidAnimation/InterchangableActorsViaDynamicRouting.x3d", "InterchangableActorsViaDynamicRouting.wrl", "http://www.web3d.org/x3d/content/examples/Basic/HumanoidAnimation/InterchangableActorsViaDynamicRouting.wrl"],
                  "@bboxCenter":[0, 0, 0],
                  "@bboxSize":[-1, -1, -1],
                  "@containerField":"children",
                  "-children":[
                      { "Shape":
                        {
                          "@containerField":"children",
                          "@bboxCenter":[0, 0, 0],
                          "@bboxSize":[-1, -1, -1],
                          "-geometry":[
                              { "Text":
                                {
                                  "@string":["LOA1_StopAnimation.x3d", "defines, a, prototype", "for, animating, a, humanoid.", "", "Click, this, text, to, see", "InterchangableActorsViaDynamicRouting, example."],
                                  "@maxExtent":0.0,
                                  "@solid":false,
                                  "@containerField":"geometry",
                                  "-fontStyle":[
                                      { "FontStyle":
                                        {
                                          "@justify":["MIDDLE", "MIDDLE"],
                                          "@size":0.8,
                                          "@family":["SERIF"],
                                          "@horizontal":true,
                                          "@leftToRight":true,
                                          "@spacing":1.0,
                                          "@style":"PLAIN",
                                          "@topToBottom":true,
                                          "@containerField":"fontStyle"
                                        }
                                      }
                                    ]
                                }
                              }
                            ],
                          "-appearance":[
                              { "Appearance":
                                {
                                  "@containerField":"appearance",
                                  "-material":[
                                      { "Material":
                                        {
                                          "@diffuseColor":[1, 1, 0.2],
                                          "@ambientIntensity":0.2,
                                          "@emissiveColor":[0, 0, 0],
                                          "@shininess":0.2,
                                          "@specularColor":[0, 0, 0],
                                          "@transparency":0,
                                          "@containerField":"material"
                                        }
                                      }
                                    ]
                                }
                              }
                            ]
                        }
                      }
                    ]
                }
              }
            ]
          }
      ]
    }
  ]
 }
]
