[
 { "X3D":[
    {
      "@profile":"Immersive",
      "@version":3.0,
      "@xsd:noNamespaceSchemaLocation":"http://www.web3d.org/specifications/x3d-3.0.xsd",
      "head":[
          { "meta":
            {
              "@content":"MaskAndSnorkel.x3d",
              "@name":"title"
            }
          },
          { "meta":
            {
              "@content":"Diving mask and snorkel tube.",
              "@name":"description"
            }
          },
          { "meta":
            {
              "@content":"Etsuko Lippi",
              "@name":"creator"
            }
          },
          { "meta":
            {
              "@content":"January 24, 2001",
              "@name":"created"
            }
          },
          { "meta":
            {
              "@content":"October 10, 2002",
              "@name":"modified"
            }
          },
          { "meta":
            {
              "@content":"http://www.web3d.org/x3d/content/examples/Basic/HumanoidAnimation/MaskAndSnorkel.x3d",
              "@name":"identifier"
            }
          },
          { "meta":
            {
              "@content":"X3D-Edit 3.3, https://savage.nps.edu/X3D-Edit",
              "@name":"generator"
            }
          },
          { "meta":
            {
              "@content":"../license.html",
              "@name":"license"
            }
          }
      ],
      "Scene":[
          { "-children":[
              { "Background":
                {
                  "@skyColor":[0, 0, 0.9],
                  "@containerField":"children"
                }
              }
            ]
          },
          { "-children":[
              { "Transform":
                {
                  "@DEF":"maskAndSnorkel",
                  "@center":[0, 0, 0],
                  "@rotation":[0, 0, 1, 0],
                  "@scale":[1, 1, 1],
                  "@scaleOrientation":[0, 0, 1, 0],
                  "@translation":[0, 0, 0],
                  "@bboxCenter":[0, 0, 0],
                  "@bboxSize":[-1, -1, -1],
                  "@containerField":"children",
                  "-children":[
                      { "Transform":
                        {
                          "@center":[0, 0, 0],
                          "@rotation":[0, 0, 1, 0],
                          "@scale":[1, 1, 1],
                          "@scaleOrientation":[0, 0, 1, 0],
                          "@translation":[0, 0, 0],
                          "@bboxCenter":[0, 0, 0],
                          "@bboxSize":[-1, -1, -1],
                          "@containerField":"children",
                          "-children":[
                              { "Shape":
                                {
                                  "@DEF":"maskFrame",
                                  "@containerField":"children",
                                  "@bboxCenter":[0, 0, 0],
                                  "@bboxSize":[-1, -1, -1],
                                  "-appearance":[
                                      { "Appearance":
                                        {
                                          "@containerField":"appearance",
                                          "-material":[
                                              { "Material":
                                                {
                                                  "@DEF":"frameColor",
                                                  "@diffuseColor":[0, 0, 0],
                                                  "@ambientIntensity":0.2,
                                                  "@emissiveColor":[0, 0, 0],
                                                  "@shininess":0.2,
                                                  "@specularColor":[0, 0, 0],
                                                  "@transparency":0,
                                                  "@containerField":"material"
                                                }
                                              }
                                            ]
                                        }
                                      }
                                    ],
                                  "-geometry":[
                                      { "IndexedFaceSet":
                                        {
                                          "@coordIndex":[0, 1, 13, 12, 0, -1, 1, 2, 14, 13, 1, -1, 2, 3, 15, 14, 2, -1, 3, 4, 16, 15, 3, -1, 4, 5, 17, 16, 4, -1, 5, 6, 18, 17, 5, -1, 18, 6, 25, 19, 0, 12, 18, -1, 0, 19, 20, 11, 0, -1, 10, 11, 20, 21, 10, -1, 9, 10, 21, 22, 9, -1, 8, 9, 22, 23, 8, -1, 23, 24, 7, 8, 23, -1, 6, 7, 24, 25, 6, -1],
                                          "@creaseAngle":1.45,
                                          "@solid":false,
                                          "@ccw":true,
                                          "@colorPerVertex":true,
                                          "@convex":true,
                                          "@normalPerVertex":true,
                                          "@containerField":"geometry",
                                          "-coord":[
                                              { "Coordinate":
                                                {
                                                  "@point":[0, 0.08, 0, 0.02, 0.05, 0, 0.05, 0.05, 0, 0.06, 0.06, 0, 0.06, 0.09, 0, 0.05, 0.1, 0, 0, 0.1, 0, -0.05, 0.1, 0, -0.06, 0.09, 0, -0.06, 0.06, 0, -0.05, 0.05, 0, -0.02, 0.05, 0, 0.005, 0.08, 0, 0.02, 0.055, 0, 0.05, 0.055, 0, 0.055, 0.06, 0, 0.055, 0.09, 0, 0.045, 0.095, 0, 0.005, 0.095, 0, -0.005, 0.08, 0, -0.02, 0.055, 0, -0.05, 0.055, 0, -0.055, 0.06, 0, -0.055, 0.09, 0, -0.045, 0.095, 0, -0.005, 0.095, 0],
                                                  "@containerField":"coord"
                                                }
                                              }
                                            ]
                                        }
                                      }
                                    ]
                                }
                              }
                            ]
                        }
                      }
                    ],
                  "-children":[
                      { "Transform":
                        {
                          "@DEF":"snorkelHoldRing",
                          "@translation":[0.075, 0.075, -0.02],
                          "@center":[0, 0, 0],
                          "@rotation":[0, 0, 1, 0],
                          "@scale":[1, 1, 1],
                          "@scaleOrientation":[0, 0, 1, 0],
                          "@bboxCenter":[0, 0, 0],
                          "@bboxSize":[-1, -1, -1],
                          "@containerField":"children",
                          "-children":[
                              { "Shape":
                                {
                                  "@containerField":"children",
                                  "@bboxCenter":[0, 0, 0],
                                  "@bboxSize":[-1, -1, -1],
                                  "-appearance":[
                                      { "Appearance":
                                        {
                                          "@containerField":"appearance",
                                          "-material":[
                                              { "Material":
                                                {
                                                  "@USE":"frameColor",
                                                  "@containerField":"material"
                                                }
                                              }
                                            ]
                                        }
                                      }
                                    ],
                                  "-geometry":[
                                      { "Cylinder":
                                        {
                                          "@height":0.003,
                                          "@radius":0.015,
                                          "@bottom":true,
                                          "@side":true,
                                          "@top":true,
                                          "@solid":true,
                                          "@containerField":"geometry"
                                        }
                                      }
                                    ]
                                }
                              }
                            ]
                        }
                      }
                    ],
                  "-children":[
                      { "Group":
                        {
                          "@DEF":"snorkel",
                          "@bboxCenter":[0, 0, 0],
                          "@bboxSize":[-1, -1, -1],
                          "@containerField":"children",
                          "-children":[
                              { "Transform":
                                {
                                  "@translation":[0, -0.02, 0],
                                  "@center":[0, 0, 0],
                                  "@rotation":[0, 0, 1, 0],
                                  "@scale":[1, 1, 1],
                                  "@scaleOrientation":[0, 0, 1, 0],
                                  "@bboxCenter":[0, 0, 0],
                                  "@bboxSize":[-1, -1, -1],
                                  "@containerField":"children",
                                  "-children":[
                                      { "Transform":
                                        {
                                          "@scale":[0.9, 0.9, 0.9],
                                          "@translation":[0.035, -0.07, -0.02],
                                          "@center":[0, 0, 0],
                                          "@rotation":[0, 0, 1, 0],
                                          "@scaleOrientation":[0, 0, 1, 0],
                                          "@bboxCenter":[0, 0, 0],
                                          "@bboxSize":[-1, -1, -1],
                                          "@containerField":"children",
                                          "-children":[
                                              { "Shape":
                                                {
                                                  "@containerField":"children",
                                                  "@bboxCenter":[0, 0, 0],
                                                  "@bboxSize":[-1, -1, -1],
                                                  "-appearance":[
                                                      { "Appearance":
                                                        {
                                                          "@containerField":"appearance",
                                                          "-material":[
                                                              { "Material":
                                                                {
                                                                  "@DEF":"snorkelTube",
                                                                  "@diffuseColor":[0.678, 1, 0.184],
                                                                  "@transparency":0.4,
                                                                  "@ambientIntensity":0.2,
                                                                  "@emissiveColor":[0, 0, 0],
                                                                  "@shininess":0.2,
                                                                  "@specularColor":[0, 0, 0],
                                                                  "@containerField":"material"
                                                                }
                                                              }
                                                            ]
                                                        }
                                                      }
                                                    ],
                                                  "-geometry":[
                                                      { "Extrusion":
                                                        {
                                                          "@crossSection":[0.0, 0.013, 0.00494, 0.01196, 0.00923, 0.00923, 0.01196, 0.00494, 0.013, 0.00, 0.01196, -0.00494, 0.00923, -0.00923, 0.00494, -0.01196, 0.00, 0.013, -0.00494, -0.01196, -0.00923, -0.00923, -0.01196, -0.00494, -0.013, -0.0, -0.01196, 0.00494, -0.00923, 0.00923, -0.00494, 0.01196, 0.00, 0.013],
                                                          "@spine":[-0.01, -0.04, 0, 0, 0, 0, 0.03, 0.05, 0, 0.05, 0.2, 0, 0.03, 0.4, 0.03],
                                                          "@beginCap":true,
                                                          "@ccw":true,
                                                          "@convex":true,
                                                          "@creaseAngle":0.0,
                                                          "@endCap":true,
                                                          "@orientation":[0, 0, 1, 0],
                                                          "@scale":[1, 1],
                                                          "@solid":true,
                                                          "@containerField":"geometry"
                                                        }
                                                      }
                                                    ]
                                                }
                                              }
                                            ]
                                        }
                                      }
                                    ],
                                  "-children":[
                                      { "Transform":
                                        {
                                          "@rotation":[0, 0, 1, 1.57],
                                          "@scale":[0.9, 0.9, 0.9],
                                          "@translation":[0.01, -0.04, -0.02],
                                          "@center":[0, 0, 0],
                                          "@scaleOrientation":[0, 0, 1, 0],
                                          "@bboxCenter":[0, 0, 0],
                                          "@bboxSize":[-1, -1, -1],
                                          "@containerField":"children",
                                          "-children":[
                                              { "Shape":
                                                {
                                                  "@containerField":"children",
                                                  "@bboxCenter":[0, 0, 0],
                                                  "@bboxSize":[-1, -1, -1],
                                                  "-appearance":[
                                                      { "Appearance":
                                                        {
                                                          "@containerField":"appearance",
                                                          "-material":[
                                                              { "Material":
                                                                {
                                                                  "@DEF":"Mouthpiece",
                                                                  "@diffuseColor":[0.678, 1, 0.8],
                                                                  "@transparency":0.4,
                                                                  "@ambientIntensity":0.2,
                                                                  "@emissiveColor":[0, 0, 0],
                                                                  "@shininess":0.2,
                                                                  "@specularColor":[0, 0, 0],
                                                                  "@containerField":"material"
                                                                }
                                                              }
                                                            ]
                                                        }
                                                      }
                                                    ],
                                                  "-geometry":[
                                                      { "Extrusion":
                                                        {
                                                          "@crossSection":[0.0, 0.013, 0.00494, 0.01196, 0.00923, 0.00923, 0.01196, 0.00494, 0.013, 0.00, 0.01196, -0.00494, 0.00923, -0.00923, 0.00494, -0.01196, 0.00, 0.013, -0.00494, -0.01196, -0.00923, -0.00923, -0.01196, -0.00494, -0.013, -0.0, -0.01196, 0.00494, -0.00923, 0.00923, -0.00494, 0.01196, 0.00, 0.013],
                                                          "@spine":[-0.01, -0.03, 0, 0, 0, 0, 0.02, 0.01, 0],
                                                          "@beginCap":true,
                                                          "@ccw":true,
                                                          "@convex":true,
                                                          "@creaseAngle":0.0,
                                                          "@endCap":true,
                                                          "@orientation":[0, 0, 1, 0],
                                                          "@scale":[1, 1],
                                                          "@solid":true,
                                                          "@containerField":"geometry"
                                                        }
                                                      }
                                                    ]
                                                }
                                              }
                                            ]
                                        }
                                      }
                                    ],
                                  "-children":[
                                      { "Transform":
                                        {
                                          "@rotation":[0, 0, 1, -0.85],
                                          "@scale":[0.9, 0.9, 0.9],
                                          "@translation":[0.005, -0.01, -0.02],
                                          "@center":[0, 0, 0],
                                          "@scaleOrientation":[0, 0, 1, 0],
                                          "@bboxCenter":[0, 0, 0],
                                          "@bboxSize":[-1, -1, -1],
                                          "@containerField":"children",
                                          "-children":[
                                              { "Shape":
                                                {
                                                  "@containerField":"children",
                                                  "@bboxCenter":[0, 0, 0],
                                                  "@bboxSize":[-1, -1, -1],
                                                  "-appearance":[
                                                      { "Appearance":
                                                        {
                                                          "@containerField":"appearance",
                                                          "-material":[
                                                              { "Material":
                                                                {
                                                                  "@USE":"Mouthpiece",
                                                                  "@containerField":"material"
                                                                }
                                                              }
                                                            ]
                                                        }
                                                      }
                                                    ],
                                                  "-geometry":[
                                                      { "Extrusion":
                                                        {
                                                          "@crossSection":[0.0, 0.013, 0.00494, 0.01196, 0.00923, 0.00923, 0.01196, 0.00494, 0.013, 0.00, 0.01196, -0.00494, 0.00923, -0.00923, 0.00494, -0.01196, 0.00, 0.013],
                                                          "@spine":[-0.02, -0.03, 0, -0.01, -0.03, 0, 0, -0.0175, 0, 0, -0.0135, 0, -0.01, 0, 0, -0.02, 0, 0],
                                                          "@beginCap":true,
                                                          "@ccw":true,
                                                          "@convex":true,
                                                          "@creaseAngle":0.0,
                                                          "@endCap":true,
                                                          "@orientation":[0, 0, 1, 0],
                                                          "@scale":[1, 1],
                                                          "@solid":true,
                                                          "@containerField":"geometry"
                                                        }
                                                      }
                                                    ]
                                                }
                                              }
                                            ]
                                        }
                                      }
                                    ]
                                }
                              }
                            ]
                        }
                      }
                    ],
                  "-children":[
                      { "Transform":
                        {
                          "@center":[0, 0, 0],
                          "@rotation":[0, 0, 1, 0],
                          "@scale":[1, 1, 1],
                          "@scaleOrientation":[0, 0, 1, 0],
                          "@translation":[0, 0, 0],
                          "@bboxCenter":[0, 0, 0],
                          "@bboxSize":[-1, -1, -1],
                          "@containerField":"children",
                          "-children":[
                              { "Shape":
                                {
                                  "@DEF":"maskLensR",
                                  "@containerField":"children",
                                  "@bboxCenter":[0, 0, 0],
                                  "@bboxSize":[-1, -1, -1],
                                  "-appearance":[
                                      { "Appearance":
                                        {
                                          "@containerField":"appearance",
                                          "-material":[
                                              { "Material":
                                                {
                                                  "@DEF":"plastic",
                                                  "@diffuseColor":[0.941, 0.973, 1],
                                                  "@transparency":0.8,
                                                  "@ambientIntensity":0.2,
                                                  "@emissiveColor":[0, 0, 0],
                                                  "@shininess":0.2,
                                                  "@specularColor":[0, 0, 0],
                                                  "@containerField":"material"
                                                }
                                              }
                                            ]
                                        }
                                      }
                                    ],
                                  "-geometry":[
                                      { "IndexedFaceSet":
                                        {
                                          "@coordIndex":[12, 13, 14, 15, 16, 17, 18, 12, -1],
                                          "@creaseAngle":1.45,
                                          "@solid":false,
                                          "@ccw":true,
                                          "@colorPerVertex":true,
                                          "@convex":true,
                                          "@normalPerVertex":true,
                                          "@containerField":"geometry",
                                          "-coord":[
                                              { "Coordinate":
                                                {
                                                  "@point":[0, 0.08, 0, 0.02, 0.05, 0, 0.05, 0.05, 0, 0.06, 0.06, 0, 0.06, 0.09, 0, 0.05, 0.1, 0, 0, 0.1, 0, -0.05, 0.1, 0, -0.06, 0.09, 0, -0.06, 0.06, 0, -0.05, 0.05, 0, -0.02, 0.05, 0, 0.005, 0.08, 0, 0.02, 0.055, 0, 0.05, 0.055, 0, 0.055, 0.06, 0, 0.055, 0.09, 0, 0.045, 0.095, 0, 0.005, 0.095, 0, -0.005, 0.08, 0, -0.02, 0.055, 0, -0.05, 0.055, 0, -0.055, 0.06, 0, -0.055, 0.09, 0, -0.045, 0.095, 0, -0.005, 0.095, 0],
                                                  "@containerField":"coord"
                                                }
                                              }
                                            ]
                                        }
                                      }
                                    ]
                                }
                              }
                            ]
                        }
                      }
                    ],
                  "-children":[
                      { "Transform":
                        {
                          "@center":[0, 0, 0],
                          "@rotation":[0, 0, 1, 0],
                          "@scale":[1, 1, 1],
                          "@scaleOrientation":[0, 0, 1, 0],
                          "@translation":[0, 0, 0],
                          "@bboxCenter":[0, 0, 0],
                          "@bboxSize":[-1, -1, -1],
                          "@containerField":"children",
                          "-children":[
                              { "Shape":
                                {
                                  "@DEF":"maskLensL",
                                  "@containerField":"children",
                                  "@bboxCenter":[0, 0, 0],
                                  "@bboxSize":[-1, -1, -1],
                                  "-appearance":[
                                      { "Appearance":
                                        {
                                          "@containerField":"appearance",
                                          "-material":[
                                              { "Material":
                                                {
                                                  "@USE":"plastic",
                                                  "@containerField":"material"
                                                }
                                              }
                                            ]
                                        }
                                      }
                                    ],
                                  "-geometry":[
                                      { "IndexedFaceSet":
                                        {
                                          "@coordIndex":[19, 20, 21, 22, 23, 24, 25, 19, -1],
                                          "@creaseAngle":1.45,
                                          "@solid":false,
                                          "@ccw":true,
                                          "@colorPerVertex":true,
                                          "@convex":true,
                                          "@normalPerVertex":true,
                                          "@containerField":"geometry",
                                          "-coord":[
                                              { "Coordinate":
                                                {
                                                  "@point":[0, 0.08, 0, 0.02, 0.05, 0, 0.05, 0.05, 0, 0.06, 0.06, 0, 0.06, 0.09, 0, 0.05, 0.1, 0, 0, 0.1, 0, -0.05, 0.1, 0, -0.06, 0.09, 0, -0.06, 0.06, 0, -0.05, 0.05, 0, -0.02, 0.05, 0, 0.005, 0.08, 0, 0.02, 0.055, 0, 0.05, 0.055, 0, 0.055, 0.06, 0, 0.055, 0.09, 0, 0.045, 0.095, 0, 0.005, 0.095, 0, -0.005, 0.08, 0, -0.02, 0.055, 0, -0.05, 0.055, 0, -0.055, 0.06, 0, -0.055, 0.09, 0, -0.045, 0.095, 0, -0.005, 0.095, 0],
                                                  "@containerField":"coord"
                                                }
                                              }
                                            ]
                                        }
                                      }
                                    ]
                                }
                              }
                            ]
                        }
                      }
                    ],
                  "-children":[
                      { "Transform":
                        {
                          "@center":[0, 0, 0],
                          "@rotation":[0, 0, 1, 0],
                          "@scale":[1, 1, 1],
                          "@scaleOrientation":[0, 0, 1, 0],
                          "@translation":[0, 0, 0],
                          "@bboxCenter":[0, 0, 0],
                          "@bboxSize":[-1, -1, -1],
                          "@containerField":"children",
                          "-children":[
                              { "Shape":
                                {
                                  "@DEF":"nose",
                                  "@containerField":"children",
                                  "@bboxCenter":[0, 0, 0],
                                  "@bboxSize":[-1, -1, -1],
                                  "-appearance":[
                                      { "Appearance":
                                        {
                                          "@containerField":"appearance",
                                          "-material":[
                                              { "Material":
                                                {
                                                  "@DEF":"plasticFit",
                                                  "@diffuseColor":[0.678, 1, 0.184],
                                                  "@transparency":0.7,
                                                  "@ambientIntensity":0.2,
                                                  "@emissiveColor":[0, 0, 0],
                                                  "@shininess":0.2,
                                                  "@specularColor":[0, 0, 0],
                                                  "@containerField":"material"
                                                }
                                              }
                                            ]
                                        }
                                      }
                                    ],
                                  "-geometry":[
                                      { "IndexedFaceSet":
                                        {
                                          "@coordIndex":[0, 37, 26, 0, -1, 0, 36, 26, 0, -1, 36, 37, 26, 36, -1, 0, 1, 37, 0, -1, 0, 11, 36, 0, -1],
                                          "@creaseAngle":1.45,
                                          "@solid":false,
                                          "@ccw":true,
                                          "@colorPerVertex":true,
                                          "@convex":true,
                                          "@normalPerVertex":true,
                                          "@containerField":"geometry",
                                          "-coord":[
                                              { "Coordinate":
                                                {
                                                  "@point":[0, 0.08, 0, 0.02, 0.05, 0, 0.05, 0.05, 0, 0.06, 0.06, 0, 0.06, 0.09, 0, 0.05, 0.1, 0, 0, 0.1, 0, -0.05, 0.1, 0, -0.06, 0.09, 0, -0.06, 0.06, 0, -0.05, 0.05, 0, -0.02, 0.05, 0, 0.005, 0.08, 0, 0.02, 0.055, 0, 0.05, 0.055, 0, 0.055, 0.06, 0, 0.055, 0.09, 0, 0.045, 0.095, 0, 0.005, 0.095, 0, -0.005, 0.08, 0, -0.02, 0.055, 0, -0.05, 0.055, 0, -0.055, 0.06, 0, -0.055, 0.09, 0, -0.045, 0.095, 0, -0.005, 0.095, 0, 0, 0.04, 0.015, 0.05, 0.04, -0.03, 0.06, 0.05, -0.03, 0.07, 0.095, -0.03, 0.055, 0.11, -0.03, 0, 0.11, -0.02, -0.055, 0.11, -0.03, -0.07, 0.095, -0.03, -0.06, 0.05, -0.03, -0.05, 0.04, -0.03, -0.02, 0.04, -0.02, 0.02, 0.04, -0.02],
                                                  "@containerField":"coord"
                                                }
                                              }
                                            ]
                                        }
                                      }
                                    ]
                                }
                              }
                            ]
                        }
                      }
                    ],
                  "-children":[
                      { "Transform":
                        {
                          "@center":[0, 0, 0],
                          "@rotation":[0, 0, 1, 0],
                          "@scale":[1, 1, 1],
                          "@scaleOrientation":[0, 0, 1, 0],
                          "@translation":[0, 0, 0],
                          "@bboxCenter":[0, 0, 0],
                          "@bboxSize":[-1, -1, -1],
                          "@containerField":"children",
                          "-children":[
                              { "Shape":
                                {
                                  "@DEF":"faceFit",
                                  "@containerField":"children",
                                  "@bboxCenter":[0, 0, 0],
                                  "@bboxSize":[-1, -1, -1],
                                  "-appearance":[
                                      { "Appearance":
                                        {
                                          "@containerField":"appearance",
                                          "-material":[
                                              { "Material":
                                                {
                                                  "@USE":"plasticFit",
                                                  "@containerField":"material"
                                                }
                                              }
                                            ]
                                        }
                                      }
                                    ],
                                  "-geometry":[
                                      { "IndexedFaceSet":
                                        {
                                          "@coordIndex":[1, 2, 27, 37, 1, -1, 2, 3, 28, 27, 2, -1, 3, 4, 29, 28, 3, -1, 4, 5, 30, 29, 4, -1, 5, 6, 31, 30, 5, -1, 6, 7, 32, 31, 6, -1, 7, 8, 33, 32, 7, -1, 8, 9, 34, 33, 8, -1, 9, 10, 35, 34, 9, -1, 10, 11, 36, 35, 10, -1],
                                          "@creaseAngle":1.45,
                                          "@solid":false,
                                          "@ccw":true,
                                          "@colorPerVertex":true,
                                          "@convex":true,
                                          "@normalPerVertex":true,
                                          "@containerField":"geometry",
                                          "-coord":[
                                              { "Coordinate":
                                                {
                                                  "@point":[0, 0.08, 0, 0.02, 0.05, 0, 0.05, 0.05, 0, 0.06, 0.06, 0, 0.06, 0.09, 0, 0.05, 0.1, 0, 0, 0.1, 0, -0.05, 0.1, 0, -0.06, 0.09, 0, -0.06, 0.06, 0, -0.05, 0.05, 0, -0.02, 0.05, 0, 0.005, 0.08, 0, 0.02, 0.055, 0, 0.05, 0.055, 0, 0.055, 0.06, 0, 0.055, 0.09, 0, 0.045, 0.095, 0, 0.005, 0.095, 0, -0.005, 0.08, 0, -0.02, 0.055, 0, -0.05, 0.055, 0, -0.055, 0.06, 0, -0.055, 0.09, 0, -0.045, 0.095, 0, -0.005, 0.095, 0, 0, 0.05, 0.015, 0.05, 0.04, -0.03, 0.06, 0.05, -0.03, 0.07, 0.095, -0.03, 0.055, 0.11, -0.03, 0, 0.11, -0.02, -0.055, 0.11, -0.03, -0.07, 0.095, -0.03, -0.06, 0.05, -0.03, -0.05, 0.04, -0.03, -0.02, 0.04, -0.02, 0.02, 0.04, -0.02],
                                                  "@containerField":"coord"
                                                }
                                              }
                                            ]
                                        }
                                      }
                                    ]
                                }
                              }
                            ]
                        }
                      }
                    ],
                  "-children":[
                      { "Transform":
                        {
                          "@center":[0, 0, 0],
                          "@rotation":[0, 0, 1, 0],
                          "@scale":[1, 1, 1],
                          "@scaleOrientation":[0, 0, 1, 0],
                          "@translation":[0, 0, 0],
                          "@bboxCenter":[0, 0, 0],
                          "@bboxSize":[-1, -1, -1],
                          "@containerField":"children",
                          "-children":[
                              { "Shape":
                                {
                                  "@DEF":"belt",
                                  "@containerField":"children",
                                  "@bboxCenter":[0, 0, 0],
                                  "@bboxSize":[-1, -1, -1],
                                  "-appearance":[
                                      { "Appearance":
                                        {
                                          "@containerField":"appearance",
                                          "-material":[
                                              { "Material":
                                                {
                                                  "@USE":"plastic",
                                                  "@containerField":"material"
                                                }
                                              }
                                            ]
                                        }
                                      }
                                    ],
                                  "-geometry":[
                                      { "IndexedFaceSet":
                                        {
                                          "@coordIndex":[3, 4, 39, 38, 3, -1, 8, 9, 40, 41, 8, -1, 38, 39, 42, 43, 38, -1, 40, 41, 44, 45, 40, -1, 42, 43, 47, 46, 42, -1, 44, 45, 47, 46, 44, -1],
                                          "@creaseAngle":1.45,
                                          "@solid":false,
                                          "@ccw":true,
                                          "@colorPerVertex":true,
                                          "@convex":true,
                                          "@normalPerVertex":true,
                                          "@containerField":"geometry",
                                          "-coord":[
                                              { "Coordinate":
                                                {
                                                  "@point":[0, 0.08, 0, 0.02, 0.05, 0, 0.05, 0.05, 0, 0.06, 0.06, 0, 0.06, 0.09, 0, 0.05, 0.1, 0, 0, 0.1, 0, -0.05, 0.1, 0, -0.06, 0.09, 0, -0.06, 0.06, 0, -0.05, 0.05, 0, -0.02, 0.05, 0, 0.005, 0.08, 0, 0.02, 0.055, 0, 0.05, 0.055, 0, 0.055, 0.06, 0, 0.055, 0.09, 0, 0.045, 0.095, 0, 0.005, 0.095, 0, -0.005, 0.08, 0, -0.02, 0.055, 0, -0.05, 0.055, 0, -0.055, 0.06, 0, -0.055, 0.09, 0, -0.045, 0.095, 0, -0.005, 0.095, 0, 0, 0.05, 0.015, 0.05, 0.04, -0.03, 0.06, 0.05, -0.03, 0.07, 0.095, -0.03, 0.055, 0.11, -0.03, 0, 0.11, -0.02, -0.055, 0.11, -0.03, -0.07, 0.095, -0.03, -0.06, 0.05, -0.03, -0.05, 0.04, -0.03, -0.02, 0.04, -0.02, 0.02, 0.04, -0.02, 0.075, 0.06, -0.135, 0.075, 0.09, -0.135, -0.075, 0.06, -0.135, -0.075, 0.09, -0.135, 0.06, 0.09, -0.165, 0.06, 0.06, -0.165, -0.06, 0.09, -0.165, -0.06, 0.06, -0.165, 0, 0.09, -0.2, 0, 0.06, -0.175],
                                                  "@containerField":"coord"
                                                }
                                              }
                                            ]
                                        }
                                      }
                                    ]
                                }
                              }
                            ]
                        }
                      }
                    ]
                }
              }
            ]
          }
      ]
    }
  ]
 }
]
