[
 { "X3D":[
    {
      "@profile":"Interchange",
      "@version":3.0,
      "@xsd:noNamespaceSchemaLocation":"http://www.web3d.org/specifications/x3d-3.0.xsd",
      "head":[
          { "meta":
            {
              "@content":"ScubaTank.x3d",
              "@name":"title"
            }
          },
          { "meta":
            {
              "@content":"Scuba gear used by Nancy Diving example.",
              "@name":"description"
            }
          },
          { "meta":
            {
              "@content":"Etsuko Lippi",
              "@name":"creator"
            }
          },
          { "meta":
            {
              "@content":"24 January 2001",
              "@name":"created"
            }
          },
          { "meta":
            {
              "@content":"19 January 2014",
              "@name":"modified"
            }
          },
          { "meta":
            {
              "@content":"http://www.web3d.org/x3d/content/examples/Basic/HumanoidAnimation/ScubaTank.x3d",
              "@name":"identifier"
            }
          },
          { "meta":
            {
              "@content":"X3D-Edit 3.3, https://savage.nps.edu/X3D-Edit",
              "@name":"generator"
            }
          },
          { "meta":
            {
              "@content":"../license.html",
              "@name":"license"
            }
          }
      ],
      "Scene":[
          { "-children":[
              { "Transform":
                {
                  "@DEF":"ScubaTank",
                  "@center":[0, 0, 0],
                  "@rotation":[0, 0, 1, 0],
                  "@scale":[1, 1, 1],
                  "@scaleOrientation":[0, 0, 1, 0],
                  "@translation":[0, 0, 0],
                  "@bboxCenter":[0, 0, 0],
                  "@bboxSize":[-1, -1, -1],
                  "@containerField":"children",
                  "-children":[
                      { "Transform":
                        {
                          "@center":[0, 0, 0],
                          "@rotation":[0, 0, 1, 0],
                          "@scale":[1, 1, 1],
                          "@scaleOrientation":[0, 0, 1, 0],
                          "@translation":[0, 0, 0],
                          "@bboxCenter":[0, 0, 0],
                          "@bboxSize":[-1, -1, -1],
                          "@containerField":"children",
                          "-children":[
                              { "Shape":
                                {
                                  "@containerField":"children",
                                  "@bboxCenter":[0, 0, 0],
                                  "@bboxSize":[-1, -1, -1],
                                  "-appearance":[
                                      { "Appearance":
                                        {
                                          "@containerField":"appearance",
                                          "-material":[
                                              { "Material":
                                                {
                                                  "@DEF":"tank",
                                                  "@ambientIntensity":0.3,
                                                  "@diffuseColor":[0.3, 0.3, 0.5],
                                                  "@shininess":0.10,
                                                  "@specularColor":[0.7, 0.7, 0.8],
                                                  "@emissiveColor":[0, 0, 0],
                                                  "@transparency":0,
                                                  "@containerField":"material"
                                                }
                                              }
                                            ]
                                        }
                                      }
                                    ],
                                  "-geometry":[
                                      { "Cylinder":
                                        {
                                          "@height":0.7,
                                          "@radius":0.1,
                                          "@bottom":true,
                                          "@side":true,
                                          "@top":true,
                                          "@solid":true,
                                          "@containerField":"geometry"
                                        }
                                      }
                                    ]
                                }
                              }
                            ]
                        }
                      }
                    ],
                  "-children":[
                      { "Transform":
                        {
                          "@translation":[0, 0.35, 0],
                          "@center":[0, 0, 0],
                          "@rotation":[0, 0, 1, 0],
                          "@scale":[1, 1, 1],
                          "@scaleOrientation":[0, 0, 1, 0],
                          "@bboxCenter":[0, 0, 0],
                          "@bboxSize":[-1, -1, -1],
                          "@containerField":"children",
                          "-children":[
                              { "Shape":
                                {
                                  "@containerField":"children",
                                  "@bboxCenter":[0, 0, 0],
                                  "@bboxSize":[-1, -1, -1],
                                  "-appearance":[
                                      { "Appearance":
                                        {
                                          "@containerField":"appearance",
                                          "-material":[
                                              { "Material":
                                                {
                                                  "@USE":"tank",
                                                  "@containerField":"material"
                                                }
                                              }
                                            ]
                                        }
                                      }
                                    ],
                                  "-geometry":[
                                      { "Sphere":
                                        {
                                          "@radius":0.098,
                                          "@solid":true,
                                          "@containerField":"geometry"
                                        }
                                      }
                                    ]
                                }
                              }
                            ]
                        }
                      }
                    ],
                  "-children":[
                      { "Transform":
                        {
                          "@translation":[0, -0.35, 0],
                          "@center":[0, 0, 0],
                          "@rotation":[0, 0, 1, 0],
                          "@scale":[1, 1, 1],
                          "@scaleOrientation":[0, 0, 1, 0],
                          "@bboxCenter":[0, 0, 0],
                          "@bboxSize":[-1, -1, -1],
                          "@containerField":"children",
                          "-children":[
                              { "Shape":
                                {
                                  "@DEF":"tankBottom",
                                  "@containerField":"children",
                                  "@bboxCenter":[0, 0, 0],
                                  "@bboxSize":[-1, -1, -1],
                                  "-appearance":[
                                      { "Appearance":
                                        {
                                          "@containerField":"appearance",
                                          "-material":[
                                              { "Material":
                                                {
                                                  "@DEF":"black",
                                                  "@ambientIntensity":0.3,
                                                  "@diffuseColor":[0, 0, 0],
                                                  "@emissiveColor":[0, 0, 0],
                                                  "@shininess":0.2,
                                                  "@specularColor":[0, 0, 0],
                                                  "@transparency":0,
                                                  "@containerField":"material"
                                                }
                                              }
                                            ]
                                        }
                                      }
                                    ],
                                  "-geometry":[
                                      { "Cylinder":
                                        {
                                          "@height":0.06,
                                          "@radius":0.115,
                                          "@bottom":true,
                                          "@side":true,
                                          "@top":true,
                                          "@solid":true,
                                          "@containerField":"geometry"
                                        }
                                      }
                                    ]
                                }
                              }
                            ]
                        }
                      }
                    ],
                  "-children":[
                      { "Group":
                        {
                          "@DEF":"tankNozzle",
                          "@bboxCenter":[0, 0, 0],
                          "@bboxSize":[-1, -1, -1],
                          "@containerField":"children",
                          "-children":[
                              { "Transform":
                                {
                                  "@center":[0, 0, 0],
                                  "@rotation":[0, 0, 1, 0],
                                  "@scale":[1, 1, 1],
                                  "@scaleOrientation":[0, 0, 1, 0],
                                  "@translation":[0, 0, 0],
                                  "@bboxCenter":[0, 0, 0],
                                  "@bboxSize":[-1, -1, -1],
                                  "@containerField":"children",
                                  "-children":[
                                      { "Transform":
                                        {
                                          "@translation":[0, 0.45, 0],
                                          "@center":[0, 0, 0],
                                          "@rotation":[0, 0, 1, 0],
                                          "@scale":[1, 1, 1],
                                          "@scaleOrientation":[0, 0, 1, 0],
                                          "@bboxCenter":[0, 0, 0],
                                          "@bboxSize":[-1, -1, -1],
                                          "@containerField":"children",
                                          "-children":[
                                              { "Shape":
                                                {
                                                  "@DEF":"pressure",
                                                  "@containerField":"children",
                                                  "@bboxCenter":[0, 0, 0],
                                                  "@bboxSize":[-1, -1, -1],
                                                  "-appearance":[
                                                      { "Appearance":
                                                        {
                                                          "@containerField":"appearance",
                                                          "-material":[
                                                              { "Material":
                                                                {
                                                                  "@DEF":"pressureColor",
                                                                  "@ambientIntensity":0.4,
                                                                  "@diffuseColor":[0.91, 0.91, 0.91],
                                                                  "@shininess":0.16,
                                                                  "@specularColor":[0.91, 0.90, 0.91],
                                                                  "@emissiveColor":[0, 0, 0],
                                                                  "@transparency":0,
                                                                  "@containerField":"material"
                                                                }
                                                              }
                                                            ]
                                                        }
                                                      }
                                                    ],
                                                  "-geometry":[
                                                      { "Cylinder":
                                                        {
                                                          "@height":0.1,
                                                          "@radius":0.015,
                                                          "@bottom":true,
                                                          "@side":true,
                                                          "@top":true,
                                                          "@solid":true,
                                                          "@containerField":"geometry"
                                                        }
                                                      }
                                                    ]
                                                }
                                              }
                                            ]
                                        }
                                      }
                                    ],
                                  "-children":[
                                      { "Transform":
                                        {
                                          "@translation":[0, 0.50, 0],
                                          "@center":[0, 0, 0],
                                          "@rotation":[0, 0, 1, 0],
                                          "@scale":[1, 1, 1],
                                          "@scaleOrientation":[0, 0, 1, 0],
                                          "@bboxCenter":[0, 0, 0],
                                          "@bboxSize":[-1, -1, -1],
                                          "@containerField":"children",
                                          "-children":[
                                              { "Shape":
                                                {
                                                  "@DEF":"pressureTop",
                                                  "@containerField":"children",
                                                  "@bboxCenter":[0, 0, 0],
                                                  "@bboxSize":[-1, -1, -1],
                                                  "-appearance":[
                                                      { "Appearance":
                                                        {
                                                          "@containerField":"appearance",
                                                          "-material":[
                                                              { "Material":
                                                                {
                                                                  "@USE":"black",
                                                                  "@containerField":"material"
                                                                }
                                                              }
                                                            ]
                                                        }
                                                      }
                                                    ],
                                                  "-geometry":[
                                                      { "Cylinder":
                                                        {
                                                          "@height":0.02,
                                                          "@radius":0.025,
                                                          "@bottom":true,
                                                          "@side":true,
                                                          "@top":true,
                                                          "@solid":true,
                                                          "@containerField":"geometry"
                                                        }
                                                      }
                                                    ]
                                                }
                                              }
                                            ]
                                        }
                                      }
                                    ],
                                  "-children":[
                                      { "Transform":
                                        {
                                          "@rotation":[0, 0, 1, 1.57],
                                          "@translation":[-0.028, 0.462, 0],
                                          "@center":[0, 0, 0],
                                          "@scale":[1, 1, 1],
                                          "@scaleOrientation":[0, 0, 1, 0],
                                          "@bboxCenter":[0, 0, 0],
                                          "@bboxSize":[-1, -1, -1],
                                          "@containerField":"children",
                                          "-children":[
                                              { "Transform":
                                                {
                                                  "@center":[0, 0, 0],
                                                  "@rotation":[0, 0, 1, 0],
                                                  "@scale":[1, 1, 1],
                                                  "@scaleOrientation":[0, 0, 1, 0],
                                                  "@translation":[0, 0, 0],
                                                  "@bboxCenter":[0, 0, 0],
                                                  "@bboxSize":[-1, -1, -1],
                                                  "@containerField":"children",
                                                  "-children":[
                                                      { "Shape":
                                                        {
                                                          "@DEF":"connectorToRegulator",
                                                          "@containerField":"children",
                                                          "@bboxCenter":[0, 0, 0],
                                                          "@bboxSize":[-1, -1, -1],
                                                          "-appearance":[
                                                              { "Appearance":
                                                                {
                                                                  "@containerField":"appearance",
                                                                  "-material":[
                                                                      { "Material":
                                                                        {
                                                                          "@USE":"pressureColor",
                                                                          "@containerField":"material"
                                                                        }
                                                                      }
                                                                    ]
                                                                }
                                                              }
                                                            ],
                                                          "-geometry":[
                                                              { "Cylinder":
                                                                {
                                                                  "@height":0.03,
                                                                  "@radius":0.01,
                                                                  "@bottom":true,
                                                                  "@side":true,
                                                                  "@top":true,
                                                                  "@solid":true,
                                                                  "@containerField":"geometry"
                                                                }
                                                              }
                                                            ]
                                                        }
                                                      }
                                                    ]
                                                }
                                              }
                                            ],
                                          "-children":[
                                              { "Transform":
                                                {
                                                  "@translation":[0, 0.02, 0],
                                                  "@center":[0, 0, 0],
                                                  "@rotation":[0, 0, 1, 0],
                                                  "@scale":[1, 1, 1],
                                                  "@scaleOrientation":[0, 0, 1, 0],
                                                  "@bboxCenter":[0, 0, 0],
                                                  "@bboxSize":[-1, -1, -1],
                                                  "@containerField":"children",
                                                  "-children":[
                                                      { "Shape":
                                                        {
                                                          "@DEF":"connectorToRegulatorTop",
                                                          "@containerField":"children",
                                                          "@bboxCenter":[0, 0, 0],
                                                          "@bboxSize":[-1, -1, -1],
                                                          "-appearance":[
                                                              { "Appearance":
                                                                {
                                                                  "@containerField":"appearance",
                                                                  "-material":[
                                                                      { "Material":
                                                                        {
                                                                          "@USE":"black",
                                                                          "@containerField":"material"
                                                                        }
                                                                      }
                                                                    ]
                                                                }
                                                              }
                                                            ],
                                                          "-geometry":[
                                                              { "Cylinder":
                                                                {
                                                                  "@height":0.02,
                                                                  "@radius":0.02,
                                                                  "@bottom":true,
                                                                  "@side":true,
                                                                  "@top":true,
                                                                  "@solid":true,
                                                                  "@containerField":"geometry"
                                                                }
                                                              }
                                                            ]
                                                        }
                                                      }
                                                    ]
                                                }
                                              }
                                            ]
                                        }
                                      }
                                    ]
                                }
                              }
                            ]
                        }
                      }
                    ],
                  "-children":[
                      { "Transform":
                        {
                          "@translation":[0, 0.2, 0],
                          "@center":[0, 0, 0],
                          "@rotation":[0, 0, 1, 0],
                          "@scale":[1, 1, 1],
                          "@scaleOrientation":[0, 0, 1, 0],
                          "@bboxCenter":[0, 0, 0],
                          "@bboxSize":[-1, -1, -1],
                          "@containerField":"children",
                          "-children":[
                              { "Shape":
                                {
                                  "@DEF":"tankHoldBelt",
                                  "@containerField":"children",
                                  "@bboxCenter":[0, 0, 0],
                                  "@bboxSize":[-1, -1, -1],
                                  "-appearance":[
                                      { "Appearance":
                                        {
                                          "@containerField":"appearance",
                                          "-material":[
                                              { "Material":
                                                {
                                                  "@USE":"black",
                                                  "@containerField":"material"
                                                }
                                              }
                                            ]
                                        }
                                      }
                                    ],
                                  "-geometry":[
                                      { "Cylinder":
                                        {
                                          "@height":0.1,
                                          "@radius":0.115,
                                          "@bottom":true,
                                          "@side":true,
                                          "@top":true,
                                          "@solid":true,
                                          "@containerField":"geometry"
                                        }
                                      }
                                    ]
                                }
                              }
                            ]
                        }
                      }
                    ]
                }
              }
            ]
          },
          { "-children":[
              { "Background":
                {
                  "@skyColor":[0.6, 0.6, 0.6],
                  "@containerField":"children"
                }
              }
            ]
          }
      ]
    }
  ]
 }
]
