[
 { "X3D":[
    {
      "@profile":"Immersive",
      "@version":3.0,
      "@xsd:noNamespaceSchemaLocation":"http://www.web3d.org/specifications/x3d-3.0.xsd",
      "head":[
          { "meta":
            {
              "@content":"CreateSphereEaiJava.x3d",
              "@name":"title"
            }
          },
          { "meta":
            {
              "@content":"CreateSphereEaiJavaPage.html",
              "@name":"example"
            }
          },
          { "meta":
            {
              "@content":"External Authoring Interface (EAI) Java example from VRML 97 Amendment 2 specification.",
              "@name":"description"
            }
          },
          { "meta":
            {
              "@content":"Martin Reddy",
              "@name":"creator"
            }
          },
          { "meta":
            {
              "@content":"Xeena VRML importer, X3D-Edit 3.1, http://www.web3d.org/x3d/content/README.X3D-Edit.html",
              "@name":"translator"
            }
          },
          { "meta":
            {
              "@content":"Don Brutzman",
              "@name":"translator"
            }
          },
          { "meta":
            {
              "@content":"6 March 2001",
              "@name":"created"
            }
          },
          { "meta":
            {
              "@content":"23 June 2003",
              "@name":"translated"
            }
          },
          { "meta":
            {
              "@content":"25 August 2003",
              "@name":"modified"
            }
          },
          { "meta":
            {
              "@content":"Under development. VRML 97 EAI support appears inconsistent for various browsers.",
              "@name":"warning"
            }
          },
          { "meta":
            {
              "@content":"CreateSphereEai.java",
              "@name":"reference"
            }
          },
          { "meta":
            {
              "@content":"javadoc/index.html",
              "@name":"reference"
            }
          },
          { "meta":
            {
              "@content":"originals/create/",
              "@name":"reference"
            }
          },
          { "meta":
            {
              "@content":"http://www.web3d.org/technicalinfo/specifications/ISO_IEC_14772-All/part2/javaBind.html#Examples",
              "@name":"reference"
            }
          },
          { "meta":
            {
              "@content":"http://www.web3d.org/technicalinfo/specifications/ISO_IEC_14772-All/index.html",
              "@name":"reference"
            }
          },
          { "meta":
            {
              "@content":"http://www.parallelgraphics.com/developer/products/cortona/eai",
              "@name":"reference"
            }
          },
          { "meta":
            {
              "@content":"External Authoring Interface (EAI) Java example",
              "@name":"subject"
            }
          },
          { "meta":
            {
              "@content":"http://www.web3d.org/x3d/content/examples/Basic/ExternalAuthoringInterface/CreateSphereEaiJava.x3d",
              "@name":"identifier"
            }
          },
          { "meta":
            {
              "@content":"X3D-Edit 3.3, https://savage.nps.edu/X3D-Edit",
              "@name":"generator"
            }
          },
          { "meta":
            {
              "@content":"Vrml97ToX3dNist, http://ovrt.nist.gov/v2_x3d.html",
              "@name":"generator"
            }
          },
          { "meta":
            {
              "@content":"../license.html",
              "@name":"license"
            }
          }
      ],
      "Scene":[
          { "-children":[
              { "Group":
                {
                  "@DEF":"NewNode",
                  "@bboxCenter":[0, 0, 0],
                  "@bboxSize":[-1, -1, -1],
                  "@containerField":"children"
                }
              }
            ]
          },
          { "-children":[
              { "Shape":
                {
                  "@containerField":"children",
                  "@bboxCenter":[0, 0, 0],
                  "@bboxSize":[-1, -1, -1],
                  "-appearance":[
                      { "Appearance":
                        {
                          "@containerField":"appearance",
                          "-material":[
                              { "Material":
                                {
                                  "@DEF":"BoxMaterial",
                                  "@diffuseColor":[1.0, 0.0, 0.0],
                                  "@ambientIntensity":0.2,
                                  "@emissiveColor":[0, 0, 0],
                                  "@shininess":0.2,
                                  "@specularColor":[0, 0, 0],
                                  "@transparency":0,
                                  "@containerField":"material"
                                }
                              }
                            ]
                        }
                      }
                    ],
                  "-geometry":[
                      { "Box":
                        {
                          "@size":[2.0, 2.0, 1.0],
                          "@solid":true,
                          "@containerField":"geometry"
                        }
                      }
                    ]
                }
              }
            ]
          }
      ]
    }
  ]
 }
]
