[
 { "X3D":[
    {
      "@profile":"Immersive",
      "@version":3.0,
      "@xsd:noNamespaceSchemaLocation":"http://www.web3d.org/specifications/x3d-3.0.xsd",
      "head":[
          { "meta":
            {
              "@content":"AllenDuttonVillage.x3d",
              "@name":"title"
            }
          },
          { "meta":
            {
              "@content":"LT Allen Dutton",
              "@name":"creator"
            }
          },
          { "meta":
            {
              "@content":"26 February 2001",
              "@name":"created"
            }
          },
          { "meta":
            {
              "@content":"13 January 2014",
              "@name":"modified"
            }
          },
          { "meta":
            {
              "@content":"Primitive village. Move mouse over the hut roofs to see a demonstration of sensors and interpolators",
              "@name":"description"
            }
          },
          { "meta":
            {
              "@content":"http://www.web3d.org/x3d/content/examples/Basic/StudentProjects/AllenDuttonVillage.x3d",
              "@name":"identifier"
            }
          },
          { "meta":
            {
              "@content":"X3D-Edit 3.3, https://savage.nps.edu/X3D-Edit",
              "@name":"generator"
            }
          },
          { "meta":
            {
              "@content":"../license.html",
              "@name":"license"
            }
          }
      ],
      "Scene":[
          { "-children":[
              { "Viewpoint":
                {
                  "@description":"View from 80m away",
                  "@orientation":[-1, 0, 0, 0.5],
                  "@position":[0, 60, 100],
                  "@fieldOfView":0.7854,
                  "@jump":true,
                  "@centerOfRotation":[0, 0, 0],
                  "@containerField":"children"
                }
              }
            ]
          },
          { "-children":[
              { "Viewpoint":
                {
                  "@description":"Default viewpoint at (0 0 10) is way too close!! That is a bad place to be, provide a replacement viewpoint instead.",
                  "@fieldOfView":0.7854,
                  "@jump":true,
                  "@orientation":[0, 0, 1, 0],
                  "@position":[0, 0, 10],
                  "@centerOfRotation":[0, 0, 0],
                  "@containerField":"children"
                }
              }
            ]
          },
          { "-children":[
              { "Background":
                {
                  "@skyColor":[0, 0, 0.7],
                  "@containerField":"children"
                }
              }
            ]
          },
          { "-children":[
              { "DirectionalLight":
                {
                  "@color":[1, 1, 0.8],
                  "@direction":[0, -1, 0],
                  "@intensity":0.5,
                  "@ambientIntensity":0,
                  "@on":true,
                  "@containerField":"children"
                }
              }
            ]
          },
          { "-children":[
              { "Group":
                {
                  "@bboxCenter":[0, 0, 0],
                  "@bboxSize":[-1, -1, -1],
                  "@containerField":"children",
                  "-children":[
                      { "Transform":
                        {
                          "@translation":[0, -3.5, 0],
                          "@center":[0, 0, 0],
                          "@rotation":[0, 0, 1, 0],
                          "@scale":[1, 1, 1],
                          "@scaleOrientation":[0, 0, 1, 0],
                          "@bboxCenter":[0, 0, 0],
                          "@bboxSize":[-1, -1, -1],
                          "@containerField":"children",
                          "-children":[
                              { "Shape":
                                {
                                  "@containerField":"children",
                                  "@bboxCenter":[0, 0, 0],
                                  "@bboxSize":[-1, -1, -1],
                                  "-appearance":[
                                      { "Appearance":
                                        {
                                          "@containerField":"appearance",
                                          "-material":[
                                              { "Material":
                                                {
                                                  "@diffuseColor":[0, 0.7, 0],
                                                  "@ambientIntensity":0.2,
                                                  "@emissiveColor":[0, 0, 0],
                                                  "@shininess":0.2,
                                                  "@specularColor":[0, 0, 0],
                                                  "@transparency":0,
                                                  "@containerField":"material"
                                                }
                                              }
                                            ],
                                          "-texture":[
                                              { "ImageTexture":
                                                {
                                                  "@DEF":"grass",
                                                  "@url":["grass.jpg", "http://www.web3d.org/x3d/content/examples/Basic/StudentProjects/grass.jpg"],
                                                  "@repeatS":true,
                                                  "@repeatT":true,
                                                  "@containerField":"texture"
                                                }
                                              }
                                            ],
                                          "-textureTransform":[
                                              { "TextureTransform":
                                                {
                                                  "@scale":[20, 20],
                                                  "@center":[0, 0],
                                                  "@rotation":0,
                                                  "@translation":[0, 0],
                                                  "@containerField":"textureTransform"
                                                }
                                              }
                                            ]
                                        }
                                      }
                                    ],
                                  "-geometry":[
                                      { "Box":
                                        {
                                          "@size":[160, 1, 160],
                                          "@solid":true,
                                          "@containerField":"geometry"
                                        }
                                      }
                                    ]
                                }
                              }
                            ]
                        }
                      }
                    ]
                }
              }
            ]
          },
          { "-children":[
              { "Group":
                {
                  "@bboxCenter":[0, 0, 0],
                  "@bboxSize":[-1, -1, -1],
                  "@containerField":"children",
                  "-children":[
                      { "Transform":
                        {
                          "@rotation":[0, 1, 0, 2.7],
                          "@scale":[0.01, 0.01, 0.01],
                          "@translation":[5, 12.3, 30],
                          "@center":[0, 0, 0],
                          "@scaleOrientation":[0, 0, 1, 0],
                          "@bboxCenter":[0, 0, 0],
                          "@bboxSize":[-1, -1, -1],
                          "@containerField":"children",
                          "-children":[
                              { "Inline":
                                {
                                  "@url":["ALLEN.WRL", "http://www.web3d.org/x3d/content/examples/Basic/StudentProjects/ALLEN.WRL"],
                                  "@load":true,
                                  "@bboxCenter":[0, 0, 0],
                                  "@bboxSize":[-1, -1, -1],
                                  "@containerField":"children"
                                }
                              }
                            ]
                        }
                      }
                    ],
                  "-children":[
                      { "Transform":
                        {
                          "@translation":[5, 0, 30],
                          "@center":[0, 0, 0],
                          "@rotation":[0, 0, 1, 0],
                          "@scale":[1, 1, 1],
                          "@scaleOrientation":[0, 0, 1, 0],
                          "@bboxCenter":[0, 0, 0],
                          "@bboxSize":[-1, -1, -1],
                          "@containerField":"children",
                          "-children":[
                              { "Shape":
                                {
                                  "@containerField":"children",
                                  "@bboxCenter":[0, 0, 0],
                                  "@bboxSize":[-1, -1, -1],
                                  "-geometry":[
                                      { "Box":
                                        {
                                          "@size":[5, 5, 5],
                                          "@solid":true,
                                          "@containerField":"geometry"
                                        }
                                      }
                                    ],
                                  "-appearance":[
                                      { "Appearance":
                                        {
                                          "@containerField":"appearance",
                                          "-material":[
                                              { "Material":
                                                {
                                                  "@diffuseColor":[0.5, 0.5, 0.5],
                                                  "@ambientIntensity":0.2,
                                                  "@emissiveColor":[0, 0, 0],
                                                  "@shininess":0.2,
                                                  "@specularColor":[0, 0, 0],
                                                  "@transparency":0,
                                                  "@containerField":"material"
                                                }
                                              }
                                            ]
                                        }
                                      }
                                    ]
                                }
                              }
                            ]
                        }
                      }
                    ]
                }
              }
            ]
          },
          { "-children":[
              { "Group":
                {
                  "@DEF":"HUT",
                  "@bboxCenter":[0, 0, 0],
                  "@bboxSize":[-1, -1, -1],
                  "@containerField":"children",
                  "-children":[
                      { "Shape":
                        {
                          "@containerField":"children",
                          "@bboxCenter":[0, 0, 0],
                          "@bboxSize":[-1, -1, -1],
                          "-appearance":[
                              { "Appearance":
                                {
                                  "@containerField":"appearance",
                                  "-material":[
                                      { "Material":
                                        {
                                          "@DEF":"BROWN",
                                          "@diffuseColor":[0.5, 0.4, 0.3],
                                          "@ambientIntensity":0.2,
                                          "@emissiveColor":[0, 0, 0],
                                          "@shininess":0.2,
                                          "@specularColor":[0, 0, 0],
                                          "@transparency":0,
                                          "@containerField":"material"
                                        }
                                      }
                                    ],
                                  "-texture":[
                                      { "ImageTexture":
                                        {
                                          "@DEF":"wood",
                                          "@url":["wood.gif", "http://www.web3d.org/x3d/content/examples/Basic/StudentProjects/wood.gif"],
                                          "@repeatS":true,
                                          "@repeatT":true,
                                          "@containerField":"texture"
                                        }
                                      }
                                    ],
                                  "-textureTransform":[
                                      { "TextureTransform":
                                        {
                                          "@rotation":1.57079,
                                          "@scale":[1.0, 4.0],
                                          "@center":[0, 0],
                                          "@translation":[0, 0],
                                          "@containerField":"textureTransform"
                                        }
                                      }
                                    ]
                                }
                              }
                            ],
                          "-geometry":[
                              { "Cylinder":
                                {
                                  "@bottom":false,
                                  "@height":6,
                                  "@radius":4,
                                  "@top":false,
                                  "@side":true,
                                  "@solid":true,
                                  "@containerField":"geometry"
                                }
                              }
                            ]
                        }
                      }
                    ],
                  "-children":[
                      { "Transform":
                        {
                          "@DEF":"ROOF_TRANSFORM",
                          "@translation":[0, 4, 0],
                          "@center":[0, 0, 0],
                          "@rotation":[0, 0, 1, 0],
                          "@scale":[1, 1, 1],
                          "@scaleOrientation":[0, 0, 1, 0],
                          "@bboxCenter":[0, 0, 0],
                          "@bboxSize":[-1, -1, -1],
                          "@containerField":"children",
                          "-children":[
                              { "Shape":
                                {
                                  "@containerField":"children",
                                  "@bboxCenter":[0, 0, 0],
                                  "@bboxSize":[-1, -1, -1],
                                  "-appearance":[
                                      { "Appearance":
                                        {
                                          "@containerField":"appearance",
                                          "-material":[
                                              { "Material":
                                                {
                                                  "@DEF":"YELLOW",
                                                  "@diffuseColor":[0.8, 0.8, 0],
                                                  "@ambientIntensity":0.2,
                                                  "@emissiveColor":[0, 0, 0],
                                                  "@shininess":0.2,
                                                  "@specularColor":[0, 0, 0],
                                                  "@transparency":0,
                                                  "@containerField":"material"
                                                }
                                              }
                                            ],
                                          "-texture":[
                                              { "ImageTexture":
                                                {
                                                  "@DEF":"straw",
                                                  "@url":["straw.jpg", "http://www.web3d.org/x3d/content/examples/Basic/StudentProjects/straw.jpg"],
                                                  "@repeatS":true,
                                                  "@repeatT":true,
                                                  "@containerField":"texture"
                                                }
                                              }
                                            ]
                                        }
                                      }
                                    ],
                                  "-geometry":[
                                      { "Cone":
                                        {
                                          "@bottomRadius":6,
                                          "@height":4,
                                          "@side":true,
                                          "@bottom":true,
                                          "@solid":true,
                                          "@containerField":"geometry"
                                        }
                                      }
                                    ]
                                }
                              }
                            ],
                          "-children":[
                              { "TouchSensor":
                                {
                                  "@DEF":"MyTouchSensor",
                                  "@description":"raise the roof",
                                  "@enabled":true,
                                  "@containerField":"children"
                                }
                              }
                            ]
                        }
                      }
                    ],
                  "-children":[
                      { "TimeSensor":
                        {
                          "@DEF":"CLOCK",
                          "@cycleInterval":4,
                          "@enabled":false,
                          "@loop":true,
                          "@startTime":0,
                          "@stopTime":0,
                          "@pauseTime":0,
                          "@resumeTime":0,
                          "@containerField":"children"
                        }
                      }
                    ],
                  "-children":[
                      { "OrientationInterpolator":
                        {
                          "@DEF":"RoofRotateInterpolator",
                          "@key":[0.0, 0.50, 1.0],
                          "@keyValue":[0.0, 1.0, 0.0, 0.0, 0.0, 1.0, 0.0, 3.14, 0.0, 1.0, 0.0, 6.28],
                          "@containerField":"children"
                        }
                      }
                    ],
                  "-children":[
                      { "PositionInterpolator":
                        {
                          "@DEF":"RoofTranslateInterpolator",
                          "@key":[0.0, 0.5, 1.0],
                          "@keyValue":[0.0, 4.0, 0.0, 0.0, 8.0, 0.0, 0.0, 4.0, 0.0],
                          "@containerField":"children"
                        }
                      }
                    ]
                }
              }
            ]
          },
          { "-children":[
              { "Group":
                {
                  "@DEF":"CONE_TREE",
                  "@bboxCenter":[0, 0, 0],
                  "@bboxSize":[-1, -1, -1],
                  "@containerField":"children",
                  "-children":[
                      { "Transform":
                        {
                          "@translation":[10, 0, 0],
                          "@center":[0, 0, 0],
                          "@rotation":[0, 0, 1, 0],
                          "@scale":[1, 1, 1],
                          "@scaleOrientation":[0, 0, 1, 0],
                          "@bboxCenter":[0, 0, 0],
                          "@bboxSize":[-1, -1, -1],
                          "@containerField":"children",
                          "-children":[
                              { "Shape":
                                {
                                  "@containerField":"children",
                                  "@bboxCenter":[0, 0, 0],
                                  "@bboxSize":[-1, -1, -1],
                                  "-appearance":[
                                      { "Appearance":
                                        {
                                          "@containerField":"appearance",
                                          "-material":[
                                              { "Material":
                                                {
                                                  "@USE":"BROWN",
                                                  "@containerField":"material"
                                                }
                                              }
                                            ],
                                          "-texture":[
                                              { "ImageTexture":
                                                {
                                                  "@USE":"wood",
                                                  "@containerField":"texture"
                                                }
                                              }
                                            ]
                                        }
                                      }
                                    ],
                                  "-geometry":[
                                      { "Cylinder":
                                        {
                                          "@bottom":false,
                                          "@height":6,
                                          "@radius":0.5,
                                          "@top":false,
                                          "@side":true,
                                          "@solid":true,
                                          "@containerField":"geometry"
                                        }
                                      }
                                    ]
                                }
                              }
                            ]
                        }
                      }
                    ],
                  "-children":[
                      { "Transform":
                        {
                          "@translation":[10, 3, 0],
                          "@center":[0, 0, 0],
                          "@rotation":[0, 0, 1, 0],
                          "@scale":[1, 1, 1],
                          "@scaleOrientation":[0, 0, 1, 0],
                          "@bboxCenter":[0, 0, 0],
                          "@bboxSize":[-1, -1, -1],
                          "@containerField":"children",
                          "-children":[
                              { "Shape":
                                {
                                  "@containerField":"children",
                                  "@bboxCenter":[0, 0, 0],
                                  "@bboxSize":[-1, -1, -1],
                                  "-appearance":[
                                      { "Appearance":
                                        {
                                          "@containerField":"appearance",
                                          "-material":[
                                              { "Material":
                                                {
                                                  "@diffuseColor":[0, 0.3, 0],
                                                  "@ambientIntensity":0.2,
                                                  "@emissiveColor":[0, 0, 0],
                                                  "@shininess":0.2,
                                                  "@specularColor":[0, 0, 0],
                                                  "@transparency":0,
                                                  "@containerField":"material"
                                                }
                                              }
                                            ],
                                          "-texture":[
                                              { "ImageTexture":
                                                {
                                                  "@DEF":"leaves",
                                                  "@url":["leaves.jpg", "http://www.web3d.org/x3d/content/examples/Basic/StudentProjects/leaves.jpg"],
                                                  "@repeatS":true,
                                                  "@repeatT":true,
                                                  "@containerField":"texture"
                                                }
                                              }
                                            ]
                                        }
                                      }
                                    ],
                                  "-geometry":[
                                      { "Cone":
                                        {
                                          "@bottomRadius":2,
                                          "@height":6,
                                          "@side":true,
                                          "@bottom":true,
                                          "@solid":true,
                                          "@containerField":"geometry"
                                        }
                                      }
                                    ]
                                }
                              }
                            ]
                        }
                      }
                    ]
                }
              }
            ]
          },
          { "-children":[
              { "Group":
                {
                  "@DEF":"SPHERE_TREE",
                  "@bboxCenter":[0, 0, 0],
                  "@bboxSize":[-1, -1, -1],
                  "@containerField":"children",
                  "-children":[
                      { "Transform":
                        {
                          "@translation":[-30, 0, -3],
                          "@center":[0, 0, 0],
                          "@rotation":[0, 0, 1, 0],
                          "@scale":[1, 1, 1],
                          "@scaleOrientation":[0, 0, 1, 0],
                          "@bboxCenter":[0, 0, 0],
                          "@bboxSize":[-1, -1, -1],
                          "@containerField":"children",
                          "-children":[
                              { "Shape":
                                {
                                  "@containerField":"children",
                                  "@bboxCenter":[0, 0, 0],
                                  "@bboxSize":[-1, -1, -1],
                                  "-appearance":[
                                      { "Appearance":
                                        {
                                          "@containerField":"appearance",
                                          "-material":[
                                              { "Material":
                                                {
                                                  "@USE":"BROWN",
                                                  "@containerField":"material"
                                                }
                                              }
                                            ],
                                          "-texture":[
                                              { "ImageTexture":
                                                {
                                                  "@USE":"wood",
                                                  "@containerField":"texture"
                                                }
                                              }
                                            ]
                                        }
                                      }
                                    ],
                                  "-geometry":[
                                      { "Cylinder":
                                        {
                                          "@bottom":false,
                                          "@height":6,
                                          "@radius":0.5,
                                          "@top":false,
                                          "@side":true,
                                          "@solid":true,
                                          "@containerField":"geometry"
                                        }
                                      }
                                    ]
                                }
                              }
                            ]
                        }
                      }
                    ],
                  "-children":[
                      { "Transform":
                        {
                          "@translation":[-30, 6, -3],
                          "@center":[0, 0, 0],
                          "@rotation":[0, 0, 1, 0],
                          "@scale":[1, 1, 1],
                          "@scaleOrientation":[0, 0, 1, 0],
                          "@bboxCenter":[0, 0, 0],
                          "@bboxSize":[-1, -1, -1],
                          "@containerField":"children",
                          "-children":[
                              { "Shape":
                                {
                                  "@containerField":"children",
                                  "@bboxCenter":[0, 0, 0],
                                  "@bboxSize":[-1, -1, -1],
                                  "-appearance":[
                                      { "Appearance":
                                        {
                                          "@containerField":"appearance",
                                          "-material":[
                                              { "Material":
                                                {
                                                  "@diffuseColor":[0, 0.3, 0],
                                                  "@ambientIntensity":0.2,
                                                  "@emissiveColor":[0, 0, 0],
                                                  "@shininess":0.2,
                                                  "@specularColor":[0, 0, 0],
                                                  "@transparency":0,
                                                  "@containerField":"material"
                                                }
                                              }
                                            ],
                                          "-texture":[
                                              { "ImageTexture":
                                                {
                                                  "@USE":"leaves",
                                                  "@containerField":"texture"
                                                }
                                              }
                                            ]
                                        }
                                      }
                                    ],
                                  "-geometry":[
                                      { "Sphere":
                                        {
                                          "@radius":3.5,
                                          "@solid":true,
                                          "@containerField":"geometry"
                                        }
                                      }
                                    ]
                                }
                              }
                            ]
                        }
                      }
                    ]
                }
              }
            ]
          },
          { "-children":[
              { "Group":
                {
                  "@bboxCenter":[0, 0, 0],
                  "@bboxSize":[-1, -1, -1],
                  "@containerField":"children",
                  "-children":[
                      { "Transform":
                        {
                          "@scale":[0.8, 1, 0.8],
                          "@translation":[-45, 0, 10],
                          "@center":[0, 0, 0],
                          "@rotation":[0, 0, 1, 0],
                          "@scaleOrientation":[0, 0, 1, 0],
                          "@bboxCenter":[0, 0, 0],
                          "@bboxSize":[-1, -1, -1],
                          "@containerField":"children",
                          "-children":[
                              { "Group":
                                {
                                  "@USE":"HUT",
                                  "@containerField":"children"
                                }
                              }
                            ],
                          "-children":[
                              { "Transform":
                                {
                                  "@translation":[0, 11, 0],
                                  "@center":[0, 0, 0],
                                  "@rotation":[0, 0, 1, 0],
                                  "@scale":[1, 1, 1],
                                  "@scaleOrientation":[0, 0, 1, 0],
                                  "@bboxCenter":[0, 0, 0],
                                  "@bboxSize":[-1, -1, -1],
                                  "@containerField":"children",
                                  "-children":[
                                      { "Shape":
                                        {
                                          "@containerField":"children",
                                          "@bboxCenter":[0, 0, 0],
                                          "@bboxSize":[-1, -1, -1],
                                          "-geometry":[
                                              { "Text":
                                                {
                                                  "@string":["Visitor's", "Center"],
                                                  "@maxExtent":0.0,
                                                  "@solid":false,
                                                  "@containerField":"geometry",
                                                  "-fontStyle":[
                                                      { "FontStyle":
                                                        {
                                                          "@justify":["MIDDLE", "MIDDLE"],
                                                          "@size":5.0,
                                                          "@style":"BOLDITALIC",
                                                          "@family":["SERIF"],
                                                          "@horizontal":true,
                                                          "@leftToRight":true,
                                                          "@spacing":1.0,
                                                          "@topToBottom":true,
                                                          "@containerField":"fontStyle"
                                                        }
                                                      }
                                                    ]
                                                }
                                              }
                                            ],
                                          "-appearance":[
                                              { "Appearance":
                                                {
                                                  "@containerField":"appearance",
                                                  "-material":[
                                                      { "Material":
                                                        {
                                                          "@diffuseColor":[0.8, 0.1, 0.4],
                                                          "@ambientIntensity":0.2,
                                                          "@emissiveColor":[0, 0, 0],
                                                          "@shininess":0.2,
                                                          "@specularColor":[0, 0, 0],
                                                          "@transparency":0,
                                                          "@containerField":"material"
                                                        }
                                                      }
                                                    ]
                                                }
                                              }
                                            ]
                                        }
                                      }
                                    ]
                                }
                              }
                            ]
                        }
                      }
                    ]
                }
              }
            ]
          },
          { "-children":[
              { "Group":
                {
                  "@bboxCenter":[0, 0, 0],
                  "@bboxSize":[-1, -1, -1],
                  "@containerField":"children",
                  "-children":[
                      { "Transform":
                        {
                          "@scale":[1.5, 1, 1.5],
                          "@translation":[30, 0, 20],
                          "@center":[0, 0, 0],
                          "@rotation":[0, 0, 1, 0],
                          "@scaleOrientation":[0, 0, 1, 0],
                          "@bboxCenter":[0, 0, 0],
                          "@bboxSize":[-1, -1, -1],
                          "@containerField":"children",
                          "-children":[
                              { "Group":
                                {
                                  "@USE":"HUT",
                                  "@containerField":"children"
                                }
                              }
                            ],
                          "-children":[
                              { "Transform":
                                {
                                  "@translation":[1, 8, 0],
                                  "@center":[0, 0, 0],
                                  "@rotation":[0, 0, 1, 0],
                                  "@scale":[1, 1, 1],
                                  "@scaleOrientation":[0, 0, 1, 0],
                                  "@bboxCenter":[0, 0, 0],
                                  "@bboxSize":[-1, -1, -1],
                                  "@containerField":"children",
                                  "-children":[
                                      { "Shape":
                                        {
                                          "@containerField":"children",
                                          "@bboxCenter":[0, 0, 0],
                                          "@bboxSize":[-1, -1, -1],
                                          "-geometry":[
                                              { "Text":
                                                {
                                                  "@string":["Chief's, Hut"],
                                                  "@maxExtent":0.0,
                                                  "@solid":false,
                                                  "@containerField":"geometry",
                                                  "-fontStyle":[
                                                      { "FontStyle":
                                                        {
                                                          "@justify":["MIDDLE", "MIDDLE"],
                                                          "@size":4.0,
                                                          "@style":"BOLD",
                                                          "@family":["SERIF"],
                                                          "@horizontal":true,
                                                          "@leftToRight":true,
                                                          "@spacing":1.0,
                                                          "@topToBottom":true,
                                                          "@containerField":"fontStyle"
                                                        }
                                                      }
                                                    ]
                                                }
                                              }
                                            ],
                                          "-appearance":[
                                              { "Appearance":
                                                {
                                                  "@containerField":"appearance",
                                                  "-material":[
                                                      { "Material":
                                                        {
                                                          "@diffuseColor":[0.8, 0.1, 0.4],
                                                          "@ambientIntensity":0.2,
                                                          "@emissiveColor":[0, 0, 0],
                                                          "@shininess":0.2,
                                                          "@specularColor":[0, 0, 0],
                                                          "@transparency":0,
                                                          "@containerField":"material"
                                                        }
                                                      }
                                                    ]
                                                }
                                              }
                                            ]
                                        }
                                      }
                                    ]
                                }
                              }
                            ]
                        }
                      }
                    ]
                }
              }
            ]
          },
          { "-children":[
              { "Group":
                {
                  "@bboxCenter":[0, 0, 0],
                  "@bboxSize":[-1, -1, -1],
                  "@containerField":"children",
                  "-children":[
                      { "Transform":
                        {
                          "@scale":[0.5, 1, 0.5],
                          "@translation":[-10, 0, 20],
                          "@center":[0, 0, 0],
                          "@rotation":[0, 0, 1, 0],
                          "@scaleOrientation":[0, 0, 1, 0],
                          "@bboxCenter":[0, 0, 0],
                          "@bboxSize":[-1, -1, -1],
                          "@containerField":"children",
                          "-children":[
                              { "Group":
                                {
                                  "@USE":"HUT",
                                  "@containerField":"children"
                                }
                              }
                            ],
                          "-children":[
                              { "Transform":
                                {
                                  "@translation":[0, 24, 0],
                                  "@center":[0, 0, 0],
                                  "@rotation":[0, 0, 1, 0],
                                  "@scale":[1, 1, 1],
                                  "@scaleOrientation":[0, 0, 1, 0],
                                  "@bboxCenter":[0, 0, 0],
                                  "@bboxSize":[-1, -1, -1],
                                  "@containerField":"children",
                                  "-children":[
                                      { "Shape":
                                        {
                                          "@containerField":"children",
                                          "@bboxCenter":[0, 0, 0],
                                          "@bboxSize":[-1, -1, -1],
                                          "-geometry":[
                                              { "Text":
                                                {
                                                  "@string":["Outhouse"],
                                                  "@maxExtent":0.0,
                                                  "@solid":false,
                                                  "@containerField":"geometry",
                                                  "-fontStyle":[
                                                      { "FontStyle":
                                                        {
                                                          "@family":["SANS"],
                                                          "@horizontal":false,
                                                          "@justify":["MIDDLE", "MIDDLE"],
                                                          "@size":5.0,
                                                          "@style":"BOLD",
                                                          "@leftToRight":true,
                                                          "@spacing":1.0,
                                                          "@topToBottom":true,
                                                          "@containerField":"fontStyle"
                                                        }
                                                      }
                                                    ]
                                                }
                                              }
                                            ],
                                          "-appearance":[
                                              { "Appearance":
                                                {
                                                  "@containerField":"appearance",
                                                  "-material":[
                                                      { "Material":
                                                        {
                                                          "@diffuseColor":[0.8, 0.1, 0.4],
                                                          "@ambientIntensity":0.2,
                                                          "@emissiveColor":[0, 0, 0],
                                                          "@shininess":0.2,
                                                          "@specularColor":[0, 0, 0],
                                                          "@transparency":0,
                                                          "@containerField":"material"
                                                        }
                                                      }
                                                    ]
                                                }
                                              }
                                            ]
                                        }
                                      }
                                    ]
                                }
                              }
                            ]
                        }
                      }
                    ]
                }
              }
            ]
          },
          { "-children":[
              { "Group":
                {
                  "@bboxCenter":[0, 0, 0],
                  "@bboxSize":[-1, -1, -1],
                  "@containerField":"children",
                  "-children":[
                      { "Transform":
                        {
                          "@scale":[0.5, 1.0, 0.5],
                          "@translation":[30, 0, 30],
                          "@center":[0, 0, 0],
                          "@rotation":[0, 0, 1, 0],
                          "@scaleOrientation":[0, 0, 1, 0],
                          "@bboxCenter":[0, 0, 0],
                          "@bboxSize":[-1, -1, -1],
                          "@containerField":"children",
                          "-children":[
                              { "Group":
                                {
                                  "@USE":"SPHERE_TREE",
                                  "@containerField":"children"
                                }
                              }
                            ]
                        }
                      }
                    ]
                }
              }
            ]
          },
          { "-children":[
              { "Group":
                {
                  "@bboxCenter":[0, 0, 0],
                  "@bboxSize":[-1, -1, -1],
                  "@containerField":"children",
                  "-children":[
                      { "Transform":
                        {
                          "@scale":[2, 1.0, 2],
                          "@translation":[-45, 0, 30],
                          "@center":[0, 0, 0],
                          "@rotation":[0, 0, 1, 0],
                          "@scaleOrientation":[0, 0, 1, 0],
                          "@bboxCenter":[0, 0, 0],
                          "@bboxSize":[-1, -1, -1],
                          "@containerField":"children",
                          "-children":[
                              { "Group":
                                {
                                  "@USE":"CONE_TREE",
                                  "@containerField":"children"
                                }
                              }
                            ]
                        }
                      }
                    ]
                }
              }
            ]
          },
          { "ROUTE":
            {
              "@fromField":"isOver",
              "@fromNode":"MyTouchSensor",
              "@toField":"set_enabled",
              "@toNode":"CLOCK"
            }
          },
          { "ROUTE":
            {
              "@fromField":"fraction_changed",
              "@fromNode":"CLOCK",
              "@toField":"set_fraction",
              "@toNode":"RoofRotateInterpolator"
            }
          },
          { "ROUTE":
            {
              "@fromField":"value_changed",
              "@fromNode":"RoofRotateInterpolator",
              "@toField":"set_rotation",
              "@toNode":"ROOF_TRANSFORM"
            }
          },
          { "ROUTE":
            {
              "@fromField":"fraction_changed",
              "@fromNode":"CLOCK",
              "@toField":"set_fraction",
              "@toNode":"RoofTranslateInterpolator"
            }
          },
          { "ROUTE":
            {
              "@fromField":"value_changed",
              "@fromNode":"RoofTranslateInterpolator",
              "@toField":"set_translation",
              "@toNode":"ROOF_TRANSFORM"
            }
          }
      ]
    }
  ]
 }
]
