[
 { "X3D":[
    {
      "@profile":"Interchange",
      "@version":3.1,
      "@xsd:noNamespaceSchemaLocation":"http://www.web3d.org/specifications/x3d-3.1.xsd",
      "head":[
          { "meta":
            {
              "@content":"HomeAquarium.x3d",
              "@name":"title"
            }
          },
          { "meta":
            {
              "@content":"Tsardas Nikolaos",
              "@name":"creator"
            }
          },
          { "meta":
            {
              "@content":"1 June 1998",
              "@name":"created"
            }
          },
          { "meta":
            {
              "@content":"22 March 2009",
              "@name":"modified"
            }
          },
          { "meta":
            {
              "@content":"Student project showing a small aquarium.",
              "@name":"description"
            }
          },
          { "meta":
            {
              "@content":"http://www.web3d.org/x3d/content/examples/Basic/StudentProjects/HomeAquarium.x3d",
              "@name":"identifier"
            }
          },
          { "meta":
            {
              "@content":"X3D-Edit 3.3, https://savage.nps.edu/X3D-Edit",
              "@name":"generator"
            }
          },
          { "meta":
            {
              "@content":"../license.html",
              "@name":"license"
            }
          }
      ],
      "Scene":[
          { "-children":[
              { "Viewpoint":
                {
                  "@description":"Water tank on a table",
                  "@position":[0, 0, 20],
                  "@fieldOfView":0.7854,
                  "@jump":true,
                  "@orientation":[0, 0, 1, 0],
                  "@centerOfRotation":[0, 0, 0],
                  "@containerField":"children"
                }
              }
            ]
          },
          { "-children":[
              { "Group":
                {
                  "@bboxCenter":[0, 0, 0],
                  "@bboxSize":[-1, -1, -1],
                  "@containerField":"children",
                  "-children":[
                      { "Transform":
                        {
                          "@center":[0, 0, 0],
                          "@rotation":[0, 0, 1, 0],
                          "@scale":[1, 1, 1],
                          "@scaleOrientation":[0, 0, 1, 0],
                          "@translation":[0, 0, 0],
                          "@bboxCenter":[0, 0, 0],
                          "@bboxSize":[-1, -1, -1],
                          "@containerField":"children",
                          "-children":[
                              { "Transform":
                                {
                                  "@translation":[0.0, 0.25, 0.0],
                                  "@center":[0, 0, 0],
                                  "@rotation":[0, 0, 1, 0],
                                  "@scale":[1, 1, 1],
                                  "@scaleOrientation":[0, 0, 1, 0],
                                  "@bboxCenter":[0, 0, 0],
                                  "@bboxSize":[-1, -1, -1],
                                  "@containerField":"children",
                                  "-children":[
                                      { "Shape":
                                        {
                                          "@containerField":"children",
                                          "@bboxCenter":[0, 0, 0],
                                          "@bboxSize":[-1, -1, -1],
                                          "-appearance":[
                                              { "Appearance":
                                                {
                                                  "@containerField":"appearance",
                                                  "-material":[
                                                      { "Material":
                                                        {
                                                          "@diffuseColor":[1.0, 1.0, 1.0],
                                                          "@transparency":0.5,
                                                          "@ambientIntensity":0.2,
                                                          "@emissiveColor":[0, 0, 0],
                                                          "@shininess":0.2,
                                                          "@specularColor":[0, 0, 0],
                                                          "@containerField":"material"
                                                        }
                                                      }
                                                    ]
                                                }
                                              }
                                            ],
                                          "-geometry":[
                                              { "Box":
                                                {
                                                  "@size":[12.0, 4.5, 4.0],
                                                  "@solid":true,
                                                  "@containerField":"geometry"
                                                }
                                              }
                                            ]
                                        }
                                      }
                                    ]
                                }
                              }
                            ],
                          "-children":[
                              { "Transform":
                                {
                                  "@center":[0, 0, 0],
                                  "@rotation":[0, 0, 1, 0],
                                  "@scale":[1, 1, 1],
                                  "@scaleOrientation":[0, 0, 1, 0],
                                  "@translation":[0, 0, 0],
                                  "@bboxCenter":[0, 0, 0],
                                  "@bboxSize":[-1, -1, -1],
                                  "@containerField":"children",
                                  "-children":[
                                      { "Shape":
                                        {
                                          "@containerField":"children",
                                          "@bboxCenter":[0, 0, 0],
                                          "@bboxSize":[-1, -1, -1],
                                          "-appearance":[
                                              { "Appearance":
                                                {
                                                  "@containerField":"appearance",
                                                  "-material":[
                                                      { "Material":
                                                        {
                                                          "@diffuseColor":[0, 0, 1],
                                                          "@transparency":0.5,
                                                          "@ambientIntensity":0.2,
                                                          "@emissiveColor":[0, 0, 0],
                                                          "@shininess":0.2,
                                                          "@specularColor":[0, 0, 0],
                                                          "@containerField":"material"
                                                        }
                                                      }
                                                    ]
                                                }
                                              }
                                            ],
                                          "-geometry":[
                                              { "Box":
                                                {
                                                  "@size":[12.0, 4.0, 4.0],
                                                  "@solid":true,
                                                  "@containerField":"geometry"
                                                }
                                              }
                                            ]
                                        }
                                      }
                                    ]
                                }
                              }
                            ]
                        }
                      }
                    ],
                  "-children":[
                      { "Transform":
                        {
                          "@translation":[0.0, -2.5, 0.0],
                          "@center":[0, 0, 0],
                          "@rotation":[0, 0, 1, 0],
                          "@scale":[1, 1, 1],
                          "@scaleOrientation":[0, 0, 1, 0],
                          "@bboxCenter":[0, 0, 0],
                          "@bboxSize":[-1, -1, -1],
                          "@containerField":"children",
                          "-children":[
                              { "Shape":
                                {
                                  "@containerField":"children",
                                  "@bboxCenter":[0, 0, 0],
                                  "@bboxSize":[-1, -1, -1],
                                  "-appearance":[
                                      { "Appearance":
                                        {
                                          "@containerField":"appearance",
                                          "-material":[
                                              { "Material":
                                                {
                                                  "@diffuseColor":[0.5, 0.4, 0.3],
                                                  "@ambientIntensity":0.2,
                                                  "@emissiveColor":[0, 0, 0],
                                                  "@shininess":0.2,
                                                  "@specularColor":[0, 0, 0],
                                                  "@transparency":0,
                                                  "@containerField":"material"
                                                }
                                              }
                                            ]
                                        }
                                      }
                                    ],
                                  "-geometry":[
                                      { "Box":
                                        {
                                          "@size":[16.0, 1.0, 8.0],
                                          "@solid":true,
                                          "@containerField":"geometry"
                                        }
                                      }
                                    ]
                                }
                              }
                            ]
                        }
                      }
                    ],
                  "-children":[
                      { "Transform":
                        {
                          "@translation":[-7.5, -5.5, -3.5],
                          "@center":[0, 0, 0],
                          "@rotation":[0, 0, 1, 0],
                          "@scale":[1, 1, 1],
                          "@scaleOrientation":[0, 0, 1, 0],
                          "@bboxCenter":[0, 0, 0],
                          "@bboxSize":[-1, -1, -1],
                          "@containerField":"children",
                          "-children":[
                              { "Shape":
                                {
                                  "@containerField":"children",
                                  "@bboxCenter":[0, 0, 0],
                                  "@bboxSize":[-1, -1, -1],
                                  "-appearance":[
                                      { "Appearance":
                                        {
                                          "@containerField":"appearance",
                                          "-material":[
                                              { "Material":
                                                {
                                                  "@diffuseColor":[0.5, 0.4, 0.3],
                                                  "@ambientIntensity":0.2,
                                                  "@emissiveColor":[0, 0, 0],
                                                  "@shininess":0.2,
                                                  "@specularColor":[0, 0, 0],
                                                  "@transparency":0,
                                                  "@containerField":"material"
                                                }
                                              }
                                            ]
                                        }
                                      }
                                    ],
                                  "-geometry":[
                                      { "Box":
                                        {
                                          "@size":[1.0, 5.0, 1.0],
                                          "@solid":true,
                                          "@containerField":"geometry"
                                        }
                                      }
                                    ]
                                }
                              }
                            ]
                        }
                      }
                    ],
                  "-children":[
                      { "Transform":
                        {
                          "@translation":[7.5, -5.5, -3.5],
                          "@center":[0, 0, 0],
                          "@rotation":[0, 0, 1, 0],
                          "@scale":[1, 1, 1],
                          "@scaleOrientation":[0, 0, 1, 0],
                          "@bboxCenter":[0, 0, 0],
                          "@bboxSize":[-1, -1, -1],
                          "@containerField":"children",
                          "-children":[
                              { "Shape":
                                {
                                  "@containerField":"children",
                                  "@bboxCenter":[0, 0, 0],
                                  "@bboxSize":[-1, -1, -1],
                                  "-appearance":[
                                      { "Appearance":
                                        {
                                          "@containerField":"appearance",
                                          "-material":[
                                              { "Material":
                                                {
                                                  "@diffuseColor":[0.5, 0.4, 0.3],
                                                  "@ambientIntensity":0.2,
                                                  "@emissiveColor":[0, 0, 0],
                                                  "@shininess":0.2,
                                                  "@specularColor":[0, 0, 0],
                                                  "@transparency":0,
                                                  "@containerField":"material"
                                                }
                                              }
                                            ]
                                        }
                                      }
                                    ],
                                  "-geometry":[
                                      { "Box":
                                        {
                                          "@size":[1.0, 5.0, 1.0],
                                          "@solid":true,
                                          "@containerField":"geometry"
                                        }
                                      }
                                    ]
                                }
                              }
                            ]
                        }
                      }
                    ],
                  "-children":[
                      { "Transform":
                        {
                          "@translation":[-7.5, -5.5, 3.5],
                          "@center":[0, 0, 0],
                          "@rotation":[0, 0, 1, 0],
                          "@scale":[1, 1, 1],
                          "@scaleOrientation":[0, 0, 1, 0],
                          "@bboxCenter":[0, 0, 0],
                          "@bboxSize":[-1, -1, -1],
                          "@containerField":"children",
                          "-children":[
                              { "Shape":
                                {
                                  "@containerField":"children",
                                  "@bboxCenter":[0, 0, 0],
                                  "@bboxSize":[-1, -1, -1],
                                  "-appearance":[
                                      { "Appearance":
                                        {
                                          "@containerField":"appearance",
                                          "-material":[
                                              { "Material":
                                                {
                                                  "@diffuseColor":[0.5, 0.4, 0.3],
                                                  "@ambientIntensity":0.2,
                                                  "@emissiveColor":[0, 0, 0],
                                                  "@shininess":0.2,
                                                  "@specularColor":[0, 0, 0],
                                                  "@transparency":0,
                                                  "@containerField":"material"
                                                }
                                              }
                                            ]
                                        }
                                      }
                                    ],
                                  "-geometry":[
                                      { "Box":
                                        {
                                          "@size":[1.0, 5.0, 1.0],
                                          "@solid":true,
                                          "@containerField":"geometry"
                                        }
                                      }
                                    ]
                                }
                              }
                            ]
                        }
                      }
                    ],
                  "-children":[
                      { "Transform":
                        {
                          "@translation":[7.5, -5.5, 3.5],
                          "@center":[0, 0, 0],
                          "@rotation":[0, 0, 1, 0],
                          "@scale":[1, 1, 1],
                          "@scaleOrientation":[0, 0, 1, 0],
                          "@bboxCenter":[0, 0, 0],
                          "@bboxSize":[-1, -1, -1],
                          "@containerField":"children",
                          "-children":[
                              { "Shape":
                                {
                                  "@containerField":"children",
                                  "@bboxCenter":[0, 0, 0],
                                  "@bboxSize":[-1, -1, -1],
                                  "-appearance":[
                                      { "Appearance":
                                        {
                                          "@containerField":"appearance",
                                          "-material":[
                                              { "Material":
                                                {
                                                  "@diffuseColor":[0.5, 0.4, 0.3],
                                                  "@ambientIntensity":0.2,
                                                  "@emissiveColor":[0, 0, 0],
                                                  "@shininess":0.2,
                                                  "@specularColor":[0, 0, 0],
                                                  "@transparency":0,
                                                  "@containerField":"material"
                                                }
                                              }
                                            ]
                                        }
                                      }
                                    ],
                                  "-geometry":[
                                      { "Box":
                                        {
                                          "@size":[1.0, 5.0, 1.0],
                                          "@solid":true,
                                          "@containerField":"geometry"
                                        }
                                      }
                                    ]
                                }
                              }
                            ]
                        }
                      }
                    ]
                }
              }
            ]
          }
      ]
    }
  ]
 }
]
