[
 { "X3D":[
    {
      "@profile":"Immersive",
      "@version":3.0,
      "@xsd:noNamespaceSchemaLocation":"http://www.web3d.org/specifications/x3d-3.0.xsd",
      "head":[
          { "meta":
            {
              "@content":"IkeaRockingHorse.x3d",
              "@name":"title"
            }
          },
          { "meta":
            {
              "@content":"X3D example Model of an Ikea Rocking Horse",
              "@name":"description"
            }
          },
          { "meta":
            {
              "@content":"3 March 2004",
              "@name":"created"
            }
          },
          { "meta":
            {
              "@content":"13 January 2014",
              "@name":"modified"
            }
          },
          { "meta":
            {
              "@content":"Vaughn Pangelinan",
              "@name":"creator"
            }
          },
          { "meta":
            {
              "@content":"http://www.web3d.org/x3d/content/examples/Basic/StudentProjects/IkeaRockingHorse.x3d",
              "@name":"identifier"
            }
          },
          { "meta":
            {
              "@content":"X3D-Edit 3.3, https://savage.nps.edu/X3D-Edit",
              "@name":"generator"
            }
          },
          { "meta":
            {
              "@content":"../license.html",
              "@name":"license"
            }
          }
      ],
      "Scene":[
          { "-children":[
              { "Viewpoint":
                {
                  "@DEF":"HorseViewRight",
                  "@description":"See Horse Straight On",
                  "@fieldOfView":1.4,
                  "@position":[0, 12, 22],
                  "@jump":true,
                  "@orientation":[0, 0, 1, 0],
                  "@centerOfRotation":[0, 0, 0],
                  "@containerField":"children"
                }
              }
            ]
          },
          { "-children":[
              { "Transform":
                {
                  "@rotation":[1, 0, 0, -1.57],
                  "@center":[0, 0, 0],
                  "@scale":[1, 1, 1],
                  "@scaleOrientation":[0, 0, 1, 0],
                  "@translation":[0, 0, 0],
                  "@bboxCenter":[0, 0, 0],
                  "@bboxSize":[-1, -1, -1],
                  "@containerField":"children",
                  "-children":[
                      { "Transform":
                        {
                          "@center":[0, 0, 0],
                          "@rotation":[0, 0, 1, 0],
                          "@scale":[1, 1, 1],
                          "@scaleOrientation":[0, 0, 1, 0],
                          "@translation":[0, 0, 0],
                          "@bboxCenter":[0, 0, 0],
                          "@bboxSize":[-1, -1, -1],
                          "@containerField":"children",
                          "-children":[
                              { "Transform":
                                {
                                  "@DEF":"RockingHorseTransform",
                                  "@center":[0, 0, 0],
                                  "@rotation":[0, 0, 1, 0],
                                  "@scale":[1, 1, 1],
                                  "@scaleOrientation":[0, 0, 1, 0],
                                  "@translation":[0, 0, 0],
                                  "@bboxCenter":[0, 0, 0],
                                  "@bboxSize":[-1, -1, -1],
                                  "@containerField":"children",
                                  "-children":[
                                      { "Transform":
                                        {
                                          "@DEF":"AutoRotateTransform",
                                          "@center":[0, 50, 0],
                                          "@rotation":[0, 0, 1, 0],
                                          "@scale":[1, 1, 1],
                                          "@scaleOrientation":[0, 0, 1, 0],
                                          "@translation":[0, 0, 0],
                                          "@bboxCenter":[0, 0, 0],
                                          "@bboxSize":[-1, -1, -1],
                                          "@containerField":"children",
                                          "-children":[
                                              { "Viewpoint":
                                                {
                                                  "@DEF":"HorseViewOverhead",
                                                  "@description":"Rock With Horse From Overhead",
                                                  "@fieldOfView":1.1,
                                                  "@position":[0, 0, 40],
                                                  "@jump":true,
                                                  "@orientation":[0, 0, 1, 0],
                                                  "@centerOfRotation":[0, 0, 0],
                                                  "@containerField":"children"
                                                }
                                              }
                                            ],
                                          "-children":[
                                              { "PlaneSensor":
                                                {
                                                  "@DEF":"HorsePlaneSensor",
                                                  "@description":"Moves Horse around Floor",
                                                  "@maxPosition":[15, 15],
                                                  "@minPosition":[-15, -15],
                                                  "@autoOffset":true,
                                                  "@axisRotation":[0, 1, 0, 0],
                                                  "@enabled":true,
                                                  "@offset":[0, 0, 0],
                                                  "@containerField":"children"
                                                }
                                              }
                                            ],
                                          "ROUTE":
                                            {
                                              "@fromField":"translation_changed",
                                              "@fromNode":"HorsePlaneSensor",
                                              "@toField":"set_translation",
                                              "@toNode":"RockingHorseTransform"
                                            },
                                          "-children":[
                                              { "Transform":
                                                {
                                                  "@rotation":[1, 0, 0, 1.57],
                                                  "@translation":[0, 2, 2],
                                                  "@center":[0, 0, 0],
                                                  "@scale":[1, 1, 1],
                                                  "@scaleOrientation":[0, 0, 1, 0],
                                                  "@bboxCenter":[0, 0, 0],
                                                  "@bboxSize":[-1, -1, -1],
                                                  "@containerField":"children",
                                                  "-children":[
                                                      { "Group":
                                                        {
                                                          "@bboxCenter":[0, 0, 0],
                                                          "@bboxSize":[-1, -1, -1],
                                                          "@containerField":"children",
                                                          "-children":[
                                                              { "Transform":
                                                                {
                                                                  "@scale":[1.5, 1, 1],
                                                                  "@translation":[0, 0, 6],
                                                                  "@center":[0, 0, 0],
                                                                  "@rotation":[0, 0, 1, 0],
                                                                  "@scaleOrientation":[0, 0, 1, 0],
                                                                  "@bboxCenter":[0, 0, 0],
                                                                  "@bboxSize":[-1, -1, -1],
                                                                  "@containerField":"children",
                                                                  "-children":[
                                                                      { "Shape":
                                                                        {
                                                                          "@DEF":"Rocker",
                                                                          "@containerField":"children",
                                                                          "@bboxCenter":[0, 0, 0],
                                                                          "@bboxSize":[-1, -1, -1],
                                                                          "-geometry":[
                                                                              { "Extrusion":
                                                                                {
                                                                                  "@convex":false,
                                                                                  "@creaseAngle":0.785,
                                                                                  "@crossSection":[-2, -1, 2, -1, 2, 1, -2, 1, -2, -1],
                                                                                  "@scale":[0.2, 1, 0.6, 1, 1, 1, 1, 1, 1, 1, 1, 1, 1, 1, 1, 1, 1, 1, 1, 1, 1, 1, 1, 1, 1, 1, 1, 1, 1, 1, 1, 1, 1, 1, 1, 1, 1, 1, 1, 1, 1, 1, 1, 1, 1, 1, 1, 1, 1, 1, 1, 1, 1, 1, 1, 1, 1, 1, 0.6, 1, 0.2, 1],
                                                                                  "@solid":false,
                                                                                  "@spine":[-15, 2.6, 0, -14, 2.25, 0, -13, 1.89, 0, -12, 1.6, 0, -11, 1.3, 0, -10, 1.08, 0, -9, 0.86, 0, -8, 0.66, 0, -7, 0.51, 0, -6, 0.39, 0, -5, 0.3, 0, -4, 0.19, 0, -3, 0.13, 0, -2, 0.07, 0, -1, 0.04, 0, 0, 0, 0, 1, 0.04, 0, 2, 0.07, 0, 3, 0.13, 0, 4, 0.19, 0, 5, 0.3, 0, 6, 0.39, 0, 7, 0.51, 0, 8, 0.66, 0, 9, 0.86, 0, 10, 1.08, 0, 11, 1.3, 0, 12, 1.6, 0, 13, 1.89, 0, 14, 2.25, 0, 15, 2.6, 0],
                                                                                  "@beginCap":true,
                                                                                  "@ccw":true,
                                                                                  "@endCap":true,
                                                                                  "@orientation":[0, 0, 1, 0],
                                                                                  "@containerField":"geometry"
                                                                                }
                                                                              }
                                                                            ],
                                                                          "-appearance":[
                                                                              { "Appearance":
                                                                                {
                                                                                  "@containerField":"appearance",
                                                                                  "-material":[
                                                                                      { "Material":
                                                                                        {
                                                                                          "@DEF":"Wood",
                                                                                          "@diffuseColor":[0.6, 0.5, 0.2],
                                                                                          "@ambientIntensity":0.2,
                                                                                          "@emissiveColor":[0, 0, 0],
                                                                                          "@shininess":0.2,
                                                                                          "@specularColor":[0, 0, 0],
                                                                                          "@transparency":0,
                                                                                          "@containerField":"material"
                                                                                        }
                                                                                      }
                                                                                    ]
                                                                                }
                                                                              }
                                                                            ]
                                                                        }
                                                                      }
                                                                    ]
                                                                }
                                                              }
                                                            ],
                                                          "-children":[
                                                              { "Transform":
                                                                {
                                                                  "@scale":[1.5, 1, 1],
                                                                  "@translation":[0, 0, -6],
                                                                  "@center":[0, 0, 0],
                                                                  "@rotation":[0, 0, 1, 0],
                                                                  "@scaleOrientation":[0, 0, 1, 0],
                                                                  "@bboxCenter":[0, 0, 0],
                                                                  "@bboxSize":[-1, -1, -1],
                                                                  "@containerField":"children",
                                                                  "-children":[
                                                                      { "Shape":
                                                                        {
                                                                          "@USE":"Rocker",
                                                                          "@containerField":"children"
                                                                        }
                                                                      }
                                                                    ]
                                                                }
                                                              }
                                                            ],
                                                          "-children":[
                                                              { "Transform":
                                                                {
                                                                  "@translation":[-8, 1.75, 0],
                                                                  "@center":[0, 0, 0],
                                                                  "@rotation":[0, 0, 1, 0],
                                                                  "@scale":[1, 1, 1],
                                                                  "@scaleOrientation":[0, 0, 1, 0],
                                                                  "@bboxCenter":[0, 0, 0],
                                                                  "@bboxSize":[-1, -1, -1],
                                                                  "@containerField":"children",
                                                                  "-children":[
                                                                      { "Shape":
                                                                        {
                                                                          "@DEF":"RockerCrossBar",
                                                                          "@containerField":"children",
                                                                          "@bboxCenter":[0, 0, 0],
                                                                          "@bboxSize":[-1, -1, -1],
                                                                          "-appearance":[
                                                                              { "Appearance":
                                                                                {
                                                                                  "@containerField":"appearance",
                                                                                  "-material":[
                                                                                      { "Material":
                                                                                        {
                                                                                          "@USE":"Wood",
                                                                                          "@containerField":"material"
                                                                                        }
                                                                                      }
                                                                                    ]
                                                                                }
                                                                              }
                                                                            ],
                                                                          "-geometry":[
                                                                              { "Box":
                                                                                {
                                                                                  "@size":[4, 0.75, 12],
                                                                                  "@solid":true,
                                                                                  "@containerField":"geometry"
                                                                                }
                                                                              }
                                                                            ]
                                                                        }
                                                                      }
                                                                    ]
                                                                }
                                                              }
                                                            ],
                                                          "-children":[
                                                              { "Transform":
                                                                {
                                                                  "@translation":[8, 1.75, 0],
                                                                  "@center":[0, 0, 0],
                                                                  "@rotation":[0, 0, 1, 0],
                                                                  "@scale":[1, 1, 1],
                                                                  "@scaleOrientation":[0, 0, 1, 0],
                                                                  "@bboxCenter":[0, 0, 0],
                                                                  "@bboxSize":[-1, -1, -1],
                                                                  "@containerField":"children",
                                                                  "-children":[
                                                                      { "Shape":
                                                                        {
                                                                          "@USE":"RockerCrossBar",
                                                                          "@containerField":"children"
                                                                        }
                                                                      }
                                                                    ]
                                                                }
                                                              }
                                                            ],
                                                          "-children":[
                                                              { "Transform":
                                                                {
                                                                  "@translation":[8, 1.75, 4],
                                                                  "@center":[0, 0, 0],
                                                                  "@rotation":[0, 0, 1, 0],
                                                                  "@scale":[1, 1, 1],
                                                                  "@scaleOrientation":[0, 0, 1, 0],
                                                                  "@bboxCenter":[0, 0, 0],
                                                                  "@bboxSize":[-1, -1, -1],
                                                                  "@containerField":"children",
                                                                  "-children":[
                                                                      { "Shape":
                                                                        {
                                                                          "@DEF":"RockerHindLeg",
                                                                          "@containerField":"children",
                                                                          "@bboxCenter":[0, 0, 0],
                                                                          "@bboxSize":[-1, -1, -1],
                                                                          "-appearance":[
                                                                              { "Appearance":
                                                                                {
                                                                                  "@containerField":"appearance",
                                                                                  "-material":[
                                                                                      { "Material":
                                                                                        {
                                                                                          "@DEF":"NewGreen",
                                                                                          "@diffuseColor":[0.1, 0.6, 0.1],
                                                                                          "@ambientIntensity":0.2,
                                                                                          "@emissiveColor":[0, 0, 0],
                                                                                          "@shininess":0.2,
                                                                                          "@specularColor":[0, 0, 0],
                                                                                          "@transparency":0,
                                                                                          "@containerField":"material"
                                                                                        }
                                                                                      }
                                                                                    ]
                                                                                }
                                                                              }
                                                                            ],
                                                                          "-geometry":[
                                                                              { "Extrusion":
                                                                                {
                                                                                  "@convex":false,
                                                                                  "@creaseAngle":0.785,
                                                                                  "@crossSection":[-2, -0.5, 2, -0.5, 2, 0.5, -2, 0.5, -2, -0.5],
                                                                                  "@scale":[1, 1, 0.9, 1, 0.8, 1, 0.75, 1, 0.8, 1, 0.9, 1, 1, 1, 1, 1],
                                                                                  "@solid":false,
                                                                                  "@spine":[0, 0, 0, 0, 1, 0, 0, 2, 0, 0, 3, 0, 0, 4, 0, 0, 5, 0, 0, 6, 0, 0, 12, 0],
                                                                                  "@beginCap":true,
                                                                                  "@ccw":true,
                                                                                  "@endCap":true,
                                                                                  "@orientation":[0, 0, 1, 0],
                                                                                  "@containerField":"geometry"
                                                                                }
                                                                              }
                                                                            ]
                                                                        }
                                                                      }
                                                                    ]
                                                                }
                                                              }
                                                            ],
                                                          "-children":[
                                                              { "Transform":
                                                                {
                                                                  "@translation":[8, 1.75, -4],
                                                                  "@center":[0, 0, 0],
                                                                  "@rotation":[0, 0, 1, 0],
                                                                  "@scale":[1, 1, 1],
                                                                  "@scaleOrientation":[0, 0, 1, 0],
                                                                  "@bboxCenter":[0, 0, 0],
                                                                  "@bboxSize":[-1, -1, -1],
                                                                  "@containerField":"children",
                                                                  "-children":[
                                                                      { "Shape":
                                                                        {
                                                                          "@USE":"RockerHindLeg",
                                                                          "@containerField":"children"
                                                                        }
                                                                      }
                                                                    ]
                                                                }
                                                              }
                                                            ],
                                                          "-children":[
                                                              { "Transform":
                                                                {
                                                                  "@scale":[1, 1, 0.5],
                                                                  "@translation":[3, 14.25, 0],
                                                                  "@center":[0, 0, 0],
                                                                  "@rotation":[0, 0, 1, 0],
                                                                  "@scaleOrientation":[0, 0, 1, 0],
                                                                  "@bboxCenter":[0, 0, 0],
                                                                  "@bboxSize":[-1, -1, -1],
                                                                  "@containerField":"children",
                                                                  "-children":[
                                                                      { "Shape":
                                                                        {
                                                                          "@DEF":"RockerSeat",
                                                                          "@containerField":"children",
                                                                          "@bboxCenter":[0, 0, 0],
                                                                          "@bboxSize":[-1, -1, -1],
                                                                          "-appearance":[
                                                                              { "Appearance":
                                                                                {
                                                                                  "@containerField":"appearance",
                                                                                  "-material":[
                                                                                      { "Material":
                                                                                        {
                                                                                          "@DEF":"NewBlue",
                                                                                          "@diffuseColor":[0.1, 0.1, 0.6],
                                                                                          "@ambientIntensity":0.2,
                                                                                          "@emissiveColor":[0, 0, 0],
                                                                                          "@shininess":0.2,
                                                                                          "@specularColor":[0, 0, 0],
                                                                                          "@transparency":0,
                                                                                          "@containerField":"material"
                                                                                        }
                                                                                      }
                                                                                    ]
                                                                                }
                                                                              }
                                                                            ],
                                                                          "-geometry":[
                                                                              { "Cylinder":
                                                                                {
                                                                                  "@height":1,
                                                                                  "@radius":12,
                                                                                  "@bottom":true,
                                                                                  "@side":true,
                                                                                  "@top":true,
                                                                                  "@solid":true,
                                                                                  "@containerField":"geometry"
                                                                                }
                                                                              }
                                                                            ]
                                                                        }
                                                                      }
                                                                    ]
                                                                }
                                                              }
                                                            ],
                                                          "-children":[
                                                              { "Transform":
                                                                {
                                                                  "@translation":[-9.99, 1.75, 0],
                                                                  "@center":[0, 0, 0],
                                                                  "@rotation":[0, 0, 1, 0],
                                                                  "@scale":[1, 1, 1],
                                                                  "@scaleOrientation":[0, 0, 1, 0],
                                                                  "@bboxCenter":[0, 0, 0],
                                                                  "@bboxSize":[-1, -1, -1],
                                                                  "@containerField":"children",
                                                                  "-children":[
                                                                      { "Shape":
                                                                        {
                                                                          "@DEF":"HorseFront",
                                                                          "@containerField":"children",
                                                                          "@bboxCenter":[0, 0, 0],
                                                                          "@bboxSize":[-1, -1, -1],
                                                                          "-appearance":[
                                                                              { "Appearance":
                                                                                {
                                                                                  "@containerField":"appearance",
                                                                                  "-material":[
                                                                                      { "Material":
                                                                                        {
                                                                                          "@DEF":"NewRed",
                                                                                          "@diffuseColor":[0.7, 0.1, 0.1],
                                                                                          "@ambientIntensity":0.2,
                                                                                          "@emissiveColor":[0, 0, 0],
                                                                                          "@shininess":0.2,
                                                                                          "@specularColor":[0, 0, 0],
                                                                                          "@transparency":0,
                                                                                          "@containerField":"material"
                                                                                        }
                                                                                      }
                                                                                    ]
                                                                                }
                                                                              }
                                                                            ],
                                                                          "-geometry":[
                                                                              { "Extrusion":
                                                                                {
                                                                                  "@convex":false,
                                                                                  "@creaseAngle":0.785,
                                                                                  "@crossSection":[0, 0, 3.75, 0.28125, 5.90625, 2.625, 7.21875, 6.65625, 7.78125, 15.65625, 5.15625, 22.6875, 4.40625, 23.625, 4.125, 23.8125, 3.46875, 24, 2.71875, 23.8125, 1.78125, 22.875, 0.75, 20.90625, -3.5625, 16.78125, -4.40625, 15, -4.3125, 13.125, -3.46875, 11.90625, -1.96875, 11.625, -0.46875, 12.28125, 0.9375, 13.03125, 1.875, 13.03125, 2.4375, 12.46875, 2.25, 5.71875, 1.40625, 3.09375, 0.46875, 1.40625, 0, 0.5625, 0, 0],
                                                                                  "@solid":false,
                                                                                  "@spine":[0, 0, 0.5, 0, 0, -0.5],
                                                                                  "@beginCap":true,
                                                                                  "@ccw":true,
                                                                                  "@endCap":true,
                                                                                  "@orientation":[0, 0, 1, 0],
                                                                                  "@scale":[1, 1],
                                                                                  "@containerField":"geometry"
                                                                                }
                                                                              }
                                                                            ]
                                                                        }
                                                                      }
                                                                    ]
                                                                }
                                                              }
                                                            ],
                                                          "-children":[
                                                              { "Transform":
                                                                {
                                                                  "@rotation":[0, 0, 1, 3.14],
                                                                  "@scale":[1, 1, 1.35],
                                                                  "@translation":[10, 19.8, 3.6],
                                                                  "@center":[0, 0, 0],
                                                                  "@scaleOrientation":[0, 0, 1, 0],
                                                                  "@bboxCenter":[0, 0, 0],
                                                                  "@bboxSize":[-1, -1, -1],
                                                                  "@containerField":"children",
                                                                  "-children":[
                                                                      { "Transform":
                                                                        {
                                                                          "@rotation":[0, 1, 0, 1.57],
                                                                          "@center":[0, 0, 0],
                                                                          "@scale":[1, 1, 1],
                                                                          "@scaleOrientation":[0, 0, 1, 0],
                                                                          "@translation":[0, 0, 0],
                                                                          "@bboxCenter":[0, 0, 0],
                                                                          "@bboxSize":[-1, -1, -1],
                                                                          "@containerField":"children",
                                                                          "-children":[
                                                                              { "Transform":
                                                                                {
                                                                                  "@rotation":[1, 0, 0, 0.3],
                                                                                  "@center":[0, 0, 0],
                                                                                  "@scale":[1, 1, 1],
                                                                                  "@scaleOrientation":[0, 0, 1, 0],
                                                                                  "@translation":[0, 0, 0],
                                                                                  "@bboxCenter":[0, 0, 0],
                                                                                  "@bboxSize":[-1, -1, -1],
                                                                                  "@containerField":"children",
                                                                                  "-children":[
                                                                                      { "Shape":
                                                                                        {
                                                                                          "@DEF":"SeatBack",
                                                                                          "@containerField":"children",
                                                                                          "@bboxCenter":[0, 0, 0],
                                                                                          "@bboxSize":[-1, -1, -1],
                                                                                          "-appearance":[
                                                                                              { "Appearance":
                                                                                                {
                                                                                                  "@containerField":"appearance",
                                                                                                  "-material":[
                                                                                                      { "Material":
                                                                                                        {
                                                                                                          "@DEF":"NewYellow",
                                                                                                          "@diffuseColor":[0.8, 0.8, 0.1],
                                                                                                          "@ambientIntensity":0.2,
                                                                                                          "@emissiveColor":[0, 0, 0],
                                                                                                          "@shininess":0.2,
                                                                                                          "@specularColor":[0, 0, 0],
                                                                                                          "@transparency":0,
                                                                                                          "@containerField":"material"
                                                                                                        }
                                                                                                      }
                                                                                                    ]
                                                                                                }
                                                                                              }
                                                                                            ],
                                                                                          "-geometry":[
                                                                                              { "Extrusion":
                                                                                                {
                                                                                                  "@convex":false,
                                                                                                  "@creaseAngle":0.785,
                                                                                                  "@crossSection":[0, 6, 0, 1.976470588, 0.635294118, 0.988235294, 1.270588235, 0.423529412, 2.117647059, 0.070588235, 2.752941176, 0, 3.6, 0.211764706, 4.376470588, 0.705882353, 4.870588235, 1.482352941, 5.082352941, 2.258823529, 5.082352941, 6, 0, 6],
                                                                                                  "@solid":false,
                                                                                                  "@spine":[0, 0, 0.5, 0, 0, -0.5],
                                                                                                  "@beginCap":true,
                                                                                                  "@ccw":true,
                                                                                                  "@endCap":true,
                                                                                                  "@orientation":[0, 0, 1, 0],
                                                                                                  "@scale":[1, 1],
                                                                                                  "@containerField":"geometry"
                                                                                                }
                                                                                              }
                                                                                            ]
                                                                                        }
                                                                                      }
                                                                                    ]
                                                                                }
                                                                              }
                                                                            ]
                                                                        }
                                                                      }
                                                                    ]
                                                                }
                                                              }
                                                            ],
                                                          "-children":[
                                                              { "Transform":
                                                                {
                                                                  "@rotation":[1, 0, 0, 1.57],
                                                                  "@translation":[-6.5, 24, 0],
                                                                  "@center":[0, 0, 0],
                                                                  "@scale":[1, 1, 1],
                                                                  "@scaleOrientation":[0, 0, 1, 0],
                                                                  "@bboxCenter":[0, 0, 0],
                                                                  "@bboxSize":[-1, -1, -1],
                                                                  "@containerField":"children",
                                                                  "-children":[
                                                                      { "Shape":
                                                                        {
                                                                          "@DEF":"RockerHandle",
                                                                          "@containerField":"children",
                                                                          "@bboxCenter":[0, 0, 0],
                                                                          "@bboxSize":[-1, -1, -1],
                                                                          "-appearance":[
                                                                              { "Appearance":
                                                                                {
                                                                                  "@containerField":"appearance",
                                                                                  "-material":[
                                                                                      { "Material":
                                                                                        {
                                                                                          "@USE":"Wood",
                                                                                          "@containerField":"material"
                                                                                        }
                                                                                      }
                                                                                    ]
                                                                                }
                                                                              }
                                                                            ],
                                                                          "-geometry":[
                                                                              { "Cylinder":
                                                                                {
                                                                                  "@height":10,
                                                                                  "@radius":0.75,
                                                                                  "@bottom":true,
                                                                                  "@side":true,
                                                                                  "@top":true,
                                                                                  "@solid":true,
                                                                                  "@containerField":"geometry"
                                                                                }
                                                                              }
                                                                            ]
                                                                        }
                                                                      }
                                                                    ]
                                                                }
                                                              }
                                                            ],
                                                          "-children":[
                                                              { "Transform":
                                                                {
                                                                  "@rotation":[1, 0, 0, 1.57],
                                                                  "@translation":[-8.5, 21, 0],
                                                                  "@center":[0, 0, 0],
                                                                  "@scale":[1, 1, 1],
                                                                  "@scaleOrientation":[0, 0, 1, 0],
                                                                  "@bboxCenter":[0, 0, 0],
                                                                  "@bboxSize":[-1, -1, -1],
                                                                  "@containerField":"children",
                                                                  "-children":[
                                                                      { "Shape":
                                                                        {
                                                                          "@DEF":"RockerEye",
                                                                          "@containerField":"children",
                                                                          "@bboxCenter":[0, 0, 0],
                                                                          "@bboxSize":[-1, -1, -1],
                                                                          "-appearance":[
                                                                              { "Appearance":
                                                                                {
                                                                                  "@containerField":"appearance",
                                                                                  "-material":[
                                                                                      { "Material":
                                                                                        {
                                                                                          "@diffuseColor":[0.1, 0.1, 0.1],
                                                                                          "@ambientIntensity":0.2,
                                                                                          "@emissiveColor":[0, 0, 0],
                                                                                          "@shininess":0.2,
                                                                                          "@specularColor":[0, 0, 0],
                                                                                          "@transparency":0,
                                                                                          "@containerField":"material"
                                                                                        }
                                                                                      }
                                                                                    ]
                                                                                }
                                                                              }
                                                                            ],
                                                                          "-geometry":[
                                                                              { "Cylinder":
                                                                                {
                                                                                  "@height":1.01,
                                                                                  "@radius":0.75,
                                                                                  "@bottom":true,
                                                                                  "@side":true,
                                                                                  "@top":true,
                                                                                  "@solid":true,
                                                                                  "@containerField":"geometry"
                                                                                }
                                                                              }
                                                                            ]
                                                                        }
                                                                      }
                                                                    ]
                                                                }
                                                              }
                                                            ]
                                                        }
                                                      }
                                                    ]
                                                }
                                              }
                                            ]
                                        }
                                      }
                                    ],
                                  "-children":[
                                      { "TimeSensor":
                                        {
                                          "@DEF":"CLOCK",
                                          "@cycleInterval":2,
                                          "@loop":true,
                                          "@enabled":true,
                                          "@startTime":0,
                                          "@stopTime":0,
                                          "@pauseTime":0,
                                          "@resumeTime":0,
                                          "@containerField":"children"
                                        }
                                      }
                                    ],
                                  "-children":[
                                      { "OrientationInterpolator":
                                        {
                                          "@DEF":"HorsePathInterpolator",
                                          "@key":[0.0, 0.125, 0.25, 0.375, 0.5, 0.625, 0.75, 0.875, 1.0],
                                          "@keyValue":[0.0, 1.0, 0.0, 0.0, 0.0, 1.0, 0.0, 0.04, 0.0, 1.0, 0.0, 0.08, 0.0, 1.0, 0.0, 0.04, 0.0, 1.0, 0.0, 0.0, 0.0, 1.0, 0.0, -0.04, 0.0, 1.0, 0.0, -0.08, 0.0, 1.0, 0.0, -0.04, 0.0, 1.0, 0.0, 0.0],
                                          "@containerField":"children"
                                        }
                                      }
                                    ],
                                  "ROUTE":
                                    {
                                      "@fromField":"fraction_changed",
                                      "@fromNode":"CLOCK",
                                      "@toField":"set_fraction",
                                      "@toNode":"HorsePathInterpolator"
                                    },
                                  "ROUTE":
                                    {
                                      "@fromField":"value_changed",
                                      "@fromNode":"HorsePathInterpolator",
                                      "@toField":"set_rotation",
                                      "@toNode":"AutoRotateTransform"
                                    }
                                }
                              }
                            ]
                        }
                      }
                    ]
                }
              }
            ]
          }
      ]
    }
  ]
 }
]
