[
 { "X3D":[
    {
      "@profile":"Immersive",
      "@version":3.1,
      "@xsd:noNamespaceSchemaLocation":"http://www.web3d.org/specifications/x3d-3.1.xsd",
      "head":[
          { "meta":
            {
              "@content":"NetworkSensorConnectionPrototypes.x3d",
              "@name":"title"
            }
          },
          { "meta":
            {
              "@content":"Prototypes for NetworkSensor and Connection nodes",
              "@name":"description"
            }
          },
          { "meta":
            {
              "@content":"Don Brutzman, Chris Thorne, Don McGregor, Shun-Yun Hu",
              "@name":"creator"
            }
          },
          { "meta":
            {
              "@content":"14 March 2008",
              "@name":"created"
            }
          },
          { "meta":
            {
              "@content":"13 January 2014",
              "@name":"modified"
            }
          },
          { "meta":
            {
              "@content":"under development",
              "@name":"warning"
            }
          },
          { "meta":
            {
              "@content":"NetworkSensorConnectionNodes.html",
              "@name":"reference"
            }
          },
          { "meta":
            {
              "@content":"http://www.xj3d.org/tutorials/general_sai.html",
              "@name":"reference"
            }
          },
          { "meta":
            {
              "@content":"http://www.web3d.org/x3d/specifications/ISO-IEC-CD-19775-2.2/Part02/X3D_SAI.html",
              "@name":"reference"
            }
          },
          { "meta":
            {
              "@content":"http://www.web3d.org/x3d/specifications/ISO-IEC-19777-2-X3DLanguageBindings-Java/Part2/X3D_Java.html",
              "@name":"reference"
            }
          },
          { "meta":
            {
              "@content":"Prototypes for NetworkSensor and Connection nodes",
              "@name":"subject"
            }
          },
          { "meta":
            {
              "@content":"http://www.web3d.org/x3d/content/examples/Basic/Networking/NetworkSensorConnectionPrototypes.x3d",
              "@name":"identifier"
            }
          },
          { "meta":
            {
              "@content":"X3D-Edit 3.3, https://savage.nps.edu/X3D-Edit",
              "@name":"generator"
            }
          },
          { "meta":
            {
              "@content":"../license.html",
              "@name":"license"
            }
          }
      ],
      "Scene":[
          { "ProtoDeclare":
            {
              "@name":"NetworkSensor",
              "field:enabled":
              {
                "@accessType":"inputOutput",
                "@name":"enabled",
                "@type":"SFBool",
                "@value":true
              },
              "field:metadata":
              {
                "@accessType":"inputOutput",
                "@appinfo":"X3DMetadataObject node type only",
                "@name":"metadata",
                "@type":"SFNode",
                  "#comment":"Metadata initialization node is NULL"
              },
              "field:isActive":
              {
                "@accessType":"outputOnly",
                "@name":"isActive",
                "@type":"SFBool"
              },
              "field:connection":
              {
                "@accessType":"initializeOnly",
                "@appinfo":"Connection node only",
                "@name":"connection",
                "@type":"SFNode",
                  "#comment":"Default Connection node goes here"
              },
              "field:httpRequest":
              {
                "@accessType":"inputOnly",
                "@name":"httpRequest",
                "@type":"SFString"
              },
              "field:httpResponse":
              {
                "@accessType":"outputOnly",
                "@name":"httpResponse",
                "@type":"MFString"
              },
              "field:channelId":
              {
                "@accessType":"initializeOnly",
                "@name":"channelId",
                "@type":"SFString",
                "@value":true
              },
              "#comment":"TODO: how to handle user-defined fields?",
              "#comment":"perhaps corresponding MFString arrays for fieldName, fieldType, fieldAccessType, fieldInitialValues",
              "#comment":"for now we'll simply try to get a MFString field to work",
              "field:textInput":
              {
                "@accessType":"inputOnly",
                "@appinfo":"ROUTE StringSensor output here",
                "@name":"textInput",
                "@type":"SFString"
              },
              "field:textOutput":
              {
                "@accessType":"outputOnly",
                "@appinfo":"ROUTE this output to Text node string field",
                "@name":"textOutput",
                "@type":"MFString"
              },
              "#comment":"TODO: can we get consistent type for textInput?",
              "-firstNodeType:children":[
                  { "ProtoBody":[[
                      { "#comment":"First node determines node type of prototype" },
                      { "-children":[
                          { "Script":
                            {
                              "@DEF":"NetworkSensorScript",
                              "@url":["NetworkSensorScript.class", "http://www.web3d.org/x3d/content/examples/Networking/NetworkSensorScript.class"],
                              "@directOutput":false,
                              "@mustEvaluate":false,
                              "@containerField":"children",
                              "field:enabled":
                              {
                                "@accessType":"inputOutput",
                                "@name":"enabled",
                                "@type":"SFBool"
                              },
                              "field:metadata":
                              {
                                "@accessType":"inputOutput",
                                "@name":"metadata",
                                "@type":"SFNode"
                              },
                              "field:isActive":
                              {
                                "@accessType":"outputOnly",
                                "@name":"isActive",
                                "@type":"SFBool"
                              },
                              "field:connection":
                              {
                                "@accessType":"initializeOnly",
                                "@appinfo":"Connection node only",
                                "@name":"connection",
                                "@type":"SFNode"
                              },
                              "field:httpRequest":
                              {
                                "@accessType":"inputOnly",
                                "@name":"httpRequest",
                                "@type":"SFString"
                              },
                              "field:httpResponse":
                              {
                                "@accessType":"outputOnly",
                                "@name":"httpResponse",
                                "@type":"MFString"
                              },
                              "field:channelId":
                              {
                                "@accessType":"initializeOnly",
                                "@name":"channelId",
                                "@type":"SFString"
                              },
                              "IS":[
                                  { "connect":
                                    {
                                      "@nodeField":"enabled",
                                      "@protoField":"enabled"
                                    }
                                  },
                                  { "connect":
                                    {
                                      "@nodeField":"metadata",
                                      "@protoField":"metadata"
                                    }
                                  },
                                  { "connect":
                                    {
                                      "@nodeField":"isActive",
                                      "@protoField":"isActive"
                                    }
                                  },
                                  { "connect":
                                    {
                                      "@nodeField":"connection",
                                      "@protoField":"connection"
                                    }
                                  },
                                  { "connect":
                                    {
                                      "@nodeField":"httpRequest",
                                      "@protoField":"httpRequest"
                                    }
                                  },
                                  { "connect":
                                    {
                                      "@nodeField":"httpResponse",
                                      "@protoField":"httpResponse"
                                    }
                                  },
                                  { "connect":
                                    {
                                      "@nodeField":"channelId",
                                      "@protoField":"channelId"
                                    }
                                  }
                              ]
                            }
                          }
                        ]
                      },
                      { "#comment":"Subsequent nodes do not render, but still must be a valid X3D subgraph" }
                    ]]
                  }
                ]
            }
          },
          { "ProtoDeclare":
            {
              "@name":"Connection",
              "field:enabled":
              {
                "@accessType":"inputOutput",
                "@name":"enabled",
                "@type":"SFBool",
                "@value":true
              },
              "field:metadata":
              {
                "@accessType":"inputOutput",
                "@name":"metadata",
                "@type":"SFNode",
                  "#comment":"Metadata initialization node is NULL"
              },
              "field:isActive":
              {
                "@accessType":"outputOnly",
                "@name":"isActive",
                "@type":"SFBool"
              },
              "field:url":
              {
                "@accessType":"inputOutput",
                "@name":"url",
                "@type":"MFString",
                "@value":"x3dp://localhost:80"
              },
              "#comment":"1 for HTTP, 2 for HTTP 1.1, 3 for TCP/IP, 4 for UDP, 5 for multicast",
              "#comment":"spec TODO: change these code numbers to string enumerations instead",
              "field:protocol":
              {
                "@accessType":"initializeOnly",
                "@name":"protocol",
                "@type":"SFInt32",
                "@value":0
              },
              "field:timeOut":
              {
                "@accessType":"inputOutput",
                "@name":"timeOut",
                "@type":"SFTime",
                "@value":0
              },
              "field:secure":
              {
                "@accessType":"inputOnly",
                "@name":"secure",
                "@type":"SFBool"
              },
              "-firstNodeType:children":[
                  { "ProtoBody":[[
                      { "#comment":"First node determines node type of prototype" },
                      { "-children":[
                          { "Script":
                            {
                              "@DEF":"ConnectionScript",
                              "@url":["ConnectionScript.class", "http://www.web3d.org/x3d/content/examples/Networking/ConnectionScript.class"],
                              "@directOutput":false,
                              "@mustEvaluate":false,
                              "@containerField":"children",
                              "field:enabled":
                              {
                                "@accessType":"inputOutput",
                                "@name":"enabled",
                                "@type":"SFBool"
                              },
                              "field:isActive":
                              {
                                "@accessType":"outputOnly",
                                "@name":"isActive",
                                "@type":"SFBool"
                              },
                              "field:url":
                              {
                                "@accessType":"inputOutput",
                                "@name":"url",
                                "@type":"MFString"
                              },
                              "field:protocol":
                              {
                                "@accessType":"initializeOnly",
                                "@name":"protocol",
                                "@type":"SFInt32"
                              },
                              "field:timeOut":
                              {
                                "@accessType":"inputOutput",
                                "@name":"timeOut",
                                "@type":"SFTime"
                              },
                              "field:secure":
                              {
                                "@accessType":"inputOnly",
                                "@name":"secure",
                                "@type":"SFBool"
                              },
                              "IS":[
                                  { "connect":
                                    {
                                      "@nodeField":"enabled",
                                      "@protoField":"enabled"
                                    }
                                  },
                                  { "connect":
                                    {
                                      "@nodeField":"isActive",
                                      "@protoField":"isActive"
                                    }
                                  },
                                  { "connect":
                                    {
                                      "@nodeField":"url",
                                      "@protoField":"url"
                                    }
                                  },
                                  { "connect":
                                    {
                                      "@nodeField":"protocol",
                                      "@protoField":"protocol"
                                    }
                                  },
                                  { "connect":
                                    {
                                      "@nodeField":"timeOut",
                                      "@protoField":"timeOut"
                                    }
                                  },
                                  { "connect":
                                    {
                                      "@nodeField":"secure",
                                      "@protoField":"secure"
                                    }
                                  }
                              ]
                            }
                          }
                        ]
                      },
                      { "#comment":"Subsequent nodes do not render, but still must be a valid X3D subgraph" }
                    ]]
                  }
                ]
            }
          },
          { "#comment":"We'll put our initial example next. First the listener will output networked messages to a Text node" },
          { "-children":[
              { "Shape":
                {
                  "@containerField":"children",
                  "@bboxCenter":[0, 0, 0],
                  "@bboxSize":[-1, -1, -1],
                  "-geometry":[
                      { "Text":
                        {
                          "@DEF":"MessageOutput",
                          "@string":"NetworkSensor messages will appear here",
                          "@maxExtent":0.0,
                          "@solid":false,
                          "@containerField":"geometry",
                          "-fontStyle":[
                              { "FontStyle":
                                {
                                  "@justify":["MIDDLE", "MIDDLE"],
                                  "@family":["SERIF"],
                                  "@horizontal":true,
                                  "@leftToRight":true,
                                  "@size":1.0,
                                  "@spacing":1.0,
                                  "@style":"PLAIN",
                                  "@topToBottom":true,
                                  "@containerField":"fontStyle"
                                }
                              }
                            ]
                        }
                      }
                    ],
                  "-appearance":[
                      { "Appearance":
                        {
                          "@containerField":"appearance",
                          "-material":[
                              { "Material":
                                {
                                  "@ambientIntensity":0.25,
                                  "@diffuseColor":[0.374008, 0, 0.748016],
                                  "@shininess":0.4,
                                  "@specularColor":[0.909091, 0.909091, 0.909091],
                                  "@transparency":0.35,
                                  "@emissiveColor":[0, 0, 0],
                                  "@containerField":"material"
                                }
                              }
                            ]
                        }
                      }
                    ]
                }
              }
            ]
          },
          { "#comment":"Only need a single Connection definition for this example" },
          { "-children":[
              { "ProtoInstance":
                {
                  "@DEF":"OurNetworkChannel",
                  "@name":"Connection",
                  "@containerField":"children",
                  "fieldValue:url":
                  {
                    "@name":"url",
                    "@value":["x3dp://localhost:80"]
                  },
                  "#comment":"protocol 1=http",
                  "fieldValue:protocol":
                  {
                    "@name":"protocol",
                    "@value":1
                  },
                  "fieldValue:timeout":
                  {
                    "@name":"timeout",
                    "@value":10
                  },
                  "fieldValue:secure":
                  {
                    "@name":"secure",
                    "@value":false
                  }
                }
              }
            ]
          },
          { "#comment":"Here is the listener that connects and sends strings to the Text node" },
          { "-children":[
              { "ProtoInstance":
                {
                  "@DEF":"TextListener",
                  "@name":"NetworkSensor",
                  "@containerField":"children",
                  "fieldValue:connection":
                  {
                    "@name":"connection",
                      "-connection":[
                        {
                          "-children":[
                              { "ProtoInstance":
                                {
                                  "@USE":"OurNetworkChannel",
                                  "@containerField":"children"
                                }
                              }
                            ]
                        }
                      ]
                  },
                  "fieldValue:channelId":
                  {
                    "@name":"channelId",
                    "@value":78
                  }
                }
              }
            ]
          },
          { "#comment":"TODO: once a single string can successfully be sent, insert an intermediate Script to remember last 10 strings" },
          { "ROUTE":
            {
              "@fromField":"textOutput",
              "@fromNode":"TextListener",
              "@toField":"string",
              "@toNode":"MessageOutput"
            }
          },
          { "#comment":"Now capture text from local keyboard, send to scenes listening to this network connection" },
          { "-children":[
              { "ProtoInstance":
                {
                  "@DEF":"TextSender",
                  "@name":"NetworkSensor",
                  "@containerField":"children",
                  "fieldValue:connection":
                  {
                    "@name":"connection",
                      "-connection":[
                        {
                          "-children":[
                              { "ProtoInstance":
                                {
                                  "@USE":"OurNetworkChannel",
                                  "@containerField":"children"
                                }
                              }
                            ]
                        }
                      ]
                  },
                  "fieldValue:channelId":
                  {
                    "@name":"channelId",
                    "@value":78
                  }
                }
              }
            ]
          },
          { "-children":[
              { "StringSensor":
                {
                  "@DEF":"KeyboardDetector",
                  "@deletionAllowed":true,
                  "@enabled":true,
                  "@containerField":"children"
                }
              }
            ]
          },
          { "ROUTE":
            {
              "@fromField":"finalText",
              "@fromNode":"KeyboardDetector",
              "@toField":"textInput",
              "@toNode":"TextSender"
            }
          },
          { "#comment":"done. we should now be able to type text and have it appear in the output for whoever's using the same scene." }
      ]
    }
  ]
 }
]
