[
 { "X3D":[
    {
      "@profile":"Immersive",
      "@version":3.0,
      "@xsd:noNamespaceSchemaLocation":"http://www.web3d.org/specifications/x3d-3.0.xsd",
      "head":[
          { "meta":
            {
              "@content":"A3_GeoInline.x3d",
              "@name":"title"
            }
          },
          { "meta":
            {
              "@content":"Martin Reddy SRI, original example",
              "@name":"creator"
            }
          },
          { "meta":
            {
              "@content":"Don Brutzman NPS, X3D encoding",
              "@name":"creator"
            }
          },
          { "meta":
            {
              "@content":"26 June 2000",
              "@name":"created"
            }
          },
          { "meta":
            {
              "@content":"24 December 2010",
              "@name":"modified"
            }
          },
          { "meta":
            {
              "@content":"Specification example: on-demand inlining via GeoInline for scene resource management.",
              "@name":"description"
            }
          },
          { "meta":
            {
              "@content":"GeoVRML 1.1 GeoInline functionality is embedded in X3D Inline node, GeoInline no longer supported in X3D.",
              "@name":"warning"
            }
          },
          { "meta":
            {
              "@content":"http://www.geovrml.org/1.0/doc/examples.html",
              "@name":"reference"
            }
          },
          { "meta":
            {
              "@content":"originals/geoinlineTest.wrl",
              "@name":"reference"
            }
          },
          { "meta":
            {
              "@content":"http://www.geovrml.org/1.0/doc/examples/geoinline.wrl",
              "@name":"VRML 97 encoding"
            }
          },
          { "meta":
            {
              "@content":"http://www.web3d.org/x3d/content/examples/Basic/Geospatial/A3_GeoInline.x3d",
              "@name":"identifier"
            }
          },
          { "meta":
            {
              "@content":"X3D-Edit 3.3, https://savage.nps.edu/X3D-Edit",
              "@name":"generator"
            }
          },
          { "meta":
            {
              "@content":"../license.html",
              "@name":"license"
            }
          }
      ],
      "Scene":[
          { "-children":[
              { "Group":
                {
                  "@bboxCenter":[0, 0, 0],
                  "@bboxSize":[-1, -1, -1],
                  "@containerField":"children",
                  "#comment":"Original GeoVRML GeoInline node replaced by improved X3D Inline node",
                  "-children":[
                      { "Inline":
                        {
                          "@DEF":"TestInline",
                          "@load":false,
                          "@url":["Box.x3d", "http://www.web3d.org/x3d/content/examples/Basic/Geospatial/Box.x3d", "Box.wrl", "http://www.web3d.org/x3d/content/examples/Basic/Geospatial/Box.wrl"],
                          "@bboxCenter":[0, 0, 0],
                          "@bboxSize":[-1, -1, -1],
                          "@containerField":"children"
                        }
                      }
                    ],
                  "#comment":"don't load TestInline until 'true' event sent"
                }
              }
            ]
          },
          { "#comment":"Two cones that are used to load and unload the URL for the box" },
          { "-children":[
              { "Transform":
                {
                  "@scale":[0.5, 0.5, 0.5],
                  "@translation":[2, 1.0, 0],
                  "@center":[0, 0, 0],
                  "@rotation":[0, 0, 1, 0],
                  "@scaleOrientation":[0, 0, 1, 0],
                  "@bboxCenter":[0, 0, 0],
                  "@bboxSize":[-1, -1, -1],
                  "@containerField":"children",
                  "-children":[
                      { "TouchSensor":
                        {
                          "@DEF":"LoadTrigger",
                          "@description":"click to load inlined Box",
                          "@enabled":true,
                          "@containerField":"children"
                        }
                      }
                    ],
                  "-children":[
                      { "Shape":
                        {
                          "@containerField":"children",
                          "@bboxCenter":[0, 0, 0],
                          "@bboxSize":[-1, -1, -1],
                          "-appearance":[
                              { "Appearance":
                                {
                                  "@containerField":"appearance",
                                  "-material":[
                                      { "Material":
                                        {
                                          "@diffuseColor":[1, 0, 0],
                                          "@ambientIntensity":0.2,
                                          "@emissiveColor":[0, 0, 0],
                                          "@shininess":0.2,
                                          "@specularColor":[0, 0, 0],
                                          "@transparency":0,
                                          "@containerField":"material"
                                        }
                                      }
                                    ]
                                }
                              }
                            ],
                          "-geometry":[
                              { "Cone":
                                {
                                  "@bottomRadius":1,
                                  "@height":2,
                                  "@side":true,
                                  "@bottom":true,
                                  "@solid":true,
                                  "@containerField":"geometry"
                                }
                              }
                            ]
                        }
                      }
                    ]
                }
              }
            ]
          },
          { "-children":[
              { "Transform":
                {
                  "@scale":[0.5, 0.5, 0.5],
                  "@translation":[1.5, 1.2, 0.3],
                  "@center":[0, 0, 0],
                  "@rotation":[0, 0, 1, 0],
                  "@scaleOrientation":[0, 0, 1, 0],
                  "@bboxCenter":[0, 0, 0],
                  "@bboxSize":[-1, -1, -1],
                  "@containerField":"children",
                  "-children":[
                      { "Shape":
                        {
                          "@containerField":"children",
                          "@bboxCenter":[0, 0, 0],
                          "@bboxSize":[-1, -1, -1],
                          "-geometry":[
                              { "Text":
                                {
                                  "@length":0,
                                  "@string":["Load, Cube"],
                                  "@maxExtent":0.0,
                                  "@solid":false,
                                  "@containerField":"geometry",
                                  "-fontStyle":[
                                      { "FontStyle":
                                        {
                                          "@family":["SERIF"],
                                          "@horizontal":true,
                                          "@justify":["BEGIN"],
                                          "@leftToRight":true,
                                          "@size":1.0,
                                          "@spacing":1.0,
                                          "@style":"PLAIN",
                                          "@topToBottom":true,
                                          "@containerField":"fontStyle"
                                        }
                                      }
                                    ]
                                }
                              }
                            ],
                          "-appearance":[
                              { "Appearance":
                                {
                                  "@containerField":"appearance",
                                  "-material":[
                                      { "Material":
                                        {
                                          "@diffuseColor":[0, 0.6, 0.3],
                                          "@ambientIntensity":0.2,
                                          "@emissiveColor":[0, 0, 0],
                                          "@shininess":0.2,
                                          "@specularColor":[0, 0, 0],
                                          "@transparency":0,
                                          "@containerField":"material"
                                        }
                                      }
                                    ]
                                }
                              }
                            ]
                        }
                      }
                    ]
                }
              }
            ]
          },
          { "-children":[
              { "Transform":
                {
                  "@rotation":[1, 0, 0, 3.1415],
                  "@scale":[0.5, 0.5, 0.5],
                  "@translation":[2, -1.0, 0],
                  "@center":[0, 0, 0],
                  "@scaleOrientation":[0, 0, 1, 0],
                  "@bboxCenter":[0, 0, 0],
                  "@bboxSize":[-1, -1, -1],
                  "@containerField":"children",
                  "-children":[
                      { "TouchSensor":
                        {
                          "@DEF":"UnLoadTrigger",
                          "@description":"click to unload inlined Box",
                          "@enabled":true,
                          "@containerField":"children"
                        }
                      }
                    ],
                  "-children":[
                      { "Shape":
                        {
                          "@containerField":"children",
                          "@bboxCenter":[0, 0, 0],
                          "@bboxSize":[-1, -1, -1],
                          "-appearance":[
                              { "Appearance":
                                {
                                  "@containerField":"appearance",
                                  "-material":[
                                      { "Material":
                                        {
                                          "@diffuseColor":[0, 0, 1],
                                          "@ambientIntensity":0.2,
                                          "@emissiveColor":[0, 0, 0],
                                          "@shininess":0.2,
                                          "@specularColor":[0, 0, 0],
                                          "@transparency":0,
                                          "@containerField":"material"
                                        }
                                      }
                                    ]
                                }
                              }
                            ],
                          "-geometry":[
                              { "Cone":
                                {
                                  "@bottomRadius":1,
                                  "@height":2,
                                  "@side":true,
                                  "@bottom":true,
                                  "@solid":true,
                                  "@containerField":"geometry"
                                }
                              }
                            ]
                        }
                      }
                    ]
                }
              }
            ]
          },
          { "-children":[
              { "Transform":
                {
                  "@scale":[0.5, 0.5, 0.5],
                  "@translation":[1.5, -1.5, 0.3],
                  "@center":[0, 0, 0],
                  "@rotation":[0, 0, 1, 0],
                  "@scaleOrientation":[0, 0, 1, 0],
                  "@bboxCenter":[0, 0, 0],
                  "@bboxSize":[-1, -1, -1],
                  "@containerField":"children",
                  "-children":[
                      { "Shape":
                        {
                          "@containerField":"children",
                          "@bboxCenter":[0, 0, 0],
                          "@bboxSize":[-1, -1, -1],
                          "-geometry":[
                              { "Text":
                                {
                                  "@length":0,
                                  "@string":["Unload, Cube"],
                                  "@maxExtent":0.0,
                                  "@solid":false,
                                  "@containerField":"geometry",
                                  "-fontStyle":[
                                      { "FontStyle":
                                        {
                                          "@family":["SERIF"],
                                          "@horizontal":true,
                                          "@justify":["BEGIN"],
                                          "@leftToRight":true,
                                          "@size":1.0,
                                          "@spacing":1.0,
                                          "@style":"PLAIN",
                                          "@topToBottom":true,
                                          "@containerField":"fontStyle"
                                        }
                                      }
                                    ]
                                }
                              }
                            ],
                          "-appearance":[
                              { "Appearance":
                                {
                                  "@containerField":"appearance",
                                  "-material":[
                                      { "Material":
                                        {
                                          "@diffuseColor":[0.6, 0.3, 0],
                                          "@ambientIntensity":0.2,
                                          "@emissiveColor":[0, 0, 0],
                                          "@shininess":0.2,
                                          "@specularColor":[0, 0, 0],
                                          "@transparency":0,
                                          "@containerField":"material"
                                        }
                                      }
                                    ]
                                }
                              }
                            ]
                        }
                      }
                    ]
                }
              }
            ]
          },
          { "#comment":"a couple of scripts to process the events from clicking on the cones" },
          { "-children":[
              { "Script":
                {
                  "@DEF":"ReturnTrue",
                  "@directOutput":false,
                  "@mustEvaluate":false,
                  "@containerField":"children",
                  "field:set_value":
                  {
                    "@accessType":"inputOnly",
                    "@name":"set_value",
                    "@type":"SFBool"
                  },
                  "field:value_changed":
                  {
                    "@accessType":"outputOnly",
                    "@name":"value_changed",
                    "@type":"SFBool"
                  }
                }
              }
            ]
          },
          { "-children":[
              { "Script":
                {
                  "@DEF":"ReturnFalse",
                  "@directOutput":false,
                  "@mustEvaluate":false,
                  "@containerField":"children",
                  "field:set_value":
                  {
                    "@accessType":"inputOnly",
                    "@name":"set_value",
                    "@type":"SFBool"
                  },
                  "field:value_changed":
                  {
                    "@accessType":"outputOnly",
                    "@name":"value_changed",
                    "@type":"SFBool"
                  }
                }
              }
            ]
          },
          { "ROUTE":
            {
              "@fromField":"isActive",
              "@fromNode":"LoadTrigger",
              "@toField":"set_value",
              "@toNode":"ReturnTrue"
            }
          },
          { "ROUTE":
            {
              "@fromField":"value_changed",
              "@fromNode":"ReturnTrue",
              "@toField":"set_load",
              "@toNode":"TestInline"
            }
          },
          { "ROUTE":
            {
              "@fromField":"isActive",
              "@fromNode":"UnLoadTrigger",
              "@toField":"set_value",
              "@toNode":"ReturnFalse"
            }
          },
          { "ROUTE":
            {
              "@fromField":"value_changed",
              "@fromNode":"ReturnFalse",
              "@toField":"set_load",
              "@toNode":"TestInline"
            }
          }
      ]
    }
  ]
 }
]
