[
 { "X3D":[
    {
      "@profile":"Immersive",
      "@version":3.0,
      "@xsd:noNamespaceSchemaLocation":"http://www.web3d.org/specifications/x3d-3.0.xsd",
      "head":[
          { "-childNodeFieldNameNotFound":[
              { "component":
                {
                  "@level":1,
                  "@name":"Geospatial"
                }
              }
            ]
          },
          { "meta":
            {
              "@content":"A4_GeoLocation.x3d",
              "@name":"title"
            }
          },
          { "meta":
            {
              "@content":"Martin Reddy SRI, original example",
              "@name":"creator"
            }
          },
          { "meta":
            {
              "@content":"Don Brutzman NPS, X3D encoding",
              "@name":"creator"
            }
          },
          { "meta":
            {
              "@content":"26 June 2000",
              "@name":"created"
            }
          },
          { "meta":
            {
              "@content":"12 January 2014",
              "@name":"modified"
            }
          },
          { "meta":
            {
              "@content":"Specification example georeferencing VRML objects: display standard VRML cone at latitude/longitude location of Lossiemouth, Scotland.",
              "@name":"description"
            }
          },
          { "meta":
            {
              "@content":"http://www.geovrml.org/1.0/doc/examples.html",
              "@name":"reference"
            }
          },
          { "meta":
            {
              "@content":"originals/geoloc.wrl",
              "@name":"reference"
            }
          },
          { "meta":
            {
              "@content":"http://www.geovrml.org/1.0/doc/examples/geoinline.wrl",
              "@name":"VRML 97 encoding"
            }
          },
          { "meta":
            {
              "@content":"http://www.web3d.org/x3d/content/examples/Basic/Geospatial/A4_GeoLocation.x3d",
              "@name":"identifier"
            }
          },
          { "meta":
            {
              "@content":"X3D-Edit 3.3, https://savage.nps.edu/X3D-Edit",
              "@name":"generator"
            }
          },
          { "meta":
            {
              "@content":"../license.html",
              "@name":"license"
            }
          }
      ],
      "Scene":[
          { "-children":[
              { "Group":
                {
                  "@bboxCenter":[0, 0, 0],
                  "@bboxSize":[-1, -1, -1],
                  "@containerField":"children",
                  "-children":[
                      { "Background":
                        {
                          "@groundColor":[0, 0, 0],
                          "@skyColor":[1, 1, 1],
                          "@containerField":"children"
                        }
                      }
                    ],
                  "-children":[
                      { "GeoViewpoint":
                        {
                          "@description":"Initial GeoViewpoint",
                          "@orientation":[1, 0, 0, -1.57],
                          "@position":[51.5122, -40.0, 10000000],
                          "@geoSystem":["GD", "WE"],
                          "@fieldOfView":0.7854,
                          "@jump":true,
                          "@navType":["EXAMINE", "ANY"],
                          "@headlight":true,
                          "@speedFactor":1.0,
                          "@containerField":"children"
                        }
                      }
                    ],
                  "-children":[
                      { "Shape":
                        {
                          "@containerField":"children",
                          "@bboxCenter":[0, 0, 0],
                          "@bboxSize":[-1, -1, -1],
                          "-appearance":[
                              { "Appearance":
                                {
                                  "@containerField":"appearance",
                                  "-material":[
                                      { "Material":
                                        {
                                          "@diffuseColor":[0.8, 1.0, 0.3],
                                          "@ambientIntensity":0.2,
                                          "@emissiveColor":[0, 0, 0],
                                          "@shininess":0.2,
                                          "@specularColor":[0, 0, 0],
                                          "@transparency":0,
                                          "@containerField":"material"
                                        }
                                      }
                                    ],
                                  "-texture":[
                                      { "ImageTexture":
                                        {
                                          "@url":["images/earth.gif", "images/earth.jpg", "images/earth2.gif", "images/earth3.jpg", "http://www.web3d.org/x3d/content/examples/Basic/Geospatial/images/earth.gif", "http://www.web3d.org/x3d/content/examples/Basic/Geospatial/images/earth.jpg", "http://www.web3d.org/x3d/content/examples/Basic/Geospatial/images/earth2.gif", "http://www.web3d.org/x3d/content/examples/Basic/Geospatial/images/earth3.jpg"],
                                          "@repeatS":true,
                                          "@repeatT":true,
                                          "@containerField":"texture"
                                        }
                                      }
                                    ]
                                }
                              }
                            ],
                          "-geometry":[
                              { "GeoElevationGrid":
                                {
                                  "@creaseAngle":1.05,
                                  "@geoGridOrigin":[-90, -180, 0],
                                  "@height":[0, 0, 0, 0, 0, 0, 0, 0, 0, 0, 0, 0, 0, 0, 0, 0, 0, 0, 0, 0, 0, 0, 0, 0, 0, 0, 0, 0, 0, 0, 0, 0, 0, 0, 0, 0, 0, 0, 0, 0, 0, 0, 0, 0, 0, 0, 0, 0, 0, 0, 0, 0, 0, 0, 0, 0, 0, 0, 0, 0, 0, 0, 0, 0, 0, 0, 0, 0, 0, 0, 0, 0, 0, 0, 0, 0, 0, 0, 0, 0, 0, 0, 0, 0, 0, 0, 0, 0, 0, 0, 0, 0, 0, 0, 0, 0, 0, 0, 0, 0, 0, 0, 0, 0, 0, 0, 0, 0, 0, 0, 0, 0, 0, 0, 0, 0, 0, 0, 0, 0, 0],
                                  "@xDimension":11,
                                  "@xSpacing":36,
                                  "@yScale":1.0,
                                  "@zDimension":11,
                                  "@zSpacing":18,
                                  "@geoSystem":["GD", "WE"],
                                  "@normalPerVertex":true,
                                  "@ccw":true,
                                  "@colorPerVertex":true,
                                  "@solid":true,
                                  "@containerField":"geometry"
                                }
                              }
                            ]
                        }
                      }
                    ],
                  "-children":[
                      { "GeoLocation":
                        {
                          "@geoCoords":[57.7174, -3.286119, 200000],
                          "@geoSystem":["GD", "WE"],
                          "@bboxCenter":[0, 0, 0],
                          "@bboxSize":[-1, -1, -1],
                          "@containerField":"children",
                          "-children":[
                              { "Transform":
                                {
                                  "@rotation":[1, 0, 0, 3.1415926],
                                  "@center":[0, 0, 0],
                                  "@scale":[1, 1, 1],
                                  "@scaleOrientation":[0, 0, 1, 0],
                                  "@translation":[0, 0, 0],
                                  "@bboxCenter":[0, 0, 0],
                                  "@bboxSize":[-1, -1, -1],
                                  "@containerField":"children",
                                  "-children":[
                                      { "Shape":
                                        {
                                          "@containerField":"children",
                                          "@bboxCenter":[0, 0, 0],
                                          "@bboxSize":[-1, -1, -1],
                                          "-appearance":[
                                              { "Appearance":
                                                {
                                                  "@containerField":"appearance",
                                                  "-material":[
                                                      { "Material":
                                                        {
                                                          "@diffuseColor":[1, 1, 0],
                                                          "@ambientIntensity":0.2,
                                                          "@emissiveColor":[0, 0, 0],
                                                          "@shininess":0.2,
                                                          "@specularColor":[0, 0, 0],
                                                          "@transparency":0,
                                                          "@containerField":"material"
                                                        }
                                                      }
                                                    ]
                                                }
                                              }
                                            ],
                                          "-geometry":[
                                              { "Cone":
                                                {
                                                  "@bottomRadius":100000,
                                                  "@height":500000,
                                                  "@side":true,
                                                  "@bottom":true,
                                                  "@solid":true,
                                                  "@containerField":"geometry"
                                                }
                                              }
                                            ]
                                        }
                                      }
                                    ]
                                }
                              }
                            ]
                        }
                      }
                    ]
                }
              }
            ]
          }
      ]
    }
  ]
 }
]
