[
 { "X3D":[
    {
      "@profile":"Immersive",
      "@version":3.1,
      "@xsd:noNamespaceSchemaLocation":"http://www.web3d.org/specifications/x3d-3.1.xsd",
      "head":[
          { "meta":
            {
              "@content":"HelloEarthOpenStreetMap.x3d",
              "@name":"title"
            }
          },
          { "meta":
            {
              "@content":"Simplest example to load X3D Earth into an X3D scene.",
              "@name":"description"
            }
          },
          { "meta":
            {
              "@content":"Byounghyun Yoo, Don Brutzman",
              "@name":"creator"
            }
          },
          { "meta":
            {
              "@content":"24 November 2008",
              "@name":"created"
            }
          },
          { "meta":
            {
              "@content":"6 March 2010",
              "@name":"modified"
            }
          },
          { "meta":
            {
              "@content":"under development",
              "@name":"warning"
            }
          },
          { "meta":
            {
              "@content":"http://OpenStreetMap.org",
              "@name":"reference"
            }
          },
          { "meta":
            {
              "@content":"http://www.web3d.org/x3d-earth",
              "@name":"reference"
            }
          },
          { "meta":
            {
              "@content":"http://x3d-earth.nps.edu",
              "@name":"reference"
            }
          },
          { "#comment":"TODO" },
          { "meta":
            {
              "@content":"OpenStreetMapToX3D.php",
              "@name":"reference"
            }
          },
          { "meta":
            {
              "@content":"OpenStreetMapExample0.x3d",
              "@name":"reference"
            }
          },
          { "meta":
            {
              "@content":"OpenStreetMapExample00.x3d",
              "@name":"reference"
            }
          },
          { "meta":
            {
              "@content":"OpenStreetMapExample01.x3d",
              "@name":"reference"
            }
          },
          { "meta":
            {
              "@content":"OpenStreetMapExample02.x3d",
              "@name":"reference"
            }
          },
          { "meta":
            {
              "@content":"OpenStreetMapExample03.x3d",
              "@name":"reference"
            }
          },
          { "meta":
            {
              "@content":"http://www.web3d.org/x3d/content/examples/Basic/Geospatial/HelloEarthOpenStreetMap.x3d",
              "@name":"identifier"
            }
          },
          { "meta":
            {
              "@content":"X3D-Edit 3.3, https://savage.nps.edu/X3D-Edit",
              "@name":"generator"
            }
          },
          { "meta":
            {
              "@content":"../license.html",
              "@name":"license"
            }
          }
      ],
      "Scene":[
          { "#comment":"a simple Inline node is all that is needed for any scene to use X3D Earth assets" },
          { "-children":[
              { "Inline":
                {
                  "@url":["http://x3d-earth.nps.edu/osmdemo.x3d"],
                  "@load":true,
                  "@bboxCenter":[0, 0, 0],
                  "@bboxSize":[-1, -1, -1],
                  "@containerField":"children"
                }
              }
            ]
          }
      ]
    }
  ]
 }
]
