[
 { "X3D":[
    {
      "@profile":"Immersive",
      "@version":3.0,
      "@xsd:noNamespaceSchemaLocation":"http://www.web3d.org/specifications/x3d-3.0.xsd",
      "head":[
          { "-childNodeFieldNameNotFound":[
              { "component":
                {
                  "@level":1,
                  "@name":"Geospatial"
                }
              }
            ]
          },
          { "meta":
            {
              "@content":"SquawLOD008.x3d",
              "@name":"title"
            }
          },
          { "meta":
            {
              "@content":"ESRI GeoVRML export subscene of Squaw Valley California USA.",
              "@name":"description"
            }
          },
          { "meta":
            {
              "@content":"Salvador Bayarri, ESRI",
              "@name":"creator"
            }
          },
          { "meta":
            {
              "@content":"Don Brutzman",
              "@name":"translator"
            }
          },
          { "meta":
            {
              "@content":"22 April 2003",
              "@name":"translated"
            }
          },
          { "meta":
            {
              "@content":"19 July 2010",
              "@name":"modified"
            }
          },
          { "meta":
            {
              "@content":"http://www.geovrml.org/examples",
              "@name":"reference"
            }
          },
          { "meta":
            {
              "@content":"X3D geospatial example",
              "@name":"subject"
            }
          },
          { "meta":
            {
              "@content":"http://www.web3d.org/x3d/content/examples/Basic/Geospatial/SquawLOD008.x3d",
              "@name":"identifier"
            }
          },
          { "meta":
            {
              "@content":"Vrml97ToX3dNist, http://ovrt.nist.gov/v2_x3d.html",
              "@name":"generator"
            }
          },
          { "meta":
            {
              "@content":"X3D-Edit 3.3, https://savage.nps.edu/X3D-Edit",
              "@name":"generator"
            }
          },
          { "meta":
            {
              "@content":"../license.html",
              "@name":"license"
            }
          }
      ],
      "Scene":[
          { "-children":[
              { "GeoLOD":
                {
                  "@center":[4342525.411173, 739385.999947, 2079.000000],
                  "@child1Url":["squawLOD009.x3d", "http://www.web3d.org/x3d/content/examples/Basic/Geospatial/squawLOD009.x3d"],
                  "@geoSystem":["UTM", "Z10", "N"],
                  "@range":16133.333,
                  "@bboxCenter":[0, 0, 0],
                  "@bboxSize":[-1, -1, -1],
                  "@containerField":"children",
                  "-geoOrigin":[
                      { "GeoOrigin":
                        {
                          "@DEF":"ORIGIN",
                          "@geoCoords":[4342525.500000, 740604.000000, 0.000000],
                          "@geoSystem":["UTM", "Z10", "N"],
                          "@rotateYUp":true,
                          "@containerField":"geoOrigin"
                        }
                      }
                    ],
                  "-children":[
                      { "Shape":
                        {
                          "@containerField":"children",
                          "@bboxCenter":[0, 0, 0],
                          "@bboxSize":[-1, -1, -1],
                          "-appearance":[
                              { "Appearance":
                                {
                                  "@containerField":"appearance",
                                  "-material":[
                                      { "Material":
                                        {
                                          "@ambientIntensity":0.9,
                                          "@diffuseColor":[1.0, 1.0, 1.0],
                                          "@shininess":1.0,
                                          "@emissiveColor":[0, 0, 0],
                                          "@specularColor":[0, 0, 0],
                                          "@transparency":0,
                                          "@containerField":"material"
                                        }
                                      }
                                    ],
                                  "-texture":[
                                      { "ImageTexture":
                                        {
                                          "@url":["images/squaw004.jpg", "http://www.web3d.org/x3d/content/examples/Basic/Geospatial/images/squaw004.jpg"],
                                          "@repeatS":true,
                                          "@repeatT":true,
                                          "@containerField":"texture"
                                        }
                                      }
                                    ]
                                }
                              }
                            ],
                          "-geometry":[
                              { "GeoElevationGrid":
                                {
                                  "@ccw":false,
                                  "@creaseAngle":0.5,
                                  "@geoGridOrigin":[4341718.744506, 738776.999947, 0.000000],
                                  "@geoSystem":["UTM", "Z10", "N"],
                                  "@height":[1944.7362, 1951.8086, 1959.456, 1946.1284, 1963.7084, 1971.1888, 1974.2639, 1972.5364, 1979.6295, 1982.6423, 1983.7709, 1984.7709, 1984.4424, 1982.2742, 1966.4208, 1982.9388, 1990.1423, 1996.2174, 1999.8639, 2006.9639, 2014.3138, 2020.5013, 2027.4575, 2027.3605, 2022.2698, 1927.805, 1935.75, 1940.5, 1937.075, 1949.575, 1951.5, 1951.625, 1948.1188, 1955.4125, 1957.6, 1958.6312, 1959.625, 1959.5, 1958.225, 1948.5563, 1963.225, 1969.0, 1974.075, 1974.2812, 1985.075, 1992.4, 1999.375, 2005.45, 2008.5, 2002.825, 1913.1959, 1918.625, 1923.2875, 1924.1333, 1928.4166, 1930.0354, 1929.6459, 1927.8229, 1931.4083, 1933.4166, 1936.3334, 1937.2188, 1936.4166, 1935.0583, 1935.9, 1940.7583, 1943.4584, 1947.075, 1948.0083, 1962.1188, 1969.2167, 1976.0938, 1982.2417, 1984.4166, 1988.4584, 1906.7015, 1911.0416, 1912.0416, 1913.0636, 1912.425, 1912.0416, 1912.0416, 1909.1177, 1906.2084, 1908.2084, 1910.1687, 1912.1666, 1912.2833, 1918.3583, 1921.125, 1918.7417, 1917.1875, 1919.1666, 1923.8854, 1933.7, 1943.85, 1952.1198, 1959.1583, 1963.1417, 1969.4083, 1905.3507, 1908.0, 1909.0, 1909.525, 1909.0, 1908.0, 1904.25, 1901.0, 1898.0, 1896.0, 1894.0, 1897.25, 1904.2, 1908.0, 1909.0, 1907.575, 1905.5, 1902.85, 1900.0, 1906.725, 1914.6, 1925.625, 1933.95, 1937.0, 1945.2, 1903.9729, 1905.3594, 1906.0, 1906.0, 1905.9584, 1904.9584, 1901.25, 1898.175, 1896.0, 1892.025, 1888.95, 1888.1198, 1893.1167, 1897.1802, 1898.9166, 1896.8989, 1895.3959, 1893.9584, 1892.9166, 1888.2333, 1893.2084, 1900.7084, 1906.7417, 1916.9073, 1925.9333, 1901.3507, 1903.0, 1903.9166, 1903.0, 1902.9166, 1901.298, 1899.9375, 1897.1604, 1894.0, 1891.025, 1888.95, 1884.9896, 1885.85, 1886.9166, 1887.9166, 1887.9166, 1887.9166, 1887.9166, 1887.0, 1883.2521, 1883.7333, 1886.7916, 1891.7375, 1902.8833, 1907.9333, 1900.3069, 1901.0, 1901.0, 1901.0, 1900.875, 1898.9156, 1897.0, 1895.1531, 1893.0, 1890.025, 1888.95, 1886.8906, 1883.1, 1883.0, 1883.0, 1883.0, 1884.3125, 1884.875, 1884.3063, 1883.0, 1882.0, 1882.9844, 1887.8313, 1893.775, 1896.9625, 1898.2922, 1899.0, 1899.0, 1898.8334, 1898.0, 1897.0, 1895.25, 1893.8625, 1892.0834, 1890.8375, 1888.95, 1887.0, 1886.0, 1884.0, 1883.0583, 1883.0, 1883.0, 1883.0, 1883.0, 1883.0, 1882.0, 1882.0, 1885.7916, 1888.0209, 1888.85, 1897.0, 1897.0, 1897.0, 1897.0, 1896.2084, 1896.0, 1895.4062, 1894.0, 1892.2875, 1889.025, 1888.1979, 1887.1823, 1886.8417, 1886.0, 1885.2084, 1885.0, 1883.1041, 1883.0, 1883.0, 1883.0, 1882.0, 1882.0, 1882.9896, 1884.7969, 1885.7916, 1897.0876, 1898.0, 1897.6625, 1897.0, 1897.0, 1897.4938, 1897.25, 1897.2063, 1895.325, 1893.0062, 1890.9625, 1888.9062, 1887.25, 1887.25, 1887.1625, 1886.6813, 1885.0, 1884.0, 1883.0, 1883.0, 1882.0, 1882.0, 1882.0, 1882.0, 1883.0, 1900.2916, 1901.2916, 1901.5834, 1902.875, 1904.1666, 1903.875, 1901.875, 1900.4156, 1899.2916, 1897.0073, 1894.2771, 1891.1666, 1889.2916, 1889.2916, 1889.0, 1887.1677, 1886.2916, 1885.1239, 1884.2916, 1884.0, 1882.2, 1882.0, 1882.0, 1882.0, 1882.0, 1905.4502, 1909.0416, 1913.45, 1918.525, 1920.2, 1920.3334, 1918.4166, 1915.0, 1909.5333, 1901.025, 1898.2833, 1895.3334, 1893.3334, 1892.8167, 1890.7667, 1888.7167, 1887.3334, 1887.0, 1886.0, 1885.0, 1884.0, 1883.0, 1882.0, 1882.0, 1882.0, 1911.5942, 1917.5, 1926.825, 1929.9, 1933.5, 1935.125, 1935.125, 1929.7844, 1922.8875, 1915.7844, 1903.0563, 1899.25, 1897.0, 1895.375, 1893.375, 1890.95, 1889.1875, 1888.1594, 1887.375, 1887.0, 1885.5, 1884.0, 1882.4062, 1882.0, 1882.0, 1915.9136, 1924.125, 1931.1292, 1936.9417, 1943.4333, 1948.1146, 1949.25, 1946.0813, 1938.45, 1925.9042, 1914.6833, 1902.6562, 1899.8833, 1898.4166, 1897.4166, 1896.1687, 1893.9166, 1891.5938, 1889.6208, 1888.4166, 1887.0, 1885.0521, 1883.4458, 1882.0, 1882.0, 1922.9698, 1930.4635, 1936.4584, 1941.7489, 1951.3334, 1957.5917, 1962.8021, 1961.4698, 1953.1625, 1942.4386, 1923.7937, 1912.7344, 1905.7167, 1902.9166, 1902.9166, 1901.4584, 1899.6875, 1897.4584, 1894.4584, 1890.275, 1888.0, 1886.0573, 1884.0, 1882.975, 1882.0, 1931.8246, 1938.25, 1949.175, 1951.025, 1960.2, 1966.0, 1968.0, 1966.5875, 1961.65, 1950.05, 1930.8, 1920.3125, 1914.4, 1914.0, 1912.325, 1908.7875, 1906.25, 1902.925, 1899.85, 1893.4125, 1889.0, 1887.125, 1886.0, 1883.5, 1882.0, 1944.625, 1951.5781, 1964.5333, 1967.9094, 1975.0416, 1977.0834, 1973.9271, 1966.525, 1958.6417, 1948.5083, 1942.0333, 1934.375, 1926.5167, 1923.9573, 1920.7333, 1917.6583, 1912.8125, 1908.2302, 1903.8917, 1895.55, 1889.0917, 1888.0, 1887.0, 1885.5416, 1883.9542, 1961.3053, 1969.0834, 1980.2333, 1985.3334, 1990.35, 1988.4917, 1980.0834, 1970.8313, 1962.7417, 1958.1666, 1953.0875, 1946.0416, 1941.0834, 1939.1937, 1931.4, 1927.7417, 1922.4584, 1913.5917, 1905.5542, 1895.55, 1889.0, 1888.0, 1887.0, 1886.0, 1885.0, 1983.1772, 1991.5, 1998.4, 2005.125, 2009.875, 2002.725, 1989.5312, 1977.7094, 1971.2875, 1968.275, 1962.2, 1958.7031, 1952.375, 1948.1469, 1943.9, 1938.825, 1931.9375, 1926.1, 1911.0813, 1899.2781, 1890.025, 1888.0, 1887.0, 1885.3656, 1884.0, 2006.2687, 2016.625, 2024.05, 2028.6666, 2031.0, 2023.8583, 2001.0, 1986.5083, 1983.1, 1978.3417, 1975.3833, 1977.3334, 1974.4667, 1966.6, 1957.5333, 1948.4833, 1938.1666, 1930.7084, 1919.7167, 1903.4917, 1894.8667, 1889.0834, 1887.0333, 1886.65, 1885.6, 2029.075, 2041.5834, 2051.2834, 2050.8916, 2041.2, 2021.6864, 2003.6979, 1994.8833, 1990.8083, 1985.424, 1988.1604, 1990.0, 1986.9833, 1981.1417, 1974.9646, 1963.4427, 1948.7709, 1936.5583, 1922.7583, 1909.9667, 1900.9083, 1893.9584, 1889.0, 1887.6907, 1886.9708, 2050.7014, 2062.25, 2067.25, 2057.5312, 2039.9, 2026.65, 2014.25, 2004.425, 1998.675, 2000.2438, 2006.0, 2005.125, 2000.25, 1990.95, 1982.05, 1973.65, 1961.0, 1947.6687, 1933.8125, 1919.325, 1908.75, 1900.9688, 1893.6, 1889.0, 1887.675, 2072.292, 2080.0364, 2082.1667, 2064.0178, 2056.75, 2048.8843, 2028.2604, 2024.3417, 2016.0583, 2022.9136, 2027.1666, 2024.9166, 2014.975, 2002.6073, 1989.8104, 1979.2781, 1967.2916, 1953.0667, 1941.4917, 1928.3417, 1915.025, 1908.0156, 1902.8812, 1895.5386, 1888.9791, 2081.8533, 2101.0208, 2100.05, 2083.4126, 2080.2334, 2061.2375, 2044.0834, 2044.1958, 2040.0, 2046.1375, 2051.1667, 2045.8125, 2031.7333, 2015.675, 1999.325, 1984.9833, 1973.6666, 1959.8708, 1944.8833, 1932.9875, 1924.0667, 1916.7916, 1908.9333, 1901.8042, 1893.6333, 2106.9514, 2117.875, 2114.6, 2105.9595, 2095.825, 2076.25, 2069.7812, 2071.25, 2072.2375, 2078.1, 2077.325, 2067.0, 2050.9, 2034.4, 2011.1312, 2001.8469, 1987.125, 1973.325, 1954.15, 1942.3, 1931.275, 1921.0156, 1912.05, 1905.85, 1897.6625, 2137.0173, 2139.6667, 2134.8125, 2123.325, 2119.2166, 2093.05, 2091.25, 2100.1646, 2106.4084, 2107.4397, 2103.5334, 2094.1355, 2077.5166, 2053.727, 2038.6167, 2019.3917, 2003.7084, 1983.0604, 1972.7167, 1954.575, 1935.3167, 1923.0521, 1916.0125, 1909.8917, 1903.9083, 2163.1423, 2162.4583, 2152.0334, 2142.8416, 2138.4583, 2111.7698, 2114.0833, 2128.4, 2139.6084, 2141.6917, 2133.6084, 2122.25, 2100.0334, 2077.9365, 2063.3645, 2043.2355, 2017.8959, 2002.2406, 1988.5958, 1968.2198, 1943.8833, 1932.0052, 1926.0563, 1914.9083, 1909.8583, 2192.3508, 2183.25, 2170.2, 2156.05, 2155.2, 2134.3, 2135.0, 2153.475, 2168.8, 2174.025, 2164.85, 2146.5, 2124.0, 2111.175, 2090.9, 2066.45, 2036.0, 2033.85, 2008.75, 1982.375, 1957.8, 1947.375, 1934.15, 1923.95, 1917.8, 2215.219, 2209.6406, 2187.7563, 2176.2166, 2178.3916, 2165.8584, 2159.177, 2168.6, 2185.725, 2197.1, 2185.9167, 2164.6719, 2155.05, 2137.3135, 2107.402, 2079.603, 2071.2917, 2059.8667, 2027.925, 1995.5, 1979.65, 1966.5885, 1945.2333, 1935.0344, 1925.8833, 2231.8682, 2226.0312, 2201.5417, 2199.5896, 2204.7834, 2194.15, 2179.6458, 2182.1208, 2200.05, 2211.3313, 2204.0583, 2189.1355, 2181.2166, 2163.552, 2126.2917, 2112.7334, 2100.7917, 2076.375, 2042.05, 2009.6854, 2006.2833, 1986.75, 1965.4791, 1949.0917, 1939.2333, 2250.581, 2238.875, 2220.075, 2226.8594, 2227.95, 2218.275, 2208.0312, 2203.325, 2217.9624, 2224.3718, 2220.3188, 2211.0, 2200.95, 2185.9656, 2158.7, 2142.9438, 2119.25, 2088.3032, 2055.6438, 2041.6594, 2031.7, 1999.125, 1983.525, 1964.7468, 1964.525, 2275.965, 2257.4167, 2244.9, 2251.3584, 2250.2334, 2240.6416, 2228.0417, 2222.6958, 2232.2166, 2238.4792, 2234.4, 2221.9583, 2208.5334, 2195.7834, 2181.7666, 2158.096, 2125.0833, 2094.9624, 2084.8916, 2075.9126, 2048.2666, 2017.4584, 1997.7, 1986.6958, 1987.8167],
                                  "@solid":false,
                                  "@xDimension":25,
                                  "@xSpacing":50.750000,
                                  "@yScale":1.0,
                                  "@zDimension":33,
                                  "@zSpacing":50.416667,
                                  "@normalPerVertex":true,
                                  "@colorPerVertex":true,
                                  "@containerField":"geometry",
                                  "-texCoord":[
                                      { "TextureCoordinate":
                                        {
                                          "@point":[0.00391, 0.00391, 0.04167, 0.00391, 0.08333, 0.00391, 0.125, 0.00391, 0.16667, 0.00391, 0.20833, 0.00391, 0.25, 0.00391, 0.29167, 0.00391, 0.33333, 0.00391, 0.375, 0.00391, 0.41667, 0.00391, 0.45833, 0.00391, 0.5, 0.00391, 0.54167, 0.00391, 0.58333, 0.00391, 0.625, 0.00391, 0.66667, 0.00391, 0.70833, 0.00391, 0.75, 0.00391, 0.79167, 0.00391, 0.83333, 0.00391, 0.875, 0.00391, 0.91667, 0.00391, 0.95833, 0.00391, 0.99609, 0.00391, 0.00391, 0.03125, 0.04167, 0.03125, 0.08333, 0.03125, 0.125, 0.03125, 0.16667, 0.03125, 0.20833, 0.03125, 0.25, 0.03125, 0.29167, 0.03125, 0.33333, 0.03125, 0.375, 0.03125, 0.41667, 0.03125, 0.45833, 0.03125, 0.5, 0.03125, 0.54167, 0.03125, 0.58333, 0.03125, 0.625, 0.03125, 0.66667, 0.03125, 0.70833, 0.03125, 0.75, 0.03125, 0.79167, 0.03125, 0.83333, 0.03125, 0.875, 0.03125, 0.91667, 0.03125, 0.95833, 0.03125, 0.99609, 0.03125, 0.00391, 0.0625, 0.04167, 0.0625, 0.08333, 0.0625, 0.125, 0.0625, 0.16667, 0.0625, 0.20833, 0.0625, 0.25, 0.0625, 0.29167, 0.0625, 0.33333, 0.0625, 0.375, 0.0625, 0.41667, 0.0625, 0.45833, 0.0625, 0.5, 0.0625, 0.54167, 0.0625, 0.58333, 0.0625, 0.625, 0.0625, 0.66667, 0.0625, 0.70833, 0.0625, 0.75, 0.0625, 0.79167, 0.0625, 0.83333, 0.0625, 0.875, 0.0625, 0.91667, 0.0625, 0.95833, 0.0625, 0.99609, 0.0625, 0.00391, 0.09375, 0.04167, 0.09375, 0.08333, 0.09375, 0.125, 0.09375, 0.16667, 0.09375, 0.20833, 0.09375, 0.25, 0.09375, 0.29167, 0.09375, 0.33333, 0.09375, 0.375, 0.09375, 0.41667, 0.09375, 0.45833, 0.09375, 0.5, 0.09375, 0.54167, 0.09375, 0.58333, 0.09375, 0.625, 0.09375, 0.66667, 0.09375, 0.70833, 0.09375, 0.75, 0.09375, 0.79167, 0.09375, 0.83333, 0.09375, 0.875, 0.09375, 0.91667, 0.09375, 0.95833, 0.09375, 0.99609, 0.09375, 0.00391, 0.125, 0.04167, 0.125, 0.08333, 0.125, 0.125, 0.125, 0.16667, 0.125, 0.20833, 0.125, 0.25, 0.125, 0.29167, 0.125, 0.33333, 0.125, 0.375, 0.125, 0.41667, 0.125, 0.45833, 0.125, 0.5, 0.125, 0.54167, 0.125, 0.58333, 0.125, 0.625, 0.125, 0.66667, 0.125, 0.70833, 0.125, 0.75, 0.125, 0.79167, 0.125, 0.83333, 0.125, 0.875, 0.125, 0.91667, 0.125, 0.95833, 0.125, 0.99609, 0.125, 0.00391, 0.15625, 0.04167, 0.15625, 0.08333, 0.15625, 0.125, 0.15625, 0.16667, 0.15625, 0.20833, 0.15625, 0.25, 0.15625, 0.29167, 0.15625, 0.33333, 0.15625, 0.375, 0.15625, 0.41667, 0.15625, 0.45833, 0.15625, 0.5, 0.15625, 0.54167, 0.15625, 0.58333, 0.15625, 0.625, 0.15625, 0.66667, 0.15625, 0.70833, 0.15625, 0.75, 0.15625, 0.79167, 0.15625, 0.83333, 0.15625, 0.875, 0.15625, 0.91667, 0.15625, 0.95833, 0.15625, 0.99609, 0.15625, 0.00391, 0.1875, 0.04167, 0.1875, 0.08333, 0.1875, 0.125, 0.1875, 0.16667, 0.1875, 0.20833, 0.1875, 0.25, 0.1875, 0.29167, 0.1875, 0.33333, 0.1875, 0.375, 0.1875, 0.41667, 0.1875, 0.45833, 0.1875, 0.5, 0.1875, 0.54167, 0.1875, 0.58333, 0.1875, 0.625, 0.1875, 0.66667, 0.1875, 0.70833, 0.1875, 0.75, 0.1875, 0.79167, 0.1875, 0.83333, 0.1875, 0.875, 0.1875, 0.91667, 0.1875, 0.95833, 0.1875, 0.99609, 0.1875, 0.00391, 0.21875, 0.04167, 0.21875, 0.08333, 0.21875, 0.125, 0.21875, 0.16667, 0.21875, 0.20833, 0.21875, 0.25, 0.21875, 0.29167, 0.21875, 0.33333, 0.21875, 0.375, 0.21875, 0.41667, 0.21875, 0.45833, 0.21875, 0.5, 0.21875, 0.54167, 0.21875, 0.58333, 0.21875, 0.625, 0.21875, 0.66667, 0.21875, 0.70833, 0.21875, 0.75, 0.21875, 0.79167, 0.21875, 0.83333, 0.21875, 0.875, 0.21875, 0.91667, 0.21875, 0.95833, 0.21875, 0.99609, 0.21875, 0.00391, 0.25, 0.04167, 0.25, 0.08333, 0.25, 0.125, 0.25, 0.16667, 0.25, 0.20833, 0.25, 0.25, 0.25, 0.29167, 0.25, 0.33333, 0.25, 0.375, 0.25, 0.41667, 0.25, 0.45833, 0.25, 0.5, 0.25, 0.54167, 0.25, 0.58333, 0.25, 0.625, 0.25, 0.66667, 0.25, 0.70833, 0.25, 0.75, 0.25, 0.79167, 0.25, 0.83333, 0.25, 0.875, 0.25, 0.91667, 0.25, 0.95833, 0.25, 0.99609, 0.25, 0.00391, 0.28125, 0.04167, 0.28125, 0.08333, 0.28125, 0.125, 0.28125, 0.16667, 0.28125, 0.20833, 0.28125, 0.25, 0.28125, 0.29167, 0.28125, 0.33333, 0.28125, 0.375, 0.28125, 0.41667, 0.28125, 0.45833, 0.28125, 0.5, 0.28125, 0.54167, 0.28125, 0.58333, 0.28125, 0.625, 0.28125, 0.66667, 0.28125, 0.70833, 0.28125, 0.75, 0.28125, 0.79167, 0.28125, 0.83333, 0.28125, 0.875, 0.28125, 0.91667, 0.28125, 0.95833, 0.28125, 0.99609, 0.28125, 0.00391, 0.3125, 0.04167, 0.3125, 0.08333, 0.3125, 0.125, 0.3125, 0.16667, 0.3125, 0.20833, 0.3125, 0.25, 0.3125, 0.29167, 0.3125, 0.33333, 0.3125, 0.375, 0.3125, 0.41667, 0.3125, 0.45833, 0.3125, 0.5, 0.3125, 0.54167, 0.3125, 0.58333, 0.3125, 0.625, 0.3125, 0.66667, 0.3125, 0.70833, 0.3125, 0.75, 0.3125, 0.79167, 0.3125, 0.83333, 0.3125, 0.875, 0.3125, 0.91667, 0.3125, 0.95833, 0.3125, 0.99609, 0.3125, 0.00391, 0.34375, 0.04167, 0.34375, 0.08333, 0.34375, 0.125, 0.34375, 0.16667, 0.34375, 0.20833, 0.34375, 0.25, 0.34375, 0.29167, 0.34375, 0.33333, 0.34375, 0.375, 0.34375, 0.41667, 0.34375, 0.45833, 0.34375, 0.5, 0.34375, 0.54167, 0.34375, 0.58333, 0.34375, 0.625, 0.34375, 0.66667, 0.34375, 0.70833, 0.34375, 0.75, 0.34375, 0.79167, 0.34375, 0.83333, 0.34375, 0.875, 0.34375, 0.91667, 0.34375, 0.95833, 0.34375, 0.99609, 0.34375, 0.00391, 0.375, 0.04167, 0.375, 0.08333, 0.375, 0.125, 0.375, 0.16667, 0.375, 0.20833, 0.375, 0.25, 0.375, 0.29167, 0.375, 0.33333, 0.375, 0.375, 0.375, 0.41667, 0.375, 0.45833, 0.375, 0.5, 0.375, 0.54167, 0.375, 0.58333, 0.375, 0.625, 0.375, 0.66667, 0.375, 0.70833, 0.375, 0.75, 0.375, 0.79167, 0.375, 0.83333, 0.375, 0.875, 0.375, 0.91667, 0.375, 0.95833, 0.375, 0.99609, 0.375, 0.00391, 0.40625, 0.04167, 0.40625, 0.08333, 0.40625, 0.125, 0.40625, 0.16667, 0.40625, 0.20833, 0.40625, 0.25, 0.40625, 0.29167, 0.40625, 0.33333, 0.40625, 0.375, 0.40625, 0.41667, 0.40625, 0.45833, 0.40625, 0.5, 0.40625, 0.54167, 0.40625, 0.58333, 0.40625, 0.625, 0.40625, 0.66667, 0.40625, 0.70833, 0.40625, 0.75, 0.40625, 0.79167, 0.40625, 0.83333, 0.40625, 0.875, 0.40625, 0.91667, 0.40625, 0.95833, 0.40625, 0.99609, 0.40625, 0.00391, 0.4375, 0.04167, 0.4375, 0.08333, 0.4375, 0.125, 0.4375, 0.16667, 0.4375, 0.20833, 0.4375, 0.25, 0.4375, 0.29167, 0.4375, 0.33333, 0.4375, 0.375, 0.4375, 0.41667, 0.4375, 0.45833, 0.4375, 0.5, 0.4375, 0.54167, 0.4375, 0.58333, 0.4375, 0.625, 0.4375, 0.66667, 0.4375, 0.70833, 0.4375, 0.75, 0.4375, 0.79167, 0.4375, 0.83333, 0.4375, 0.875, 0.4375, 0.91667, 0.4375, 0.95833, 0.4375, 0.99609, 0.4375, 0.00391, 0.46875, 0.04167, 0.46875, 0.08333, 0.46875, 0.125, 0.46875, 0.16667, 0.46875, 0.20833, 0.46875, 0.25, 0.46875, 0.29167, 0.46875, 0.33333, 0.46875, 0.375, 0.46875, 0.41667, 0.46875, 0.45833, 0.46875, 0.5, 0.46875, 0.54167, 0.46875, 0.58333, 0.46875, 0.625, 0.46875, 0.66667, 0.46875, 0.70833, 0.46875, 0.75, 0.46875, 0.79167, 0.46875, 0.83333, 0.46875, 0.875, 0.46875, 0.91667, 0.46875, 0.95833, 0.46875, 0.99609, 0.46875, 0.00391, 0.5, 0.04167, 0.5, 0.08333, 0.5, 0.125, 0.5, 0.16667, 0.5, 0.20833, 0.5, 0.25, 0.5, 0.29167, 0.5, 0.33333, 0.5, 0.375, 0.5, 0.41667, 0.5, 0.45833, 0.5, 0.5, 0.5, 0.54167, 0.5, 0.58333, 0.5, 0.625, 0.5, 0.66667, 0.5, 0.70833, 0.5, 0.75, 0.5, 0.79167, 0.5, 0.83333, 0.5, 0.875, 0.5, 0.91667, 0.5, 0.95833, 0.5, 0.99609, 0.5, 0.00391, 0.53125, 0.04167, 0.53125, 0.08333, 0.53125, 0.125, 0.53125, 0.16667, 0.53125, 0.20833, 0.53125, 0.25, 0.53125, 0.29167, 0.53125, 0.33333, 0.53125, 0.375, 0.53125, 0.41667, 0.53125, 0.45833, 0.53125, 0.5, 0.53125, 0.54167, 0.53125, 0.58333, 0.53125, 0.625, 0.53125, 0.66667, 0.53125, 0.70833, 0.53125, 0.75, 0.53125, 0.79167, 0.53125, 0.83333, 0.53125, 0.875, 0.53125, 0.91667, 0.53125, 0.95833, 0.53125, 0.99609, 0.53125, 0.00391, 0.5625, 0.04167, 0.5625, 0.08333, 0.5625, 0.125, 0.5625, 0.16667, 0.5625, 0.20833, 0.5625, 0.25, 0.5625, 0.29167, 0.5625, 0.33333, 0.5625, 0.375, 0.5625, 0.41667, 0.5625, 0.45833, 0.5625, 0.5, 0.5625, 0.54167, 0.5625, 0.58333, 0.5625, 0.625, 0.5625, 0.66667, 0.5625, 0.70833, 0.5625, 0.75, 0.5625, 0.79167, 0.5625, 0.83333, 0.5625, 0.875, 0.5625, 0.91667, 0.5625, 0.95833, 0.5625, 0.99609, 0.5625, 0.00391, 0.59375, 0.04167, 0.59375, 0.08333, 0.59375, 0.125, 0.59375, 0.16667, 0.59375, 0.20833, 0.59375, 0.25, 0.59375, 0.29167, 0.59375, 0.33333, 0.59375, 0.375, 0.59375, 0.41667, 0.59375, 0.45833, 0.59375, 0.5, 0.59375, 0.54167, 0.59375, 0.58333, 0.59375, 0.625, 0.59375, 0.66667, 0.59375, 0.70833, 0.59375, 0.75, 0.59375, 0.79167, 0.59375, 0.83333, 0.59375, 0.875, 0.59375, 0.91667, 0.59375, 0.95833, 0.59375, 0.99609, 0.59375, 0.00391, 0.625, 0.04167, 0.625, 0.08333, 0.625, 0.125, 0.625, 0.16667, 0.625, 0.20833, 0.625, 0.25, 0.625, 0.29167, 0.625, 0.33333, 0.625, 0.375, 0.625, 0.41667, 0.625, 0.45833, 0.625, 0.5, 0.625, 0.54167, 0.625, 0.58333, 0.625, 0.625, 0.625, 0.66667, 0.625, 0.70833, 0.625, 0.75, 0.625, 0.79167, 0.625, 0.83333, 0.625, 0.875, 0.625, 0.91667, 0.625, 0.95833, 0.625, 0.99609, 0.625, 0.00391, 0.65625, 0.04167, 0.65625, 0.08333, 0.65625, 0.125, 0.65625, 0.16667, 0.65625, 0.20833, 0.65625, 0.25, 0.65625, 0.29167, 0.65625, 0.33333, 0.65625, 0.375, 0.65625, 0.41667, 0.65625, 0.45833, 0.65625, 0.5, 0.65625, 0.54167, 0.65625, 0.58333, 0.65625, 0.625, 0.65625, 0.66667, 0.65625, 0.70833, 0.65625, 0.75, 0.65625, 0.79167, 0.65625, 0.83333, 0.65625, 0.875, 0.65625, 0.91667, 0.65625, 0.95833, 0.65625, 0.99609, 0.65625, 0.00391, 0.6875, 0.04167, 0.6875, 0.08333, 0.6875, 0.125, 0.6875, 0.16667, 0.6875, 0.20833, 0.6875, 0.25, 0.6875, 0.29167, 0.6875, 0.33333, 0.6875, 0.375, 0.6875, 0.41667, 0.6875, 0.45833, 0.6875, 0.5, 0.6875, 0.54167, 0.6875, 0.58333, 0.6875, 0.625, 0.6875, 0.66667, 0.6875, 0.70833, 0.6875, 0.75, 0.6875, 0.79167, 0.6875, 0.83333, 0.6875, 0.875, 0.6875, 0.91667, 0.6875, 0.95833, 0.6875, 0.99609, 0.6875, 0.00391, 0.71875, 0.04167, 0.71875, 0.08333, 0.71875, 0.125, 0.71875, 0.16667, 0.71875, 0.20833, 0.71875, 0.25, 0.71875, 0.29167, 0.71875, 0.33333, 0.71875, 0.375, 0.71875, 0.41667, 0.71875, 0.45833, 0.71875, 0.5, 0.71875, 0.54167, 0.71875, 0.58333, 0.71875, 0.625, 0.71875, 0.66667, 0.71875, 0.70833, 0.71875, 0.75, 0.71875, 0.79167, 0.71875, 0.83333, 0.71875, 0.875, 0.71875, 0.91667, 0.71875, 0.95833, 0.71875, 0.99609, 0.71875, 0.00391, 0.75, 0.04167, 0.75, 0.08333, 0.75, 0.125, 0.75, 0.16667, 0.75, 0.20833, 0.75, 0.25, 0.75, 0.29167, 0.75, 0.33333, 0.75, 0.375, 0.75, 0.41667, 0.75, 0.45833, 0.75, 0.5, 0.75, 0.54167, 0.75, 0.58333, 0.75, 0.625, 0.75, 0.66667, 0.75, 0.70833, 0.75, 0.75, 0.75, 0.79167, 0.75, 0.83333, 0.75, 0.875, 0.75, 0.91667, 0.75, 0.95833, 0.75, 0.99609, 0.75, 0.00391, 0.78125, 0.04167, 0.78125, 0.08333, 0.78125, 0.125, 0.78125, 0.16667, 0.78125, 0.20833, 0.78125, 0.25, 0.78125, 0.29167, 0.78125, 0.33333, 0.78125, 0.375, 0.78125, 0.41667, 0.78125, 0.45833, 0.78125, 0.5, 0.78125, 0.54167, 0.78125, 0.58333, 0.78125, 0.625, 0.78125, 0.66667, 0.78125, 0.70833, 0.78125, 0.75, 0.78125, 0.79167, 0.78125, 0.83333, 0.78125, 0.875, 0.78125, 0.91667, 0.78125, 0.95833, 0.78125, 0.99609, 0.78125, 0.00391, 0.8125, 0.04167, 0.8125, 0.08333, 0.8125, 0.125, 0.8125, 0.16667, 0.8125, 0.20833, 0.8125, 0.25, 0.8125, 0.29167, 0.8125, 0.33333, 0.8125, 0.375, 0.8125, 0.41667, 0.8125, 0.45833, 0.8125, 0.5, 0.8125, 0.54167, 0.8125, 0.58333, 0.8125, 0.625, 0.8125, 0.66667, 0.8125, 0.70833, 0.8125, 0.75, 0.8125, 0.79167, 0.8125, 0.83333, 0.8125, 0.875, 0.8125, 0.91667, 0.8125, 0.95833, 0.8125, 0.99609, 0.8125, 0.00391, 0.84375, 0.04167, 0.84375, 0.08333, 0.84375, 0.125, 0.84375, 0.16667, 0.84375, 0.20833, 0.84375, 0.25, 0.84375, 0.29167, 0.84375, 0.33333, 0.84375, 0.375, 0.84375, 0.41667, 0.84375, 0.45833, 0.84375, 0.5, 0.84375, 0.54167, 0.84375, 0.58333, 0.84375, 0.625, 0.84375, 0.66667, 0.84375, 0.70833, 0.84375, 0.75, 0.84375, 0.79167, 0.84375, 0.83333, 0.84375, 0.875, 0.84375, 0.91667, 0.84375, 0.95833, 0.84375, 0.99609, 0.84375, 0.00391, 0.875, 0.04167, 0.875, 0.08333, 0.875, 0.125, 0.875, 0.16667, 0.875, 0.20833, 0.875, 0.25, 0.875, 0.29167, 0.875, 0.33333, 0.875, 0.375, 0.875, 0.41667, 0.875, 0.45833, 0.875, 0.5, 0.875, 0.54167, 0.875, 0.58333, 0.875, 0.625, 0.875, 0.66667, 0.875, 0.70833, 0.875, 0.75, 0.875, 0.79167, 0.875, 0.83333, 0.875, 0.875, 0.875, 0.91667, 0.875, 0.95833, 0.875, 0.99609, 0.875, 0.00391, 0.90625, 0.04167, 0.90625, 0.08333, 0.90625, 0.125, 0.90625, 0.16667, 0.90625, 0.20833, 0.90625, 0.25, 0.90625, 0.29167, 0.90625, 0.33333, 0.90625, 0.375, 0.90625, 0.41667, 0.90625, 0.45833, 0.90625, 0.5, 0.90625, 0.54167, 0.90625, 0.58333, 0.90625, 0.625, 0.90625, 0.66667, 0.90625, 0.70833, 0.90625, 0.75, 0.90625, 0.79167, 0.90625, 0.83333, 0.90625, 0.875, 0.90625, 0.91667, 0.90625, 0.95833, 0.90625, 0.99609, 0.90625, 0.00391, 0.9375, 0.04167, 0.9375, 0.08333, 0.9375, 0.125, 0.9375, 0.16667, 0.9375, 0.20833, 0.9375, 0.25, 0.9375, 0.29167, 0.9375, 0.33333, 0.9375, 0.375, 0.9375, 0.41667, 0.9375, 0.45833, 0.9375, 0.5, 0.9375, 0.54167, 0.9375, 0.58333, 0.9375, 0.625, 0.9375, 0.66667, 0.9375, 0.70833, 0.9375, 0.75, 0.9375, 0.79167, 0.9375, 0.83333, 0.9375, 0.875, 0.9375, 0.91667, 0.9375, 0.95833, 0.9375, 0.99609, 0.9375, 0.00391, 0.96875, 0.04167, 0.96875, 0.08333, 0.96875, 0.125, 0.96875, 0.16667, 0.96875, 0.20833, 0.96875, 0.25, 0.96875, 0.29167, 0.96875, 0.33333, 0.96875, 0.375, 0.96875, 0.41667, 0.96875, 0.45833, 0.96875, 0.5, 0.96875, 0.54167, 0.96875, 0.58333, 0.96875, 0.625, 0.96875, 0.66667, 0.96875, 0.70833, 0.96875, 0.75, 0.96875, 0.79167, 0.96875, 0.83333, 0.96875, 0.875, 0.96875, 0.91667, 0.96875, 0.95833, 0.96875, 0.99609, 0.96875, 0.00391, 0.99609, 0.04167, 0.99609, 0.08333, 0.99609, 0.125, 0.99609, 0.16667, 0.99609, 0.20833, 0.99609, 0.25, 0.99609, 0.29167, 0.99609, 0.33333, 0.99609, 0.375, 0.99609, 0.41667, 0.99609, 0.45833, 0.99609, 0.5, 0.99609, 0.54167, 0.99609, 0.58333, 0.99609, 0.625, 0.99609, 0.66667, 0.99609, 0.70833, 0.99609, 0.75, 0.99609, 0.79167, 0.99609, 0.83333, 0.99609, 0.875, 0.99609, 0.91667, 0.99609, 0.95833, 0.99609, 0.99609, 0.99609],
                                          "@containerField":"texCoord"
                                        }
                                      }
                                    ],
                                  "-geoOrigin":[
                                      { "GeoOrigin":
                                        {
                                          "@USE":"ORIGIN",
                                          "@containerField":"geoOrigin"
                                        }
                                      }
                                    ]
                                }
                              }
                            ]
                        }
                      }
                    ]
                }
              }
            ]
          }
      ]
    }
  ]
 }
]
