[
 { "X3D":[
    {
      "@profile":"Immersive",
      "@version":3.0,
      "@xsd:noNamespaceSchemaLocation":"http://www.web3d.org/specifications/x3d-3.0.xsd",
      "head":[
          { "-childNodeFieldNameNotFound":[
              { "component":
                {
                  "@level":1,
                  "@name":"Geospatial"
                }
              }
            ]
          },
          { "meta":
            {
              "@content":"SriCampus061.x3d",
              "@name":"title"
            }
          },
          { "meta":
            {
              "@content":"SRI campus building",
              "@name":"description"
            }
          },
          { "meta":
            {
              "@content":"Aaron Heller, SRI International",
              "@name":"creator"
            }
          },
          { "meta":
            {
              "@content":"Don Brutzman",
              "@name":"translator"
            }
          },
          { "meta":
            {
              "@content":"1 February 2000",
              "@name":"created"
            }
          },
          { "meta":
            {
              "@content":"29 April 2003",
              "@name":"translated"
            }
          },
          { "meta":
            {
              "@content":"12 April 2009",
              "@name":"modified"
            }
          },
          { "meta":
            {
              "@content":"http://www.geovrml.org/examples",
              "@name":"reference"
            }
          },
          { "meta":
            {
              "@content":"X3D geospatial example",
              "@name":"subject"
            }
          },
          { "meta":
            {
              "@content":"http://www.web3d.org/x3d/content/examples/Basic/Geospatial/SriCampus061.x3d",
              "@name":"identifier"
            }
          },
          { "meta":
            {
              "@content":"Vrml97ToX3dNist, http://ovrt.nist.gov/v2_x3d.html",
              "@name":"generator"
            }
          },
          { "meta":
            {
              "@content":"../license.html",
              "@name":"license"
            }
          }
      ],
      "Scene":[
          { "-children":[
              { "TouchSensor":
                {
                  "@DEF":"MouseOverPopupDescription",
                  "@description":"House-37",
                  "@enabled":false,
                  "@containerField":"children"
                }
              }
            ]
          },
          { "-children":[
              { "Shape":
                {
                  "@containerField":"children",
                  "@bboxCenter":[0, 0, 0],
                  "@bboxSize":[-1, -1, -1],
                  "-appearance":[
                      { "Appearance":
                        {
                          "@containerField":"appearance",
                          "-material":[
                              { "Material":
                                {
                                  "@diffuseColor":[0.75, 0.75, 0.75],
                                  "@ambientIntensity":0.2,
                                  "@emissiveColor":[0, 0, 0],
                                  "@shininess":0.2,
                                  "@specularColor":[0, 0, 0],
                                  "@transparency":0,
                                  "@containerField":"material"
                                }
                              }
                            ]
                        }
                      }
                    ],
                  "-geometry":[
                      { "IndexedFaceSet":
                        {
                          "@convex":false,
                          "@coordIndex":[9, 10, 11, 8, -1, 10, 2, 3, 11, -1, 8, 0, 1, 9, -1, 2, 10, 9, 1, -1, 0, 8, 11, 3, -1, 0, 3, 2, 1, -1],
                          "@solid":false,
                          "@ccw":true,
                          "@colorPerVertex":true,
                          "@creaseAngle":0,
                          "@normalPerVertex":true,
                          "@containerField":"geometry",
                          "-coord":[
                              { "Coordinate":
                                {
                                  "@DEF":"OBJECT-61-VERTICES",
                                  "@point":[-1.4572581, -3.113086, 3.0109413, 1.4572581, -3.113086, 3.0109413, 1.4572581, -3.113086, -3.0109413, -1.4572581, -3.113086, -3.0109413, -1.4572581, 1.6558279, 3.0109413, 1.4572581, 3.113086, 3.0109413, 1.4572581, 3.113086, -3.0109413, -1.4572581, 1.6558279, -3.0109413, -1.4572581, 1.6558279, 3.0109413, 1.4572581, 3.113086, 3.0109413, 1.4572581, 3.113086, -3.0109413, -1.4572581, 1.6558279, -3.0109413],
                                  "@containerField":"coord"
                                }
                              }
                            ]
                        }
                      }
                    ]
                }
              }
            ]
          }
      ]
    }
  ]
 }
]
