[
 { "X3D":[
    {
      "@profile":"Immersive",
      "@version":3.0,
      "@xsd:noNamespaceSchemaLocation":"http://www.web3d.org/specifications/x3d-3.0.xsd",
      "head":[
          { "-childNodeFieldNameNotFound":[
              { "component":
                {
                  "@level":1,
                  "@name":"Geospatial"
                }
              }
            ]
          },
          { "meta":
            {
              "@content":"TempleNoOrigin.x3d",
              "@name":"title"
            }
          },
          { "meta":
            {
              "@content":"Temple without GeoOrigin results in jittery locations due to floating-point roundoff error of geospatial position values.",
              "@name":"description"
            }
          },
          { "meta":
            {
              "@content":"Martin Reddy SRI authored the original temple scene.",
              "@name":"creator"
            }
          },
          { "meta":
            {
              "@content":"Don Brutzman",
              "@name":"translator"
            }
          },
          { "meta":
            {
              "@content":"22 April 2003",
              "@name":"translated"
            }
          },
          { "meta":
            {
              "@content":"23 December 2011",
              "@name":"modified"
            }
          },
          { "meta":
            {
              "@content":"http://www.geovrml.org/examples",
              "@name":"reference"
            }
          },
          { "meta":
            {
              "@content":"X3D geospatial example",
              "@name":"subject"
            }
          },
          { "meta":
            {
              "@content":"http://www.web3d.org/x3d/content/examples/Basic/Geospatial/TempleNoOrigin.x3d",
              "@name":"identifier"
            }
          },
          { "meta":
            {
              "@content":"Vrml97ToX3dNist, http://ovrt.nist.gov/v2_x3d.html",
              "@name":"generator"
            }
          },
          { "meta":
            {
              "@content":"X3D-Edit 3.3, https://savage.nps.edu/X3D-Edit",
              "@name":"generator"
            }
          },
          { "meta":
            {
              "@content":"../license.html",
              "@name":"license"
            }
          }
      ],
      "Scene":[
          { "-children":[
              { "NavigationInfo":
                {
                  "@avatarSize":[1.0E-6, 1.0E-6, 1.0E-6],
                  "@speed":1.0E-4,
                  "@headlight":true,
                  "@type":["EXAMINE", "ANY"],
                  "@transitionType":["LINEAR"],
                  "@visibilityLimit":0,
                  "@containerField":"children"
                }
              }
            ]
          },
          { "-children":[
              { "GeoViewpoint":
                {
                  "@description":"Temple",
                  "@geoSystem":["UTM", "Z11"],
                  "@orientation":[1.0, 0.0, 0.0, -1.57],
                  "@position":[8167782.0, 258125.0, 45],
                  "@fieldOfView":0.7854,
                  "@jump":true,
                  "@navType":["EXAMINE", "ANY"],
                  "@headlight":true,
                  "@speedFactor":1.0,
                  "@containerField":"children"
                }
              }
            ]
          },
          { "-children":[
              { "Background":
                {
                  "@groundColor":[1.0, 1.0, 1.0],
                  "@skyColor":[1.0, 1.0, 1.0],
                  "@containerField":"children"
                }
              }
            ]
          },
          { "-children":[
              { "GeoLocation":
                {
                  "@geoCoords":[8167769.0, 258115.0, 2.5],
                  "@geoSystem":["UTM", "Z11"],
                  "@bboxCenter":[0, 0, 0],
                  "@bboxSize":[-1, -1, -1],
                  "@containerField":"children",
                  "-children":[
                      { "Transform":
                        {
                          "@center":[0, 0, 0],
                          "@rotation":[0, 0, 1, 0],
                          "@scale":[1, 1, 1],
                          "@scaleOrientation":[0, 0, 1, 0],
                          "@translation":[0, 0, 0],
                          "@bboxCenter":[0, 0, 0],
                          "@bboxSize":[-1, -1, -1],
                          "@containerField":"children",
                          "-children":[
                              { "Shape":
                                {
                                  "@DEF":"COLUMN",
                                  "@containerField":"children",
                                  "@bboxCenter":[0, 0, 0],
                                  "@bboxSize":[-1, -1, -1],
                                  "-appearance":[
                                      { "Appearance":
                                        {
                                          "@containerField":"appearance",
                                          "-material":[
                                              { "Material":
                                                {
                                                  "@diffuseColor":[1.0, 0.9, 0.8],
                                                  "@ambientIntensity":0.2,
                                                  "@emissiveColor":[0, 0, 0],
                                                  "@shininess":0.2,
                                                  "@specularColor":[0, 0, 0],
                                                  "@transparency":0,
                                                  "@containerField":"material"
                                                }
                                              }
                                            ],
                                          "-texture":[
                                              { "ImageTexture":
                                                {
                                                  "@DEF":"stone6",
                                                  "@url":["images/stone6.png", "images/stone6.gif", "http://www.web3d.org/x3d/content/examples/Basic/Geospatial/images/stone6.png", "http://www.web3d.org/x3d/content/examples/Basic/Geospatial/images/stone6.gif", "http://www.ai.sri.com/~reddy/geovrml/examples/temple/stone6.gif"],
                                                  "@repeatS":true,
                                                  "@repeatT":true,
                                                  "@containerField":"texture"
                                                }
                                              }
                                            ]
                                        }
                                      }
                                    ],
                                  "-geometry":[
                                      { "Cylinder":
                                        {
                                          "@height":5.0,
                                          "@radius":0.6,
                                          "@bottom":true,
                                          "@side":true,
                                          "@top":true,
                                          "@solid":true,
                                          "@containerField":"geometry"
                                        }
                                      }
                                    ]
                                }
                              }
                            ]
                        }
                      }
                    ]
                }
              }
            ]
          },
          { "-children":[
              { "GeoLocation":
                {
                  "@geoCoords":[8167771.0, 258115.0, 2.5],
                  "@geoSystem":["UTM", "Z11"],
                  "@bboxCenter":[0, 0, 0],
                  "@bboxSize":[-1, -1, -1],
                  "@containerField":"children",
                  "-children":[
                      { "Shape":
                        {
                          "@USE":"COLUMN",
                          "@containerField":"children"
                        }
                      }
                    ]
                }
              }
            ]
          },
          { "-children":[
              { "GeoLocation":
                {
                  "@geoCoords":[8167773.0, 258115.0, 2.5],
                  "@geoSystem":["UTM", "Z11"],
                  "@bboxCenter":[0, 0, 0],
                  "@bboxSize":[-1, -1, -1],
                  "@containerField":"children",
                  "-children":[
                      { "Shape":
                        {
                          "@USE":"COLUMN",
                          "@containerField":"children"
                        }
                      }
                    ]
                }
              }
            ]
          },
          { "-children":[
              { "GeoLocation":
                {
                  "@geoCoords":[8167775.0, 258115.0, 2.5],
                  "@geoSystem":["UTM", "Z11"],
                  "@bboxCenter":[0, 0, 0],
                  "@bboxSize":[-1, -1, -1],
                  "@containerField":"children",
                  "-children":[
                      { "Shape":
                        {
                          "@USE":"COLUMN",
                          "@containerField":"children"
                        }
                      }
                    ]
                }
              }
            ]
          },
          { "-children":[
              { "GeoLocation":
                {
                  "@geoCoords":[8167777.0, 258115.0, 2.5],
                  "@geoSystem":["UTM", "Z11"],
                  "@bboxCenter":[0, 0, 0],
                  "@bboxSize":[-1, -1, -1],
                  "@containerField":"children",
                  "-children":[
                      { "Shape":
                        {
                          "@USE":"COLUMN",
                          "@containerField":"children"
                        }
                      }
                    ]
                }
              }
            ]
          },
          { "-children":[
              { "GeoLocation":
                {
                  "@geoCoords":[8167779.0, 258115.0, 2.5],
                  "@geoSystem":["UTM", "Z11"],
                  "@bboxCenter":[0, 0, 0],
                  "@bboxSize":[-1, -1, -1],
                  "@containerField":"children",
                  "-children":[
                      { "Shape":
                        {
                          "@USE":"COLUMN",
                          "@containerField":"children"
                        }
                      }
                    ]
                }
              }
            ]
          },
          { "-children":[
              { "GeoLocation":
                {
                  "@geoCoords":[8167781.0, 258115.0, 2.5],
                  "@geoSystem":["UTM", "Z11"],
                  "@bboxCenter":[0, 0, 0],
                  "@bboxSize":[-1, -1, -1],
                  "@containerField":"children",
                  "-children":[
                      { "Shape":
                        {
                          "@USE":"COLUMN",
                          "@containerField":"children"
                        }
                      }
                    ]
                }
              }
            ]
          },
          { "-children":[
              { "GeoLocation":
                {
                  "@geoCoords":[8167783.0, 258115.0, 2.5],
                  "@geoSystem":["UTM", "Z11"],
                  "@bboxCenter":[0, 0, 0],
                  "@bboxSize":[-1, -1, -1],
                  "@containerField":"children",
                  "-children":[
                      { "Shape":
                        {
                          "@USE":"COLUMN",
                          "@containerField":"children"
                        }
                      }
                    ]
                }
              }
            ]
          },
          { "-children":[
              { "GeoLocation":
                {
                  "@geoCoords":[8167785.0, 258115.0, 2.5],
                  "@geoSystem":["UTM", "Z11"],
                  "@bboxCenter":[0, 0, 0],
                  "@bboxSize":[-1, -1, -1],
                  "@containerField":"children",
                  "-children":[
                      { "Shape":
                        {
                          "@USE":"COLUMN",
                          "@containerField":"children"
                        }
                      }
                    ]
                }
              }
            ]
          },
          { "-children":[
              { "GeoLocation":
                {
                  "@geoCoords":[8167787.0, 258115.0, 2.5],
                  "@geoSystem":["UTM", "Z11"],
                  "@bboxCenter":[0, 0, 0],
                  "@bboxSize":[-1, -1, -1],
                  "@containerField":"children",
                  "-children":[
                      { "Shape":
                        {
                          "@USE":"COLUMN",
                          "@containerField":"children"
                        }
                      }
                    ]
                }
              }
            ]
          },
          { "-children":[
              { "GeoLocation":
                {
                  "@geoCoords":[8167789.0, 258115.0, 2.5],
                  "@geoSystem":["UTM", "Z11"],
                  "@bboxCenter":[0, 0, 0],
                  "@bboxSize":[-1, -1, -1],
                  "@containerField":"children",
                  "-children":[
                      { "Shape":
                        {
                          "@USE":"COLUMN",
                          "@containerField":"children"
                        }
                      }
                    ]
                }
              }
            ]
          },
          { "-children":[
              { "GeoLocation":
                {
                  "@geoCoords":[8167769.0, 258117.0, 2.5],
                  "@geoSystem":["UTM", "Z11"],
                  "@bboxCenter":[0, 0, 0],
                  "@bboxSize":[-1, -1, -1],
                  "@containerField":"children",
                  "-children":[
                      { "Shape":
                        {
                          "@USE":"COLUMN",
                          "@containerField":"children"
                        }
                      }
                    ]
                }
              }
            ]
          },
          { "-children":[
              { "GeoLocation":
                {
                  "@geoCoords":[8167771.0, 258117.0, 2.5],
                  "@geoSystem":["UTM", "Z11"],
                  "@bboxCenter":[0, 0, 0],
                  "@bboxSize":[-1, -1, -1],
                  "@containerField":"children",
                  "-children":[
                      { "Shape":
                        {
                          "@USE":"COLUMN",
                          "@containerField":"children"
                        }
                      }
                    ]
                }
              }
            ]
          },
          { "-children":[
              { "GeoLocation":
                {
                  "@geoCoords":[8167773.0, 258117.0, 2.5],
                  "@geoSystem":["UTM", "Z11"],
                  "@bboxCenter":[0, 0, 0],
                  "@bboxSize":[-1, -1, -1],
                  "@containerField":"children",
                  "-children":[
                      { "Shape":
                        {
                          "@USE":"COLUMN",
                          "@containerField":"children"
                        }
                      }
                    ]
                }
              }
            ]
          },
          { "-children":[
              { "GeoLocation":
                {
                  "@geoCoords":[8167775.0, 258117.0, 2.5],
                  "@geoSystem":["UTM", "Z11"],
                  "@bboxCenter":[0, 0, 0],
                  "@bboxSize":[-1, -1, -1],
                  "@containerField":"children",
                  "-children":[
                      { "Shape":
                        {
                          "@USE":"COLUMN",
                          "@containerField":"children"
                        }
                      }
                    ]
                }
              }
            ]
          },
          { "-children":[
              { "GeoLocation":
                {
                  "@geoCoords":[8167777.0, 258117.0, 2.5],
                  "@geoSystem":["UTM", "Z11"],
                  "@bboxCenter":[0, 0, 0],
                  "@bboxSize":[-1, -1, -1],
                  "@containerField":"children",
                  "-children":[
                      { "Shape":
                        {
                          "@USE":"COLUMN",
                          "@containerField":"children"
                        }
                      }
                    ]
                }
              }
            ]
          },
          { "-children":[
              { "GeoLocation":
                {
                  "@geoCoords":[8167779.0, 258117.0, 2.5],
                  "@geoSystem":["UTM", "Z11"],
                  "@bboxCenter":[0, 0, 0],
                  "@bboxSize":[-1, -1, -1],
                  "@containerField":"children",
                  "-children":[
                      { "Shape":
                        {
                          "@USE":"COLUMN",
                          "@containerField":"children"
                        }
                      }
                    ]
                }
              }
            ]
          },
          { "-children":[
              { "GeoLocation":
                {
                  "@geoCoords":[8167781.0, 258117.0, 2.5],
                  "@geoSystem":["UTM", "Z11"],
                  "@bboxCenter":[0, 0, 0],
                  "@bboxSize":[-1, -1, -1],
                  "@containerField":"children",
                  "-children":[
                      { "Shape":
                        {
                          "@USE":"COLUMN",
                          "@containerField":"children"
                        }
                      }
                    ]
                }
              }
            ]
          },
          { "-children":[
              { "GeoLocation":
                {
                  "@geoCoords":[8167783.0, 258117.0, 2.5],
                  "@geoSystem":["UTM", "Z11"],
                  "@bboxCenter":[0, 0, 0],
                  "@bboxSize":[-1, -1, -1],
                  "@containerField":"children",
                  "-children":[
                      { "Shape":
                        {
                          "@USE":"COLUMN",
                          "@containerField":"children"
                        }
                      }
                    ]
                }
              }
            ]
          },
          { "-children":[
              { "GeoLocation":
                {
                  "@geoCoords":[8167785.0, 258117.0, 2.5],
                  "@geoSystem":["UTM", "Z11"],
                  "@bboxCenter":[0, 0, 0],
                  "@bboxSize":[-1, -1, -1],
                  "@containerField":"children",
                  "-children":[
                      { "Shape":
                        {
                          "@USE":"COLUMN",
                          "@containerField":"children"
                        }
                      }
                    ]
                }
              }
            ]
          },
          { "-children":[
              { "GeoLocation":
                {
                  "@geoCoords":[8167787.0, 258117.0, 2.5],
                  "@geoSystem":["UTM", "Z11"],
                  "@bboxCenter":[0, 0, 0],
                  "@bboxSize":[-1, -1, -1],
                  "@containerField":"children",
                  "-children":[
                      { "Shape":
                        {
                          "@USE":"COLUMN",
                          "@containerField":"children"
                        }
                      }
                    ]
                }
              }
            ]
          },
          { "-children":[
              { "GeoLocation":
                {
                  "@geoCoords":[8167789.0, 258117.0, 2.5],
                  "@geoSystem":["UTM", "Z11"],
                  "@bboxCenter":[0, 0, 0],
                  "@bboxSize":[-1, -1, -1],
                  "@containerField":"children",
                  "-children":[
                      { "Shape":
                        {
                          "@USE":"COLUMN",
                          "@containerField":"children"
                        }
                      }
                    ]
                }
              }
            ]
          },
          { "-children":[
              { "GeoLocation":
                {
                  "@geoCoords":[8167769.0, 258119.0, 2.5],
                  "@geoSystem":["UTM", "Z11"],
                  "@bboxCenter":[0, 0, 0],
                  "@bboxSize":[-1, -1, -1],
                  "@containerField":"children",
                  "-children":[
                      { "Shape":
                        {
                          "@USE":"COLUMN",
                          "@containerField":"children"
                        }
                      }
                    ]
                }
              }
            ]
          },
          { "-children":[
              { "GeoLocation":
                {
                  "@geoCoords":[8167771.0, 258119.0, 2.5],
                  "@geoSystem":["UTM", "Z11"],
                  "@bboxCenter":[0, 0, 0],
                  "@bboxSize":[-1, -1, -1],
                  "@containerField":"children",
                  "-children":[
                      { "Shape":
                        {
                          "@USE":"COLUMN",
                          "@containerField":"children"
                        }
                      }
                    ]
                }
              }
            ]
          },
          { "-children":[
              { "GeoLocation":
                {
                  "@geoCoords":[8167787.0, 258119.0, 2.5],
                  "@geoSystem":["UTM", "Z11"],
                  "@bboxCenter":[0, 0, 0],
                  "@bboxSize":[-1, -1, -1],
                  "@containerField":"children",
                  "-children":[
                      { "Shape":
                        {
                          "@USE":"COLUMN",
                          "@containerField":"children"
                        }
                      }
                    ]
                }
              }
            ]
          },
          { "-children":[
              { "GeoLocation":
                {
                  "@geoCoords":[8167789.0, 258119.0, 2.5],
                  "@geoSystem":["UTM", "Z11"],
                  "@bboxCenter":[0, 0, 0],
                  "@bboxSize":[-1, -1, -1],
                  "@containerField":"children",
                  "-children":[
                      { "Shape":
                        {
                          "@USE":"COLUMN",
                          "@containerField":"children"
                        }
                      }
                    ]
                }
              }
            ]
          },
          { "-children":[
              { "GeoLocation":
                {
                  "@geoCoords":[8167769.0, 258121.0, 2.5],
                  "@geoSystem":["UTM", "Z11"],
                  "@bboxCenter":[0, 0, 0],
                  "@bboxSize":[-1, -1, -1],
                  "@containerField":"children",
                  "-children":[
                      { "Shape":
                        {
                          "@USE":"COLUMN",
                          "@containerField":"children"
                        }
                      }
                    ]
                }
              }
            ]
          },
          { "-children":[
              { "GeoLocation":
                {
                  "@geoCoords":[8167771.0, 258121.0, 2.5],
                  "@geoSystem":["UTM", "Z11"],
                  "@bboxCenter":[0, 0, 0],
                  "@bboxSize":[-1, -1, -1],
                  "@containerField":"children",
                  "-children":[
                      { "Shape":
                        {
                          "@USE":"COLUMN",
                          "@containerField":"children"
                        }
                      }
                    ]
                }
              }
            ]
          },
          { "-children":[
              { "GeoLocation":
                {
                  "@geoCoords":[8167787.0, 258121.0, 2.5],
                  "@geoSystem":["UTM", "Z11"],
                  "@bboxCenter":[0, 0, 0],
                  "@bboxSize":[-1, -1, -1],
                  "@containerField":"children",
                  "-children":[
                      { "Shape":
                        {
                          "@USE":"COLUMN",
                          "@containerField":"children"
                        }
                      }
                    ]
                }
              }
            ]
          },
          { "-children":[
              { "GeoLocation":
                {
                  "@geoCoords":[8167789.0, 258121.0, 2.5],
                  "@geoSystem":["UTM", "Z11"],
                  "@bboxCenter":[0, 0, 0],
                  "@bboxSize":[-1, -1, -1],
                  "@containerField":"children",
                  "-children":[
                      { "Shape":
                        {
                          "@USE":"COLUMN",
                          "@containerField":"children"
                        }
                      }
                    ]
                }
              }
            ]
          },
          { "-children":[
              { "GeoLocation":
                {
                  "@geoCoords":[8167769.0, 258123.0, 2.5],
                  "@geoSystem":["UTM", "Z11"],
                  "@bboxCenter":[0, 0, 0],
                  "@bboxSize":[-1, -1, -1],
                  "@containerField":"children",
                  "-children":[
                      { "Shape":
                        {
                          "@USE":"COLUMN",
                          "@containerField":"children"
                        }
                      }
                    ]
                }
              }
            ]
          },
          { "-children":[
              { "GeoLocation":
                {
                  "@geoCoords":[8167771.0, 258123.0, 2.5],
                  "@geoSystem":["UTM", "Z11"],
                  "@bboxCenter":[0, 0, 0],
                  "@bboxSize":[-1, -1, -1],
                  "@containerField":"children",
                  "-children":[
                      { "Shape":
                        {
                          "@USE":"COLUMN",
                          "@containerField":"children"
                        }
                      }
                    ]
                }
              }
            ]
          },
          { "-children":[
              { "GeoLocation":
                {
                  "@geoCoords":[8167787.0, 258123.0, 2.5],
                  "@geoSystem":["UTM", "Z11"],
                  "@bboxCenter":[0, 0, 0],
                  "@bboxSize":[-1, -1, -1],
                  "@containerField":"children",
                  "-children":[
                      { "Shape":
                        {
                          "@USE":"COLUMN",
                          "@containerField":"children"
                        }
                      }
                    ]
                }
              }
            ]
          },
          { "-children":[
              { "GeoLocation":
                {
                  "@geoCoords":[8167789.0, 258123.0, 2.5],
                  "@geoSystem":["UTM", "Z11"],
                  "@bboxCenter":[0, 0, 0],
                  "@bboxSize":[-1, -1, -1],
                  "@containerField":"children",
                  "-children":[
                      { "Shape":
                        {
                          "@USE":"COLUMN",
                          "@containerField":"children"
                        }
                      }
                    ]
                }
              }
            ]
          },
          { "-children":[
              { "GeoLocation":
                {
                  "@geoCoords":[8167769.0, 258125.0, 2.5],
                  "@geoSystem":["UTM", "Z11"],
                  "@bboxCenter":[0, 0, 0],
                  "@bboxSize":[-1, -1, -1],
                  "@containerField":"children",
                  "-children":[
                      { "Shape":
                        {
                          "@USE":"COLUMN",
                          "@containerField":"children"
                        }
                      }
                    ]
                }
              }
            ]
          },
          { "-children":[
              { "GeoLocation":
                {
                  "@geoCoords":[8167771.0, 258125.0, 2.5],
                  "@geoSystem":["UTM", "Z11"],
                  "@bboxCenter":[0, 0, 0],
                  "@bboxSize":[-1, -1, -1],
                  "@containerField":"children",
                  "-children":[
                      { "Shape":
                        {
                          "@USE":"COLUMN",
                          "@containerField":"children"
                        }
                      }
                    ]
                }
              }
            ]
          },
          { "-children":[
              { "GeoLocation":
                {
                  "@geoCoords":[8167787.0, 258125.0, 2.5],
                  "@geoSystem":["UTM", "Z11"],
                  "@bboxCenter":[0, 0, 0],
                  "@bboxSize":[-1, -1, -1],
                  "@containerField":"children",
                  "-children":[
                      { "Shape":
                        {
                          "@USE":"COLUMN",
                          "@containerField":"children"
                        }
                      }
                    ]
                }
              }
            ]
          },
          { "-children":[
              { "GeoLocation":
                {
                  "@geoCoords":[8167789.0, 258125.0, 2.5],
                  "@geoSystem":["UTM", "Z11"],
                  "@bboxCenter":[0, 0, 0],
                  "@bboxSize":[-1, -1, -1],
                  "@containerField":"children",
                  "-children":[
                      { "Shape":
                        {
                          "@USE":"COLUMN",
                          "@containerField":"children"
                        }
                      }
                    ]
                }
              }
            ]
          },
          { "-children":[
              { "GeoLocation":
                {
                  "@geoCoords":[8167769.0, 258127.0, 2.5],
                  "@geoSystem":["UTM", "Z11"],
                  "@bboxCenter":[0, 0, 0],
                  "@bboxSize":[-1, -1, -1],
                  "@containerField":"children",
                  "-children":[
                      { "Shape":
                        {
                          "@USE":"COLUMN",
                          "@containerField":"children"
                        }
                      }
                    ]
                }
              }
            ]
          },
          { "-children":[
              { "GeoLocation":
                {
                  "@geoCoords":[8167771.0, 258127.0, 2.5],
                  "@geoSystem":["UTM", "Z11"],
                  "@bboxCenter":[0, 0, 0],
                  "@bboxSize":[-1, -1, -1],
                  "@containerField":"children",
                  "-children":[
                      { "Shape":
                        {
                          "@USE":"COLUMN",
                          "@containerField":"children"
                        }
                      }
                    ]
                }
              }
            ]
          },
          { "-children":[
              { "GeoLocation":
                {
                  "@geoCoords":[8167787.0, 258127.0, 2.5],
                  "@geoSystem":["UTM", "Z11"],
                  "@bboxCenter":[0, 0, 0],
                  "@bboxSize":[-1, -1, -1],
                  "@containerField":"children",
                  "-children":[
                      { "Shape":
                        {
                          "@USE":"COLUMN",
                          "@containerField":"children"
                        }
                      }
                    ]
                }
              }
            ]
          },
          { "-children":[
              { "GeoLocation":
                {
                  "@geoCoords":[8167789.0, 258127.0, 2.5],
                  "@geoSystem":["UTM", "Z11"],
                  "@bboxCenter":[0, 0, 0],
                  "@bboxSize":[-1, -1, -1],
                  "@containerField":"children",
                  "-children":[
                      { "Shape":
                        {
                          "@USE":"COLUMN",
                          "@containerField":"children"
                        }
                      }
                    ]
                }
              }
            ]
          },
          { "-children":[
              { "GeoLocation":
                {
                  "@geoCoords":[8167769.0, 258129.0, 2.5],
                  "@geoSystem":["UTM", "Z11"],
                  "@bboxCenter":[0, 0, 0],
                  "@bboxSize":[-1, -1, -1],
                  "@containerField":"children",
                  "-children":[
                      { "Shape":
                        {
                          "@USE":"COLUMN",
                          "@containerField":"children"
                        }
                      }
                    ]
                }
              }
            ]
          },
          { "-children":[
              { "GeoLocation":
                {
                  "@geoCoords":[8167771.0, 258129.0, 2.5],
                  "@geoSystem":["UTM", "Z11"],
                  "@bboxCenter":[0, 0, 0],
                  "@bboxSize":[-1, -1, -1],
                  "@containerField":"children",
                  "-children":[
                      { "Shape":
                        {
                          "@USE":"COLUMN",
                          "@containerField":"children"
                        }
                      }
                    ]
                }
              }
            ]
          },
          { "-children":[
              { "GeoLocation":
                {
                  "@geoCoords":[8167787.0, 258129.0, 2.5],
                  "@geoSystem":["UTM", "Z11"],
                  "@bboxCenter":[0, 0, 0],
                  "@bboxSize":[-1, -1, -1],
                  "@containerField":"children",
                  "-children":[
                      { "Shape":
                        {
                          "@USE":"COLUMN",
                          "@containerField":"children"
                        }
                      }
                    ]
                }
              }
            ]
          },
          { "-children":[
              { "GeoLocation":
                {
                  "@geoCoords":[8167789.0, 258129.0, 2.5],
                  "@geoSystem":["UTM", "Z11"],
                  "@bboxCenter":[0, 0, 0],
                  "@bboxSize":[-1, -1, -1],
                  "@containerField":"children",
                  "-children":[
                      { "Shape":
                        {
                          "@USE":"COLUMN",
                          "@containerField":"children"
                        }
                      }
                    ]
                }
              }
            ]
          },
          { "-children":[
              { "GeoLocation":
                {
                  "@geoCoords":[8167769.0, 258131.0, 2.5],
                  "@geoSystem":["UTM", "Z11"],
                  "@bboxCenter":[0, 0, 0],
                  "@bboxSize":[-1, -1, -1],
                  "@containerField":"children",
                  "-children":[
                      { "Shape":
                        {
                          "@USE":"COLUMN",
                          "@containerField":"children"
                        }
                      }
                    ]
                }
              }
            ]
          },
          { "-children":[
              { "GeoLocation":
                {
                  "@geoCoords":[8167771.0, 258131.0, 2.5],
                  "@geoSystem":["UTM", "Z11"],
                  "@bboxCenter":[0, 0, 0],
                  "@bboxSize":[-1, -1, -1],
                  "@containerField":"children",
                  "-children":[
                      { "Shape":
                        {
                          "@USE":"COLUMN",
                          "@containerField":"children"
                        }
                      }
                    ]
                }
              }
            ]
          },
          { "-children":[
              { "GeoLocation":
                {
                  "@geoCoords":[8167787.0, 258131.0, 2.5],
                  "@geoSystem":["UTM", "Z11"],
                  "@bboxCenter":[0, 0, 0],
                  "@bboxSize":[-1, -1, -1],
                  "@containerField":"children",
                  "-children":[
                      { "Shape":
                        {
                          "@USE":"COLUMN",
                          "@containerField":"children"
                        }
                      }
                    ]
                }
              }
            ]
          },
          { "-children":[
              { "GeoLocation":
                {
                  "@geoCoords":[8167789.0, 258131.0, 2.5],
                  "@geoSystem":["UTM", "Z11"],
                  "@bboxCenter":[0, 0, 0],
                  "@bboxSize":[-1, -1, -1],
                  "@containerField":"children",
                  "-children":[
                      { "Shape":
                        {
                          "@USE":"COLUMN",
                          "@containerField":"children"
                        }
                      }
                    ]
                }
              }
            ]
          },
          { "-children":[
              { "GeoLocation":
                {
                  "@geoCoords":[8167769.0, 258133.0, 2.5],
                  "@geoSystem":["UTM", "Z11"],
                  "@bboxCenter":[0, 0, 0],
                  "@bboxSize":[-1, -1, -1],
                  "@containerField":"children",
                  "-children":[
                      { "Shape":
                        {
                          "@USE":"COLUMN",
                          "@containerField":"children"
                        }
                      }
                    ]
                }
              }
            ]
          },
          { "-children":[
              { "GeoLocation":
                {
                  "@geoCoords":[8167771.0, 258133.0, 2.5],
                  "@geoSystem":["UTM", "Z11"],
                  "@bboxCenter":[0, 0, 0],
                  "@bboxSize":[-1, -1, -1],
                  "@containerField":"children",
                  "-children":[
                      { "Shape":
                        {
                          "@USE":"COLUMN",
                          "@containerField":"children"
                        }
                      }
                    ]
                }
              }
            ]
          },
          { "-children":[
              { "GeoLocation":
                {
                  "@geoCoords":[8167773.0, 258133.0, 2.5],
                  "@geoSystem":["UTM", "Z11"],
                  "@bboxCenter":[0, 0, 0],
                  "@bboxSize":[-1, -1, -1],
                  "@containerField":"children",
                  "-children":[
                      { "Shape":
                        {
                          "@USE":"COLUMN",
                          "@containerField":"children"
                        }
                      }
                    ]
                }
              }
            ]
          },
          { "-children":[
              { "GeoLocation":
                {
                  "@geoCoords":[8167775.0, 258133.0, 2.5],
                  "@geoSystem":["UTM", "Z11"],
                  "@bboxCenter":[0, 0, 0],
                  "@bboxSize":[-1, -1, -1],
                  "@containerField":"children",
                  "-children":[
                      { "Shape":
                        {
                          "@USE":"COLUMN",
                          "@containerField":"children"
                        }
                      }
                    ]
                }
              }
            ]
          },
          { "-children":[
              { "GeoLocation":
                {
                  "@geoCoords":[8167777.0, 258133.0, 2.5],
                  "@geoSystem":["UTM", "Z11"],
                  "@bboxCenter":[0, 0, 0],
                  "@bboxSize":[-1, -1, -1],
                  "@containerField":"children",
                  "-children":[
                      { "Shape":
                        {
                          "@USE":"COLUMN",
                          "@containerField":"children"
                        }
                      }
                    ]
                }
              }
            ]
          },
          { "-children":[
              { "GeoLocation":
                {
                  "@geoCoords":[8167779.0, 258133.0, 2.5],
                  "@geoSystem":["UTM", "Z11"],
                  "@bboxCenter":[0, 0, 0],
                  "@bboxSize":[-1, -1, -1],
                  "@containerField":"children",
                  "-children":[
                      { "Shape":
                        {
                          "@USE":"COLUMN",
                          "@containerField":"children"
                        }
                      }
                    ]
                }
              }
            ]
          },
          { "-children":[
              { "GeoLocation":
                {
                  "@geoCoords":[8167781.0, 258133.0, 2.5],
                  "@geoSystem":["UTM", "Z11"],
                  "@bboxCenter":[0, 0, 0],
                  "@bboxSize":[-1, -1, -1],
                  "@containerField":"children",
                  "-children":[
                      { "Shape":
                        {
                          "@USE":"COLUMN",
                          "@containerField":"children"
                        }
                      }
                    ]
                }
              }
            ]
          },
          { "-children":[
              { "GeoLocation":
                {
                  "@geoCoords":[8167783.0, 258133.0, 2.5],
                  "@geoSystem":["UTM", "Z11"],
                  "@bboxCenter":[0, 0, 0],
                  "@bboxSize":[-1, -1, -1],
                  "@containerField":"children",
                  "-children":[
                      { "Shape":
                        {
                          "@USE":"COLUMN",
                          "@containerField":"children"
                        }
                      }
                    ]
                }
              }
            ]
          },
          { "-children":[
              { "GeoLocation":
                {
                  "@geoCoords":[8167785.0, 258133.0, 2.5],
                  "@geoSystem":["UTM", "Z11"],
                  "@bboxCenter":[0, 0, 0],
                  "@bboxSize":[-1, -1, -1],
                  "@containerField":"children",
                  "-children":[
                      { "Shape":
                        {
                          "@USE":"COLUMN",
                          "@containerField":"children"
                        }
                      }
                    ]
                }
              }
            ]
          },
          { "-children":[
              { "GeoLocation":
                {
                  "@geoCoords":[8167787.0, 258133.0, 2.5],
                  "@geoSystem":["UTM", "Z11"],
                  "@bboxCenter":[0, 0, 0],
                  "@bboxSize":[-1, -1, -1],
                  "@containerField":"children",
                  "-children":[
                      { "Shape":
                        {
                          "@USE":"COLUMN",
                          "@containerField":"children"
                        }
                      }
                    ]
                }
              }
            ]
          },
          { "-children":[
              { "GeoLocation":
                {
                  "@geoCoords":[8167789.0, 258133.0, 2.5],
                  "@geoSystem":["UTM", "Z11"],
                  "@bboxCenter":[0, 0, 0],
                  "@bboxSize":[-1, -1, -1],
                  "@containerField":"children",
                  "-children":[
                      { "Shape":
                        {
                          "@USE":"COLUMN",
                          "@containerField":"children"
                        }
                      }
                    ]
                }
              }
            ]
          },
          { "-children":[
              { "GeoLocation":
                {
                  "@geoCoords":[8167769.0, 258135.0, 2.5],
                  "@geoSystem":["UTM", "Z11"],
                  "@bboxCenter":[0, 0, 0],
                  "@bboxSize":[-1, -1, -1],
                  "@containerField":"children",
                  "-children":[
                      { "Shape":
                        {
                          "@USE":"COLUMN",
                          "@containerField":"children"
                        }
                      }
                    ]
                }
              }
            ]
          },
          { "-children":[
              { "GeoLocation":
                {
                  "@geoCoords":[8167771.0, 258135.0, 2.5],
                  "@geoSystem":["UTM", "Z11"],
                  "@bboxCenter":[0, 0, 0],
                  "@bboxSize":[-1, -1, -1],
                  "@containerField":"children",
                  "-children":[
                      { "Shape":
                        {
                          "@USE":"COLUMN",
                          "@containerField":"children"
                        }
                      }
                    ]
                }
              }
            ]
          },
          { "-children":[
              { "GeoLocation":
                {
                  "@geoCoords":[8167773.0, 258135.0, 2.5],
                  "@geoSystem":["UTM", "Z11"],
                  "@bboxCenter":[0, 0, 0],
                  "@bboxSize":[-1, -1, -1],
                  "@containerField":"children",
                  "-children":[
                      { "Shape":
                        {
                          "@USE":"COLUMN",
                          "@containerField":"children"
                        }
                      }
                    ]
                }
              }
            ]
          },
          { "-children":[
              { "GeoLocation":
                {
                  "@geoCoords":[8167775.0, 258135.0, 2.5],
                  "@geoSystem":["UTM", "Z11"],
                  "@bboxCenter":[0, 0, 0],
                  "@bboxSize":[-1, -1, -1],
                  "@containerField":"children",
                  "-children":[
                      { "Shape":
                        {
                          "@USE":"COLUMN",
                          "@containerField":"children"
                        }
                      }
                    ]
                }
              }
            ]
          },
          { "-children":[
              { "GeoLocation":
                {
                  "@geoCoords":[8167777.0, 258135.0, 2.5],
                  "@geoSystem":["UTM", "Z11"],
                  "@bboxCenter":[0, 0, 0],
                  "@bboxSize":[-1, -1, -1],
                  "@containerField":"children",
                  "-children":[
                      { "Shape":
                        {
                          "@USE":"COLUMN",
                          "@containerField":"children"
                        }
                      }
                    ]
                }
              }
            ]
          },
          { "-children":[
              { "GeoLocation":
                {
                  "@geoCoords":[8167779.0, 258135.0, 2.5],
                  "@geoSystem":["UTM", "Z11"],
                  "@bboxCenter":[0, 0, 0],
                  "@bboxSize":[-1, -1, -1],
                  "@containerField":"children",
                  "-children":[
                      { "Shape":
                        {
                          "@USE":"COLUMN",
                          "@containerField":"children"
                        }
                      }
                    ]
                }
              }
            ]
          },
          { "-children":[
              { "GeoLocation":
                {
                  "@geoCoords":[8167781.0, 258135.0, 2.5],
                  "@geoSystem":["UTM", "Z11"],
                  "@bboxCenter":[0, 0, 0],
                  "@bboxSize":[-1, -1, -1],
                  "@containerField":"children",
                  "-children":[
                      { "Shape":
                        {
                          "@USE":"COLUMN",
                          "@containerField":"children"
                        }
                      }
                    ]
                }
              }
            ]
          },
          { "-children":[
              { "GeoLocation":
                {
                  "@geoCoords":[8167783.0, 258135.0, 2.5],
                  "@geoSystem":["UTM", "Z11"],
                  "@bboxCenter":[0, 0, 0],
                  "@bboxSize":[-1, -1, -1],
                  "@containerField":"children",
                  "-children":[
                      { "Shape":
                        {
                          "@USE":"COLUMN",
                          "@containerField":"children"
                        }
                      }
                    ]
                }
              }
            ]
          },
          { "-children":[
              { "GeoLocation":
                {
                  "@geoCoords":[8167785.0, 258135.0, 2.5],
                  "@geoSystem":["UTM", "Z11"],
                  "@bboxCenter":[0, 0, 0],
                  "@bboxSize":[-1, -1, -1],
                  "@containerField":"children",
                  "-children":[
                      { "Shape":
                        {
                          "@USE":"COLUMN",
                          "@containerField":"children"
                        }
                      }
                    ]
                }
              }
            ]
          },
          { "-children":[
              { "GeoLocation":
                {
                  "@geoCoords":[8167787.0, 258135.0, 2.5],
                  "@geoSystem":["UTM", "Z11"],
                  "@bboxCenter":[0, 0, 0],
                  "@bboxSize":[-1, -1, -1],
                  "@containerField":"children",
                  "-children":[
                      { "Shape":
                        {
                          "@USE":"COLUMN",
                          "@containerField":"children"
                        }
                      }
                    ]
                }
              }
            ]
          },
          { "-children":[
              { "GeoLocation":
                {
                  "@geoCoords":[8167789.0, 258135.0, 2.5],
                  "@geoSystem":["UTM", "Z11"],
                  "@bboxCenter":[0, 0, 0],
                  "@bboxSize":[-1, -1, -1],
                  "@containerField":"children",
                  "-children":[
                      { "Shape":
                        {
                          "@USE":"COLUMN",
                          "@containerField":"children"
                        }
                      }
                    ]
                }
              }
            ]
          },
          { "-children":[
              { "GeoLocation":
                {
                  "@geoCoords":[8167779.0, 258125.0, -0.5],
                  "@geoSystem":["UTM", "Z11"],
                  "@bboxCenter":[0, 0, 0],
                  "@bboxSize":[-1, -1, -1],
                  "@containerField":"children",
                  "-children":[
                      { "Transform":
                        {
                          "@rotation":[0.0, 1.0, 0.0, 0.13],
                          "@center":[0, 0, 0],
                          "@scale":[1, 1, 1],
                          "@scaleOrientation":[0, 0, 1, 0],
                          "@translation":[0, 0, 0],
                          "@bboxCenter":[0, 0, 0],
                          "@bboxSize":[-1, -1, -1],
                          "@containerField":"children",
                          "-children":[
                              { "Shape":
                                {
                                  "@containerField":"children",
                                  "@bboxCenter":[0, 0, 0],
                                  "@bboxSize":[-1, -1, -1],
                                  "-appearance":[
                                      { "Appearance":
                                        {
                                          "@containerField":"appearance",
                                          "-material":[
                                              { "Material":
                                                {
                                                  "@diffuseColor":[1.0, 1.0, 1.0],
                                                  "@ambientIntensity":0.2,
                                                  "@emissiveColor":[0, 0, 0],
                                                  "@shininess":0.2,
                                                  "@specularColor":[0, 0, 0],
                                                  "@transparency":0,
                                                  "@containerField":"material"
                                                }
                                              }
                                            ],
                                          "-texture":[
                                              { "ImageTexture":
                                                {
                                                  "@DEF":"stone5",
                                                  "@url":["images/stone5.png", "images/stone5.gif", "http://www.web3d.org/x3d/content/examples/Basic/Geospatial/images/stone5.png", "http://www.web3d.org/x3d/content/examples/Basic/Geospatial/images/stone5.gif", "http://www.ai.sri.com/~reddy/geovrml/examples/temple/stone5.gif"],
                                                  "@repeatS":true,
                                                  "@repeatT":true,
                                                  "@containerField":"texture"
                                                }
                                              }
                                            ]
                                        }
                                      }
                                    ],
                                  "-geometry":[
                                      { "Box":
                                        {
                                          "@size":[22.0, 1.0, 22.0],
                                          "@solid":true,
                                          "@containerField":"geometry"
                                        }
                                      }
                                    ]
                                }
                              }
                            ]
                        }
                      }
                    ]
                }
              }
            ]
          },
          { "-children":[
              { "GeoLocation":
                {
                  "@geoCoords":[8167779.0, 258125.0, -1.5],
                  "@geoSystem":["UTM", "Z11"],
                  "@bboxCenter":[0, 0, 0],
                  "@bboxSize":[-1, -1, -1],
                  "@containerField":"children",
                  "-children":[
                      { "Transform":
                        {
                          "@rotation":[0.0, 1.0, 0.0, 0.13],
                          "@center":[0, 0, 0],
                          "@scale":[1, 1, 1],
                          "@scaleOrientation":[0, 0, 1, 0],
                          "@translation":[0, 0, 0],
                          "@bboxCenter":[0, 0, 0],
                          "@bboxSize":[-1, -1, -1],
                          "@containerField":"children",
                          "-children":[
                              { "Shape":
                                {
                                  "@containerField":"children",
                                  "@bboxCenter":[0, 0, 0],
                                  "@bboxSize":[-1, -1, -1],
                                  "-appearance":[
                                      { "Appearance":
                                        {
                                          "@containerField":"appearance",
                                          "-material":[
                                              { "Material":
                                                {
                                                  "@diffuseColor":[1.0, 1.0, 1.0],
                                                  "@ambientIntensity":0.2,
                                                  "@emissiveColor":[0, 0, 0],
                                                  "@shininess":0.2,
                                                  "@specularColor":[0, 0, 0],
                                                  "@transparency":0,
                                                  "@containerField":"material"
                                                }
                                              }
                                            ],
                                          "-texture":[
                                              { "ImageTexture":
                                                {
                                                  "@USE":"stone5",
                                                  "@containerField":"texture"
                                                }
                                              }
                                            ]
                                        }
                                      }
                                    ],
                                  "-geometry":[
                                      { "Box":
                                        {
                                          "@size":[24.0, 1.0, 24.0],
                                          "@solid":true,
                                          "@containerField":"geometry"
                                        }
                                      }
                                    ]
                                }
                              }
                            ]
                        }
                      }
                    ]
                }
              }
            ]
          },
          { "-children":[
              { "GeoLocation":
                {
                  "@geoCoords":[8167779.0, 258125.0, -2.5],
                  "@geoSystem":["UTM", "Z11"],
                  "@bboxCenter":[0, 0, 0],
                  "@bboxSize":[-1, -1, -1],
                  "@containerField":"children",
                  "-children":[
                      { "Transform":
                        {
                          "@rotation":[0.0, 1.0, 0.0, 0.13],
                          "@center":[0, 0, 0],
                          "@scale":[1, 1, 1],
                          "@scaleOrientation":[0, 0, 1, 0],
                          "@translation":[0, 0, 0],
                          "@bboxCenter":[0, 0, 0],
                          "@bboxSize":[-1, -1, -1],
                          "@containerField":"children",
                          "-children":[
                              { "Shape":
                                {
                                  "@containerField":"children",
                                  "@bboxCenter":[0, 0, 0],
                                  "@bboxSize":[-1, -1, -1],
                                  "-appearance":[
                                      { "Appearance":
                                        {
                                          "@containerField":"appearance",
                                          "-material":[
                                              { "Material":
                                                {
                                                  "@diffuseColor":[1.0, 1.0, 1.0],
                                                  "@ambientIntensity":0.2,
                                                  "@emissiveColor":[0, 0, 0],
                                                  "@shininess":0.2,
                                                  "@specularColor":[0, 0, 0],
                                                  "@transparency":0,
                                                  "@containerField":"material"
                                                }
                                              }
                                            ],
                                          "-texture":[
                                              { "ImageTexture":
                                                {
                                                  "@USE":"stone5",
                                                  "@containerField":"texture"
                                                }
                                              }
                                            ]
                                        }
                                      }
                                    ],
                                  "-geometry":[
                                      { "Box":
                                        {
                                          "@size":[26.0, 1.0, 26.0],
                                          "@solid":true,
                                          "@containerField":"geometry"
                                        }
                                      }
                                    ]
                                }
                              }
                            ]
                        }
                      }
                    ]
                }
              }
            ]
          }
      ]
    }
  ]
 }
]
