[
 { "X3D":[
    {
      "@profile":"Immersive",
      "@version":3.2,
      "@xsd:noNamespaceSchemaLocation":"http://www.web3d.org/specifications/x3d-3.2.xsd",
      "head":[
          { "-childNodeFieldNameNotFound":[
              { "component":
                {
                  "@level":2,
                  "@name":"RigidBodyPhysics"
                }
              }
            ]
          },
          { "meta":
            {
              "@content":"BallBounce.x3d",
              "@name":"title"
            }
          },
          { "meta":
            {
              "@content":"Example scene for RigidBodyPhysics component",
              "@name":"description"
            }
          },
          { "meta":
            {
              "@content":"Alan Hudson and Justin Couch",
              "@name":"creator"
            }
          },
          { "meta":
            {
              "@content":"Don Brutzman",
              "@name":"translator"
            }
          },
          { "meta":
            {
              "@content":"1 January 2008",
              "@name":"created"
            }
          },
          { "meta":
            {
              "@content":"26 December 2008",
              "@name":"translated"
            }
          },
          { "meta":
            {
              "@content":"26 March 2009",
              "@name":"modified"
            }
          },
          { "meta":
            {
              "@content":"http://www.xj3d.org/extensions/index.html#Physics",
              "@name":"reference"
            }
          },
          { "meta":
            {
              "@content":"originals/ball_bounce.x3dv",
              "@name":"reference"
            }
          },
          { "meta":
            {
              "@content":"http://www.web3d.org/x3d/specifications/ISO-IEC-FDIS-19775-1.2-X3D-AbstractSpecification/Part01/components/rigid_physics.html",
              "@name":"reference"
            }
          },
          { "meta":
            {
              "@content":"under development",
              "@name":"warning"
            }
          },
          { "meta":
            {
              "@content":"http://www.web3d.org/x3d/content/examples/Basic/RigidBodyPhysics/BallBounce.x3d",
              "@name":"identifier"
            }
          },
          { "meta":
            {
              "@content":"X3D-Edit 3.3, https://savage.nps.edu/X3D-Edit",
              "@name":"generator"
            }
          },
          { "meta":
            {
              "@content":"Xj3D converter, http://www.xj3d.org",
              "@name":"generator"
            }
          },
          { "meta":
            {
              "@content":"../license.html",
              "@name":"license"
            }
          }
      ],
      "Scene":[
          { "-children":[
              { "Viewpoint":
                {
                  "@position":[0.0, 0.0, 4.0],
                  "@fieldOfView":0.7854,
                  "@jump":true,
                  "@orientation":[0, 0, 1, 0],
                  "@centerOfRotation":[0, 0, 0],
                  "@retainUserOffsets":false,
                  "@containerField":"children"
                }
              }
            ]
          },
          { "-children":[
              { "Group":
                {
                  "@bboxCenter":[0, 0, 0],
                  "@bboxSize":[-1, -1, -1],
                  "@containerField":"children",
                  "-children":[
                      { "CollidableShape":
                        {
                          "@DEF":"BALL-GEOM",
                          "@enabled":true,
                          "@rotation":[0, 0, 1, 0],
                          "@translation":[0, 0, 0],
                          "@bboxCenter":[0, 0, 0],
                          "@bboxSize":[-1, -1, -1],
                          "@containerField":"children",
                          "-shape":[
                              { "Shape":
                                {
                                  "@containerField":"shape",
                                  "@bboxCenter":[0, 0, 0],
                                  "@bboxSize":[-1, -1, -1],
                                  "-appearance":[
                                      { "Appearance":
                                        {
                                          "@containerField":"appearance",
                                          "-material":[
                                              { "Material":
                                                {
                                                  "@emissiveColor":[1.0, 0.0, 0.0],
                                                  "@ambientIntensity":0.2,
                                                  "@diffuseColor":[0.8, 0.8, 0.8],
                                                  "@shininess":0.2,
                                                  "@specularColor":[0, 0, 0],
                                                  "@transparency":0,
                                                  "@containerField":"material"
                                                }
                                              }
                                            ]
                                        }
                                      }
                                    ],
                                  "-geometry":[
                                      { "Sphere":
                                        {
                                          "@radius":0.1,
                                          "@solid":true,
                                          "@containerField":"geometry"
                                        }
                                      }
                                    ]
                                }
                              }
                            ]
                        }
                      }
                    ],
                  "-children":[
                      { "CollidableShape":
                        {
                          "@DEF":"GROUND-GEOM",
                          "@translation":[0.0, -0.5, 0.0],
                          "@enabled":true,
                          "@rotation":[0, 0, 1, 0],
                          "@bboxCenter":[0, 0, 0],
                          "@bboxSize":[-1, -1, -1],
                          "@containerField":"children",
                          "-shape":[
                              { "Shape":
                                {
                                  "@containerField":"shape",
                                  "@bboxCenter":[0, 0, 0],
                                  "@bboxSize":[-1, -1, -1],
                                  "-appearance":[
                                      { "Appearance":
                                        {
                                          "@containerField":"appearance",
                                          "-material":[
                                              { "Material":
                                                {
                                                  "@emissiveColor":[0.0, 1.0, 0.0],
                                                  "@ambientIntensity":0.2,
                                                  "@diffuseColor":[0.8, 0.8, 0.8],
                                                  "@shininess":0.2,
                                                  "@specularColor":[0, 0, 0],
                                                  "@transparency":0,
                                                  "@containerField":"material"
                                                }
                                              }
                                            ]
                                        }
                                      }
                                    ],
                                  "-geometry":[
                                      { "Box":
                                        {
                                          "@size":[20.0, 0.1, 20.0],
                                          "@solid":true,
                                          "@containerField":"geometry"
                                        }
                                      }
                                    ]
                                }
                              }
                            ]
                        }
                      }
                    ]
                }
              }
            ]
          },
          { "-children":[
              { "Transform":
                {
                  "@translation":[1.0, 1.0, 0.0],
                  "@center":[0, 0, 0],
                  "@rotation":[0, 0, 1, 0],
                  "@scale":[1, 1, 1],
                  "@scaleOrientation":[0, 0, 1, 0],
                  "@bboxCenter":[0, 0, 0],
                  "@bboxSize":[-1, -1, -1],
                  "@containerField":"children",
                  "-children":[
                      { "Shape":
                        {
                          "@containerField":"children",
                          "@bboxCenter":[0, 0, 0],
                          "@bboxSize":[-1, -1, -1],
                          "-appearance":[
                              { "Appearance":
                                {
                                  "@containerField":"appearance",
                                  "-material":[
                                      { "Material":
                                        {
                                          "@DEF":"INDICATOR-MATERIAL",
                                          "@emissiveColor":[0.0, 0.0, 1.0],
                                          "@ambientIntensity":0.2,
                                          "@diffuseColor":[0.8, 0.8, 0.8],
                                          "@shininess":0.2,
                                          "@specularColor":[0, 0, 0],
                                          "@transparency":0,
                                          "@containerField":"material"
                                        }
                                      }
                                    ]
                                }
                              }
                            ],
                          "-geometry":[
                              { "Sphere":
                                {
                                  "@radius":0.2,
                                  "@solid":true,
                                  "@containerField":"geometry"
                                }
                              }
                            ]
                        }
                      }
                    ]
                }
              }
            ]
          },
          { "-children":[
              { "RigidBodyCollection":
                {
                  "@DEF":"BODY-COLLECTION",
                  "@autoDisable":false,
                  "@constantForceMix":0.0001,
                  "@contactSurfaceThickness":0,
                  "@disableAngularSpeed":0,
                  "@disableLinearSpeed":0,
                  "@disableTime":0,
                  "@enabled":true,
                  "@errorCorrection":0.8,
                  "@gravity":[0, -9.8, 0],
                  "@iterations":10,
                  "@maxCorrectionSpeed":-1,
                  "@preferAccuracy":false,
                  "@containerField":"children",
                  "-bodies":[
                      { "RigidBody":
                        {
                          "@DEF":"BODY-1",
                          "@containerField":"bodies",
                          "@finiteRotationAxis":[0, 1, 0],
                          "@position":[0.0, 2.0, 0.0],
                          "@angularDampingFactor":0.001,
                          "@angularVelocity":[0, 0, 0],
                          "@autoDamp":false,
                          "@autoDisable":false,
                          "@centerOfMass":[0, 0, 0],
                          "@disableAngularSpeed":0,
                          "@disableLinearSpeed":0,
                          "@disableTime":0,
                          "@enabled":true,
                          "@fixed":false,
                          "@inertia":[1, 0, 0, 0, 1, 0, 0, 0, 1],
                          "@linearDampingFactor":0.001,
                          "@linearVelocity":[0, 0, 0],
                          "@mass":1,
                          "@orientation":[0, 0, 1, 0],
                          "@useFiniteRotation":false,
                          "@useGlobalGravity":true,
                          "-geometry":[
                              { "CollidableShape":
                                {
                                  "@USE":"BALL-GEOM",
                                  "@containerField":"geometry"
                                }
                              }
                            ]
                        }
                      }
                    ]
                }
              }
            ]
          },
          { "-children":[
              { "CollisionSensor":
                {
                  "@DEF":"COLLISION-OUTPUT",
                  "@enabled":true,
                  "@containerField":"children",
                  "-collidables":[
                      { "CollisionCollection":
                        {
                          "@DEF":"COLLISION-GROUP",
                          "@appliedParameters":"BOUNCE",
                          "@bounce":1.0,
                          "@containerField":"collidables",
                          "@minBounceSpeed":1.0,
                          "@enabled":true,
                          "@frictionCoefficients":[0, 0],
                          "@slipFactors":[0, 0],
                          "@softnessConstantForceMix":0.0001,
                          "@softnessErrorCorrection":0.8,
                          "@surfaceSpeed":[0, 0],
                          "-collidables":[
                              { "CollidableShape":
                                {
                                  "@USE":"BALL-GEOM",
                                  "@containerField":"collidables"
                                }
                              }
                            ],
                          "-collidables":[
                              { "CollidableShape":
                                {
                                  "@USE":"GROUND-GEOM",
                                  "@containerField":"collidables"
                                }
                              }
                            ]
                        }
                      }
                    ]
                }
              }
            ]
          },
          { "-children":[
              { "Script":
                {
                  "@DEF":"CONTACT-SCRIPT",
                  "@directOutput":true,
                  "@mustEvaluate":false,
                  "@containerField":"children",
                  "field:activeSensor":
                  {
                    "@accessType":"inputOnly",
                    "@name":"activeSensor",
                    "@type":"SFBool"
                  },
                  "field:indicatorColor":
                  {
                    "@accessType":"outputOnly",
                    "@name":"indicatorColor",
                    "@type":"SFColor"
                  },
                  "field:set_jointContacts":
                  {
                    "@accessType":"inputOnly",
                    "@name":"set_jointContacts",
                    "@type":"MFNode"
                  },
                  "field:correctedContacts":
                  {
                    "@accessType":"outputOnly",
                    "@name":"correctedContacts",
                    "@type":"MFNode"
                  },
                  "field:ground":
                  {
                    "@accessType":"initializeOnly",
                    "@name":"ground",
                    "@type":"SFNode",
                      "-ground":[
                        {
                          "-children":[
                              { "CollidableShape":
                                {
                                  "@USE":"GROUND-GEOM",
                                  "@containerField":"children"
                                }
                              }
                            ]
                        }
                      ]
                  }
                }
              }
            ]
          },
          { "ROUTE":
            {
              "@fromField":"contacts",
              "@fromNode":"COLLISION-OUTPUT",
              "@toField":"set_jointContacts",
              "@toNode":"CONTACT-SCRIPT"
            }
          },
          { "ROUTE":
            {
              "@fromField":"isActive",
              "@fromNode":"COLLISION-OUTPUT",
              "@toField":"activeSensor",
              "@toNode":"CONTACT-SCRIPT"
            }
          },
          { "ROUTE":
            {
              "@fromField":"indicatorColor",
              "@fromNode":"CONTACT-SCRIPT",
              "@toField":"emissiveColor",
              "@toNode":"INDICATOR-MATERIAL"
            }
          },
          { "ROUTE":
            {
              "@fromField":"correctedContacts",
              "@fromNode":"CONTACT-SCRIPT",
              "@toField":"set_contacts",
              "@toNode":"BODY-COLLECTION"
            }
          }
      ]
    }
  ]
 }
]
