[
 { "X3D":[
    {
      "@profile":"Immersive",
      "@version":3.2,
      "@xsd:noNamespaceSchemaLocation":"http://www.web3d.org/specifications/x3d-3.2.xsd",
      "head":[
          { "-childNodeFieldNameNotFound":[
              { "component":
                {
                  "@level":2,
                  "@name":"RigidBodyPhysics"
                }
              }
            ]
          },
          { "meta":
            {
              "@content":"MotorJoint.x3d",
              "@name":"title"
            }
          },
          { "meta":
            {
              "@content":"Example scene for RigidBodyPhysics component",
              "@name":"description"
            }
          },
          { "meta":
            {
              "@content":"Alan Hudson and Justin Couch",
              "@name":"creator"
            }
          },
          { "meta":
            {
              "@content":"Don Brutzman",
              "@name":"translator"
            }
          },
          { "meta":
            {
              "@content":"1 January 2008",
              "@name":"created"
            }
          },
          { "meta":
            {
              "@content":"26 December 2008",
              "@name":"translated"
            }
          },
          { "meta":
            {
              "@content":"27 July 2015",
              "@name":"modified"
            }
          },
          { "meta":
            {
              "@content":"http://www.xj3d.org/extensions/index.html#Physics",
              "@name":"reference"
            }
          },
          { "meta":
            {
              "@content":"originals/motor_joint.x3dv",
              "@name":"reference"
            }
          },
          { "meta":
            {
              "@content":"http://www.web3d.org/x3d/specifications/ISO-IEC-FDIS-19775-1.2-X3D-AbstractSpecification/Part01/components/rigid_physics.html",
              "@name":"reference"
            }
          },
          { "meta":
            {
              "@content":"under development",
              "@name":"warning"
            }
          },
          { "meta":
            {
              "@content":"http://www.web3d.org/x3d/content/examples/Basic/RigidBodyPhysics/MotorJoint.x3d",
              "@name":"identifier"
            }
          },
          { "meta":
            {
              "@content":"X3D-Edit 3.3, https://savage.nps.edu/X3D-Edit",
              "@name":"generator"
            }
          },
          { "meta":
            {
              "@content":"Xj3D converter, http://www.xj3d.org",
              "@name":"generator"
            }
          },
          { "meta":
            {
              "@content":"../../license.html",
              "@name":"license"
            }
          }
      ],
      "Scene":[
          { "-children":[
              { "Group":
                {
                  "@bboxCenter":[0, 0, 0],
                  "@bboxSize":[-1, -1, -1],
                  "@containerField":"children",
                  "-children":[
                      { "CollidableShape":
                        {
                          "@DEF":"SPHERE-GEOM-1",
                          "@enabled":true,
                          "@rotation":[0, 0, 1, 0],
                          "@translation":[0, 0, 0],
                          "@bboxCenter":[0, 0, 0],
                          "@bboxSize":[-1, -1, -1],
                          "@containerField":"children",
                          "-shape":[
                              { "Shape":
                                {
                                  "@containerField":"shape",
                                  "@bboxCenter":[0, 0, 0],
                                  "@bboxSize":[-1, -1, -1],
                                  "-appearance":[
                                      { "Appearance":
                                        {
                                          "@containerField":"appearance",
                                          "-material":[
                                              { "Material":
                                                {
                                                  "@emissiveColor":[1.0, 0.0, 0.0],
                                                  "@ambientIntensity":0.2,
                                                  "@diffuseColor":[0.8, 0.8, 0.8],
                                                  "@shininess":0.2,
                                                  "@specularColor":[0, 0, 0],
                                                  "@transparency":0,
                                                  "@containerField":"material"
                                                }
                                              }
                                            ]
                                        }
                                      }
                                    ],
                                  "-geometry":[
                                      { "Sphere":
                                        {
                                          "@radius":0.2,
                                          "@solid":true,
                                          "@containerField":"geometry"
                                        }
                                      }
                                    ]
                                }
                              }
                            ]
                        }
                      }
                    ],
                  "-children":[
                      { "CollidableShape":
                        {
                          "@DEF":"SPHERE-GEOM-2",
                          "@enabled":true,
                          "@rotation":[0, 0, 1, 0],
                          "@translation":[0, 0, 0],
                          "@bboxCenter":[0, 0, 0],
                          "@bboxSize":[-1, -1, -1],
                          "@containerField":"children",
                          "-shape":[
                              { "Shape":
                                {
                                  "@containerField":"shape",
                                  "@bboxCenter":[0, 0, 0],
                                  "@bboxSize":[-1, -1, -1],
                                  "-appearance":[
                                      { "Appearance":
                                        {
                                          "@containerField":"appearance",
                                          "-material":[
                                              { "Material":
                                                {
                                                  "@emissiveColor":[0.0, 0.0, 1.0],
                                                  "@ambientIntensity":0.2,
                                                  "@diffuseColor":[0.8, 0.8, 0.8],
                                                  "@shininess":0.2,
                                                  "@specularColor":[0, 0, 0],
                                                  "@transparency":0,
                                                  "@containerField":"material"
                                                }
                                              }
                                            ]
                                        }
                                      }
                                    ],
                                  "-geometry":[
                                      { "Sphere":
                                        {
                                          "@radius":0.2,
                                          "@solid":true,
                                          "@containerField":"geometry"
                                        }
                                      }
                                    ]
                                }
                              }
                            ]
                        }
                      }
                    ]
                }
              }
            ]
          },
          { "-children":[
              { "RigidBodyCollection":
                {
                  "@autoDisable":false,
                  "@constantForceMix":0.0001,
                  "@contactSurfaceThickness":0,
                  "@disableAngularSpeed":0,
                  "@disableLinearSpeed":0,
                  "@disableTime":0,
                  "@enabled":true,
                  "@errorCorrection":0.8,
                  "@gravity":[0, -9.8, 0],
                  "@iterations":10,
                  "@maxCorrectionSpeed":-1,
                  "@preferAccuracy":false,
                  "@containerField":"children",
                  "-bodies":[
                      { "RigidBody":
                        {
                          "@DEF":"BODY-1",
                          "@containerField":"bodies",
                          "@finiteRotationAxis":[0, 1, 0],
                          "@mass":0.1,
                          "@position":[-0.3, 0.0, 0.0],
                          "@useGlobalGravity":false,
                          "@angularDampingFactor":0.001,
                          "@angularVelocity":[0, 0, 0],
                          "@autoDamp":false,
                          "@autoDisable":false,
                          "@centerOfMass":[0, 0, 0],
                          "@disableAngularSpeed":0,
                          "@disableLinearSpeed":0,
                          "@disableTime":0,
                          "@enabled":true,
                          "@fixed":false,
                          "@inertia":[1, 0, 0, 0, 1, 0, 0, 0, 1],
                          "@linearDampingFactor":0.001,
                          "@linearVelocity":[0, 0, 0],
                          "@orientation":[0, 0, 1, 0],
                          "@useFiniteRotation":false,
                          "-geometry":[
                              { "CollidableShape":
                                {
                                  "@USE":"SPHERE-GEOM-1",
                                  "@containerField":"geometry"
                                }
                              }
                            ]
                        }
                      }
                    ],
                  "-bodies":[
                      { "RigidBody":
                        {
                          "@DEF":"BODY-2",
                          "@angularDampingFactor":0,
                          "@containerField":"bodies",
                          "@finiteRotationAxis":[0, 1, 0],
                          "@linearVelocity":[0.1, 0.0, 0.0],
                          "@mass":0.1,
                          "@position":[0.3, 0.0, 0.0],
                          "@useGlobalGravity":false,
                          "@angularVelocity":[0, 0, 0],
                          "@autoDamp":false,
                          "@autoDisable":false,
                          "@centerOfMass":[0, 0, 0],
                          "@disableAngularSpeed":0,
                          "@disableLinearSpeed":0,
                          "@disableTime":0,
                          "@enabled":true,
                          "@fixed":false,
                          "@inertia":[1, 0, 0, 0, 1, 0, 0, 0, 1],
                          "@linearDampingFactor":0.001,
                          "@orientation":[0, 0, 1, 0],
                          "@useFiniteRotation":false,
                          "-geometry":[
                              { "CollidableShape":
                                {
                                  "@USE":"SPHERE-GEOM-2",
                                  "@containerField":"geometry"
                                }
                              }
                            ]
                        }
                      }
                    ],
                  "-joints":[
                      { "SliderJoint":
                        {
                          "@axis":[1.0, 0.0, 0.0],
                          "@containerField":"joints",
                          "@forceOutput":"NONE",
                          "@maxSeparation":1,
                          "@minSeparation":0,
                          "@sliderForce":0,
                          "@stopBounce":0,
                          "@stopErrorCorrection":1,
                          "-body1":[
                              { "RigidBody":
                                {
                                  "@USE":"BODY-1",
                                  "@containerField":"body1"
                                }
                              }
                            ],
                          "-body2":[
                              { "RigidBody":
                                {
                                  "@USE":"BODY-2",
                                  "@containerField":"body2"
                                }
                              }
                            ]
                        }
                      }
                    ]
                }
              }
            ]
          },
          { "-children":[
              { "TimeSensor":
                {
                  "@DEF":"TS",
                  "@cycleInterval":10.0,
                  "@loop":true,
                  "@enabled":true,
                  "@startTime":0,
                  "@stopTime":0,
                  "@pauseTime":0,
                  "@resumeTime":0,
                  "@containerField":"children"
                }
              }
            ]
          },
          { "-children":[
              { "PositionInterpolator":
                {
                  "@DEF":"PI",
                  "@key":[0.0, 0.25, 0.5, 0.75, 1.0],
                  "@keyValue":[-1.0, 0.0, 0.0, 0.0, 1.0, 0.0, 1.0, 0.0, 0.0, 0.0, -1.0, 0.0, -1.0, 0.0, 0.0],
                  "@containerField":"children"
                }
              }
            ]
          },
          { "ROUTE":
            {
              "@fromField":"fraction_changed",
              "@fromNode":"TS",
              "@toField":"set_fraction",
              "@toNode":"PI"
            }
          },
          { "ROUTE":
            {
              "@fromField":"value_changed",
              "@fromNode":"PI",
              "@toField":"linearVelocity",
              "@toNode":"BODY-2"
            }
          }
      ]
    }
  ]
 }
]
