[
 { "X3D":[
    {
      "@profile":"CADInterchange",
      "@version":3.1,
      "@xsd:noNamespaceSchemaLocation":"http://www.web3d.org/specifications/x3d-3.1.xsd",
      "head":[
          { "-childNodeFieldNameNotFound":[
              { "component":
                {
                  "@level":2,
                  "@name":"CADGeometry"
                }
              }
            ]
          },
          { "-childNodeFieldNameNotFound":[
              { "component":
                {
                  "@level":1,
                  "@name":"EnvironmentalEffects"
                }
              }
            ]
          },
          { "meta":
            {
              "@content":"CADPartChildTransformationAlternativeB.x3d",
              "@name":"title"
            }
          },
          { "meta":
            {
              "@content":"Developer scene to explore Mantis Issue 528 Alternative B for transformation of CADFace children: add transformation fields to CADFace specification.",
              "@name":"description"
            }
          },
          { "meta":
            {
              "@content":"Vince Marchetti, Don Brutzman, Hyokwang Lee, Dick Puk",
              "@name":"creator"
            }
          },
          { "meta":
            {
              "@content":"Vince Marchetti bushing generation using python scripts",
              "@name":"translator"
            }
          },
          { "meta":
            {
              "@content":"http://www.web3d.org/membership/login/mantis/view.php?id=528",
              "@name":"reference"
            }
          },
          { "meta":
            {
              "@content":"This scene is intended for specification development only, and is not expected to validate or work.",
              "@name":"warning"
            }
          },
          { "meta":
            {
              "@content":"29 June 2012",
              "@name":"created"
            }
          },
          { "meta":
            {
              "@content":"12 January 2014",
              "@name":"modified"
            }
          },
          { "meta":
            {
              "@content":"http://www.web3d.org/x3d/content/examples/Basic/CAD/CADPartChildTransformationAlternativeB.x3d",
              "@name":"identifier"
            }
          },
          { "meta":
            {
              "@content":"X3D-Edit 3.3, https://savage.nps.edu/X3D-Edit",
              "@name":"generator"
            }
          },
          { "meta":
            {
              "@content":"../license.html",
              "@name":"license"
            }
          }
      ],
      "Scene":[
          { "-children":[
              { "Background":
                {
                  "@skyColor":[0.9607843, 1, 0.9607843],
                  "@containerField":"children"
                }
              }
            ]
          },
          { "-children":[
              { "Viewpoint":
                {
                  "@description":"Hello CAD bushing",
                  "@orientation":[1, 0, 0, -0.321751],
                  "@position":[0, 5, 15],
                  "@fieldOfView":0.7854,
                  "@jump":true,
                  "@centerOfRotation":[0, 0, 0],
                  "@containerField":"children"
                }
              }
            ]
          },
          { "-children":[
              { "CADAssembly":
                {
                  "@name":"DesignPatternAssembly",
                  "@bboxCenter":[0, 0, 0],
                  "@bboxSize":[-1, -1, -1],
                  "@containerField":"children",
                  "-children":[
                      { "CADPart":
                        {
                          "@name":"CADPartExample",
                          "@bboxCenter":[0, 0, 0],
                          "@bboxSize":[-1, -1, -1],
                          "@center":[0, 0, 0],
                          "@rotation":[0, 0, 1, 0],
                          "@scale":[1, 1, 1],
                          "@scaleOrientation":[0, 0, 1, 0],
                          "@translation":[0, 0, 0],
                          "@containerField":"children",
                          "#comment":"the rotation and translation attributes serve to position the bushing within the assembly",
                          "-children":[
                              { "CADFace":
                                {
                                  "@name":"outerSurface",
                                  "@bboxCenter":[0, 0, 0],
                                  "@bboxSize":[-1, -1, -1],
                                  "@containerField":"children",
                                  "-shape":[
                                      { "Shape":
                                        {
                                          "@containerField":"shape",
                                          "@bboxCenter":[0, 0, 0],
                                          "@bboxSize":[-1, -1, -1],
                                          "#comment":"note solid='true' and so one-sided external rendering only",
                                          "-geometry":[
                                              { "Cylinder":
                                                {
                                                  "@bottom":false,
                                                  "@height":3,
                                                  "@radius":2,
                                                  "@top":false,
                                                  "@side":true,
                                                  "@solid":true,
                                                  "@containerField":"geometry"
                                                }
                                              }
                                            ],
                                          "-appearance":[
                                              { "Appearance":
                                                {
                                                  "@DEF":"AppearanceGrey",
                                                  "@containerField":"appearance",
                                                  "-material":[
                                                      { "Material":
                                                        {
                                                          "@ambientIntensity":0.2,
                                                          "@diffuseColor":[0.8, 0.8, 0.8],
                                                          "@emissiveColor":[0, 0, 0],
                                                          "@shininess":0.2,
                                                          "@specularColor":[0, 0, 0],
                                                          "@transparency":0,
                                                          "@containerField":"material"
                                                        }
                                                      }
                                                    ]
                                                }
                                              }
                                            ]
                                        }
                                      }
                                    ]
                                }
                              }
                            ],
                          "-children":[
                              { "CADFace":
                                {
                                  "@name":"innerSurface",
                                  "@bboxCenter":[0, 0, 0],
                                  "@bboxSize":[-1, -1, -1],
                                  "@containerField":"children",
                                  "-shape":[
                                      { "Shape":
                                        {
                                          "@containerField":"shape",
                                          "@bboxCenter":[0, 0, 0],
                                          "@bboxSize":[-1, -1, -1],
                                          "#comment":"note solid='false' and so two-sided internal + external rendering",
                                          "-geometry":[
                                              { "Cylinder":
                                                {
                                                  "@bottom":false,
                                                  "@height":3,
                                                  "@solid":false,
                                                  "@top":false,
                                                  "@radius":1,
                                                  "@side":true,
                                                  "@containerField":"geometry"
                                                }
                                              }
                                            ],
                                          "-appearance":[
                                              { "Appearance":
                                                {
                                                  "@USE":"AppearanceGrey",
                                                  "@containerField":"appearance"
                                                }
                                              }
                                            ]
                                        }
                                      }
                                    ]
                                }
                              }
                            ],
                          "-children":[
                              { "CADFace":
                                {
                                  "@name":"topCap",
                                  "@rotation":[1, 0, 0, 1.5708],
                                  "@translation":[0, 1.5, 0],
                                  "@bboxCenter":[0, 0, 0],
                                  "@bboxSize":[-1, -1, -1],
                                  "@containerField":"children",
                                  "-shape":[
                                      { "Shape":
                                        {
                                          "@containerField":"shape",
                                          "@bboxCenter":[0, 0, 0],
                                          "@bboxSize":[-1, -1, -1],
                                          "-geometry":[
                                              { "IndexedTriangleSet":
                                                {
                                                  "@index":[0, 1, 2, 2, 1, 3, 2, 3, 4, 4, 3, 5, 4, 5, 6, 6, 5, 7, 6, 7, 8, 8, 7, 9, 8, 9, 10, 10, 9, 11, 10, 11, 12, 12, 11, 13, 12, 13, 14, 14, 13, 15, 14, 15, 16, 16, 15, 17, 16, 17, 18, 18, 17, 19, 18, 19, 20, 20, 19, 21, 20, 21, 22, 22, 21, 23, 22, 23, 24, 24, 23, 25, 24, 25, 26, 26, 25, 27, 26, 27, 28, 28, 27, 29, 28, 29, 30, 30, 29, 31, 30, 31, 32, 32, 31, 33, 32, 33, 34, 34, 33, 35, 34, 35, 36, 36, 35, 37, 36, 37, 38, 38, 37, 39, 38, 39, 40, 40, 39, 41, 40, 41, 42, 42, 41, 43, 42, 43, 44, 44, 43, 45, 44, 45, 46, 46, 45, 47, 46, 47, 48, 48, 47, 49, 48, 49, 50, 50, 49, 51, 50, 51, 52, 52, 51, 53, 52, 53, 54, 54, 53, 55, 54, 55, 56, 56, 55, 57, 56, 57, 58, 58, 57, 59, 58, 59, 60, 60, 59, 61, 60, 61, 62, 62, 61, 63, 62, 63, 64, 64, 63, 65],
                                                  "@ccw":true,
                                                  "@colorPerVertex":true,
                                                  "@normalPerVertex":true,
                                                  "@solid":true,
                                                  "@containerField":"geometry",
                                                  "-coord":[
                                                      { "Coordinate":
                                                        {
                                                          "@DEF":"HollowCircleCoordinates",
                                                          "@point":[2.0000, 0.0000, 0.0000, 1.0000, 0.0000, 0.0000, 1.9616, 0.3902, 0.0000, 0.9808, 0.1951, 0.0000, 1.8478, 0.7654, 0.0000, 0.9239, 0.3827, 0.0000, 1.6629, 1.1111, 0.0000, 0.8315, 0.5556, 0.0000, 1.4142, 1.4142, 0.0000, 0.7071, 0.7071, 0.0000, 1.1111, 1.6629, 0.0000, 0.5556, 0.8315, 0.0000, 0.7654, 1.8478, 0.0000, 0.3827, 0.9239, 0.0000, 0.3902, 1.9616, 0.0000, 0.1951, 0.9808, 0.0000, 0.0000, 2.0000, 0.0000, 0.0000, 1.0000, 0.0000, -0.3902, 1.9616, 0.0000, -0.1951, 0.9808, 0.0000, -0.7654, 1.8478, 0.0000, -0.3827, 0.9239, 0.0000, -1.1111, 1.6629, 0.0000, -0.5556, 0.8315, 0.0000, -1.4142, 1.4142, 0.0000, -0.7071, 0.7071, 0.0000, -1.6629, 1.1111, 0.0000, -0.8315, 0.5556, 0.0000, -1.8478, 0.7654, 0.0000, -0.9239, 0.3827, 0.0000, -1.9616, 0.3902, 0.0000, -0.9808, 0.1951, 0.0000, -2.0000, 0.0000, 0.0000, -1.0000, 0.0000, 0.0000, -1.9616, -0.3902, 0.0000, -0.9808, -0.1951, 0.0000, -1.8478, -0.7654, 0.0000, -0.9239, -0.3827, 0.0000, -1.6629, -1.1111, 0.0000, -0.8315, -0.5556, 0.0000, -1.4142, -1.4142, 0.0000, -0.7071, -0.7071, 0.0000, -1.1111, -1.6629, 0.0000, -0.5556, -0.8315, 0.0000, -0.7654, -1.8478, 0.0000, -0.3827, -0.9239, 0.0000, -0.3902, -1.9616, 0.0000, -0.1951, -0.9808, 0.0000, -0.0000, -2.0000, 0.0000, -0.0000, -1.0000, 0.0000, 0.3902, -1.9616, 0.0000, 0.1951, -0.9808, 0.0000, 0.7654, -1.8478, 0.0000, 0.3827, -0.9239, 0.0000, 1.1111, -1.6629, 0.0000, 0.5556, -0.8315, 0.0000, 1.4142, -1.4142, 0.0000, 0.7071, -0.7071, 0.0000, 1.6629, -1.1111, 0.0000, 0.8315, -0.5556, 0.0000, 1.8478, -0.7654, 0.0000, 0.9239, -0.3827, 0.0000, 1.9616, -0.3902, 0.0000, 0.9808, -0.1951, 0.0000, 2.0000, -0.0000, 0.0000, 1.0000, -0.0000, 0.0000],
                                                          "@containerField":"coord"
                                                        }
                                                      }
                                                    ]
                                                }
                                              }
                                            ],
                                          "-appearance":[
                                              { "Appearance":
                                                {
                                                  "@USE":"AppearanceGrey",
                                                  "@containerField":"appearance"
                                                }
                                              }
                                            ]
                                        }
                                      }
                                    ]
                                }
                              }
                            ],
                          "-children":[
                              { "CADFace":
                                {
                                  "@name":"bottomCap",
                                  "@rotation":[-1, 0, 0, 1.5708],
                                  "@translation":[0, -1.5, 0],
                                  "@bboxCenter":[0, 0, 0],
                                  "@bboxSize":[-1, -1, -1],
                                  "@containerField":"children",
                                  "-shape":[
                                      { "Shape":
                                        {
                                          "@containerField":"shape",
                                          "@bboxCenter":[0, 0, 0],
                                          "@bboxSize":[-1, -1, -1],
                                          "-geometry":[
                                              { "IndexedTriangleSet":
                                                {
                                                  "@index":[0, 1, 2, 2, 1, 3, 2, 3, 4, 4, 3, 5, 4, 5, 6, 6, 5, 7, 6, 7, 8, 8, 7, 9, 8, 9, 10, 10, 9, 11, 10, 11, 12, 12, 11, 13, 12, 13, 14, 14, 13, 15, 14, 15, 16, 16, 15, 17, 16, 17, 18, 18, 17, 19, 18, 19, 20, 20, 19, 21, 20, 21, 22, 22, 21, 23, 22, 23, 24, 24, 23, 25, 24, 25, 26, 26, 25, 27, 26, 27, 28, 28, 27, 29, 28, 29, 30, 30, 29, 31, 30, 31, 32, 32, 31, 33, 32, 33, 34, 34, 33, 35, 34, 35, 36, 36, 35, 37, 36, 37, 38, 38, 37, 39, 38, 39, 40, 40, 39, 41, 40, 41, 42, 42, 41, 43, 42, 43, 44, 44, 43, 45, 44, 45, 46, 46, 45, 47, 46, 47, 48, 48, 47, 49, 48, 49, 50, 50, 49, 51, 50, 51, 52, 52, 51, 53, 52, 53, 54, 54, 53, 55, 54, 55, 56, 56, 55, 57, 56, 57, 58, 58, 57, 59, 58, 59, 60, 60, 59, 61, 60, 61, 62, 62, 61, 63, 62, 63, 64, 64, 63, 65],
                                                  "@ccw":true,
                                                  "@colorPerVertex":true,
                                                  "@normalPerVertex":true,
                                                  "@solid":true,
                                                  "@containerField":"geometry",
                                                  "-coord":[
                                                      { "Coordinate":
                                                        {
                                                          "@USE":"HollowCircleCoordinates",
                                                          "@containerField":"coord"
                                                        }
                                                      }
                                                    ]
                                                }
                                              }
                                            ],
                                          "-appearance":[
                                              { "Appearance":
                                                {
                                                  "@USE":"AppearanceGrey",
                                                  "@containerField":"appearance"
                                                }
                                              }
                                            ]
                                        }
                                      }
                                    ]
                                }
                              }
                            ]
                        }
                      }
                    ]
                }
              }
            ]
          }
      ]
    }
  ]
 }
]
