[
 { "X3D":[
    {
      "@profile":"Interchange",
      "@version":3.1,
      "@xsd:noNamespaceSchemaLocation":"http://www.web3d.org/specifications/x3d-3.1.xsd",
      "head":[
          { "meta":
            {
              "@content":"CatiaHubBushing.x3d",
              "@name":"title"
            }
          },
          { "meta":
            {
              "@content":"Provide a bushing part (a hollow cylinder) for use by CatiaHubAssemblyInline scene, using CADAssembly and Inline nodes.",
              "@name":"description"
            }
          },
          { "meta":
            {
              "@content":"Hyokwang Lee, PartDB Co., Ltd.",
              "@name":"creator"
            }
          },
          { "meta":
            {
              "@content":"Xj3D, http://www.xj3d.org",
              "@name":"translator"
            }
          },
          { "meta":
            {
              "@content":"25 July 2012",
              "@name":"created"
            }
          },
          { "meta":
            {
              "@content":"22 June 2013",
              "@name":"modified"
            }
          },
          { "meta":
            {
              "@content":"http://www.web3d.org/x3d/specifications/ISO-IEC-19775-Amendment1-X3DAbstractSpecification/Part01/components/CADGeometry.html",
              "@name":"reference"
            }
          },
          { "meta":
            {
              "@content":"X3D CAD CADInterchange profile",
              "@name":"subject"
            }
          },
          { "meta":
            {
              "@content":"http://en.wikipedia.org/wiki/Bushing_%28bearing%29#Bushing",
              "@name":"reference"
            }
          },
          { "meta":
            {
              "@content":"http://www.web3d.org/x3d/content/examples/Basic/CAD/CatiaHubBushing.x3d",
              "@name":"identifier"
            }
          },
          { "meta":
            {
              "@content":"CATIA V5 R18 and PartDB Converter with Xj3D",
              "@name":"generator"
            }
          },
          { "meta":
            {
              "@content":"X3D-Edit 3.3, https://savage.nps.edu/X3D-Edit",
              "@name":"generator"
            }
          },
          { "meta":
            {
              "@content":"../license.html",
              "@name":"license"
            }
          },
          { "meta":
            {
              "@content":"http://www.web3d.org/x3d/content/examples/Basic/CAD/CatiaHubBushing.x3d",
              "@name":"identifier"
            }
          }
      ],
      "Scene":[
          { "-children":[
              { "WorldInfo":
                {
                  "@info":["File, created, using, CATIA"],
                  "@containerField":"children"
                }
              }
            ]
          },
          { "-children":[
              { "NavigationInfo":
                {
                  "@type":["EXAMINE", "WALK", "FLY"],
                  "@avatarSize":[0.25, 1.6, 0.75],
                  "@headlight":true,
                  "@speed":1,
                  "@transitionType":["LINEAR"],
                  "@transitionTime":1.0,
                  "@visibilityLimit":0,
                  "@containerField":"children"
                }
              }
            ]
          },
          { "-children":[
              { "Background":
                {
                  "@skyColor":[1.0, 1.0, 1.0],
                  "@containerField":"children"
                }
              }
            ]
          },
          { "-children":[
              { "Viewpoint":
                {
                  "@description":"Main Viewpoint",
                  "@fieldOfView":0.471225,
                  "@orientation":[0.326678, 0.502925, 0.800218, 2.185925],
                  "@position":[0.411502, 0.183945, 0.216403],
                  "@jump":true,
                  "@centerOfRotation":[0, 0, 0],
                  "@containerField":"children"
                }
              }
            ]
          },
          { "-children":[
              { "Viewpoint":
                {
                  "@description":"Iso View",
                  "@fieldOfView":0.471225,
                  "@orientation":[0.187053, 0.451587, 0.872399, 2.448076],
                  "@position":[0.288675, 0.288675, 0.288675],
                  "@jump":true,
                  "@centerOfRotation":[0, 0, 0],
                  "@containerField":"children"
                }
              }
            ]
          },
          { "-children":[
              { "Viewpoint":
                {
                  "@description":"Front View",
                  "@fieldOfView":0.471225,
                  "@orientation":[0.57735, 0.57735, 0.57735, 2.094395],
                  "@position":[0.5, 0.0, 0.0],
                  "@jump":true,
                  "@centerOfRotation":[0, 0, 0],
                  "@containerField":"children"
                }
              }
            ]
          },
          { "-children":[
              { "Viewpoint":
                {
                  "@description":"Back View",
                  "@fieldOfView":0.471225,
                  "@orientation":[0.57735, -0.57735, -0.57735, 2.094395],
                  "@position":[-0.5, 0.0, 0.0],
                  "@jump":true,
                  "@centerOfRotation":[0, 0, 0],
                  "@containerField":"children"
                }
              }
            ]
          },
          { "-children":[
              { "Viewpoint":
                {
                  "@description":"Left View",
                  "@fieldOfView":0.471225,
                  "@orientation":[1.0, -1.73E-4, 1.73E-4, 1.570796],
                  "@position":[0.0, -0.5, 0.0],
                  "@jump":true,
                  "@centerOfRotation":[0, 0, 0],
                  "@containerField":"children"
                }
              }
            ]
          },
          { "-children":[
              { "Viewpoint":
                {
                  "@description":"Right View",
                  "@fieldOfView":0.471225,
                  "@orientation":[-1.22E-4, -0.707107, -0.707107, 3.141348],
                  "@position":[0.0, 0.5, 0.0],
                  "@jump":true,
                  "@centerOfRotation":[0, 0, 0],
                  "@containerField":"children"
                }
              }
            ]
          },
          { "-children":[
              { "Viewpoint":
                {
                  "@description":"Top View",
                  "@fieldOfView":0.471225,
                  "@orientation":[0.0, 0.0, 1.0, 1.570796],
                  "@position":[0.0, 0.0, 0.5],
                  "@jump":true,
                  "@centerOfRotation":[0, 0, 0],
                  "@containerField":"children"
                }
              }
            ]
          },
          { "-children":[
              { "Viewpoint":
                {
                  "@description":"Bottom View",
                  "@fieldOfView":0.471225,
                  "@orientation":[0.707107, 0.707107, 0.0, 3.141593],
                  "@position":[0.0, 0.0, -0.5],
                  "@jump":true,
                  "@centerOfRotation":[0, 0, 0],
                  "@containerField":"children"
                }
              }
            ]
          },
          { "-children":[
              { "Transform":
                {
                  "@scale":[0.001, 0.001, 0.001],
                  "@center":[0, 0, 0],
                  "@rotation":[0, 0, 1, 0],
                  "@scaleOrientation":[0, 0, 1, 0],
                  "@translation":[0, 0, 0],
                  "@bboxCenter":[0, 0, 0],
                  "@bboxSize":[-1, -1, -1],
                  "@containerField":"children",
                  "-children":[
                      { "Group":
                        {
                          "@bboxCenter":[0, 0, 0],
                          "@bboxSize":[-1, -1, -1],
                          "@containerField":"children",
                          "-children":[
                              { "Group":
                                {
                                  "@bboxCenter":[0, 0, 0],
                                  "@bboxSize":[-1, -1, -1],
                                  "@containerField":"children",
                                  "-children":[
                                      { "Group":
                                        {
                                          "@bboxCenter":[0, 0, 0],
                                          "@bboxSize":[-1, -1, -1],
                                          "@containerField":"children",
                                          "-children":[
                                              { "Group":
                                                {
                                                  "@DEF":"_0272AA28",
                                                  "@bboxCenter":[0, 0, 0],
                                                  "@bboxSize":[-1, -1, -1],
                                                  "@containerField":"children",
                                                  "-children":[
                                                      { "Shape":
                                                        {
                                                          "@containerField":"children",
                                                          "@bboxCenter":[0, 0, 0],
                                                          "@bboxSize":[-1, -1, -1],
                                                          "-appearance":[
                                                              { "Appearance":
                                                                {
                                                                  "@containerField":"appearance",
                                                                  "-material":[
                                                                      { "Material":
                                                                        {
                                                                          "@DEF":"_material0",
                                                                          "@diffuseColor":[0.0, 1.0, 1.0],
                                                                          "@ambientIntensity":0.2,
                                                                          "@emissiveColor":[0, 0, 0],
                                                                          "@shininess":0.2,
                                                                          "@specularColor":[0, 0, 0],
                                                                          "@transparency":0,
                                                                          "@containerField":"material"
                                                                        }
                                                                      }
                                                                    ]
                                                                }
                                                              }
                                                            ],
                                                          "-geometry":[
                                                              { "IndexedFaceSet":
                                                                {
                                                                  "@coordIndex":[0, 1, 2, -1, 1, 3, 2, -1, 2, 3, 4, -1, 3, 5, 4, -1, 4, 5, 6, -1, 5, 7, 6, -1, 6, 7, 8, -1, 7, 9, 8, -1, 8, 9, 10, -1, 9, 11, 10, -1, 10, 11, 12, -1, 11, 13, 12, -1, 12, 13, 14, -1, 13, 15, 14, -1, 14, 15, 16, -1, 15, 17, 16, -1, 16, 17, 18, -1, 17, 19, 18, -1, 18, 19, 20, -1, 19, 21, 20, -1, 20, 21, 22, -1, 21, 23, 22, -1, 22, 23, 24, -1, 23, 25, 24, -1, 24, 25, 26, -1, 25, 27, 26, -1, 26, 27, 28, -1, 27, 29, 28, -1],
                                                                  "@solid":false,
                                                                  "@ccw":true,
                                                                  "@colorPerVertex":true,
                                                                  "@convex":true,
                                                                  "@creaseAngle":0,
                                                                  "@normalPerVertex":true,
                                                                  "@containerField":"geometry",
                                                                  "-coord":[
                                                                      { "Coordinate":
                                                                        {
                                                                          "@point":[-30.0, 1.69966E-14, 0.0, -30.0, 1.69966E-14, 80.0, -29.2478, 6.67563, 0.0, -29.2478, 6.67563, 80.0, -27.0291, 13.0165, 0.0, -27.0291, 13.0165, 80.0, -23.4549, 18.7047, 0.0, -23.4549, 18.7047, 80.0, -18.7047, 23.4549, 0.0, -18.7047, 23.4549, 80.0, -13.0165, 27.0291, 0.0, -13.0165, 27.0291, 80.0, -6.67563, 29.2478, 0.0, -6.67563, 29.2478, 80.0, 8.49831E-15, 30.0, 0.0, 8.49831E-15, 30.0, 80.0, 6.67563, 29.2478, 0.0, 6.67563, 29.2478, 80.0, 13.0165, 27.0291, 0.0, 13.0165, 27.0291, 80.0, 18.7047, 23.4549, 0.0, 18.7047, 23.4549, 80.0, 23.4549, 18.7047, 0.0, 23.4549, 18.7047, 80.0, 27.0291, 13.0165, 0.0, 27.0291, 13.0165, 80.0, 29.2478, 6.67563, 0.0, 29.2478, 6.67563, 80.0, 30.0, 0.0, 0.0, 30.0, 0.0, 80.0],
                                                                          "@containerField":"coord"
                                                                        }
                                                                      }
                                                                    ],
                                                                  "-normal":[
                                                                      { "Normal":
                                                                        {
                                                                          "@vector":[-1.0, 0.0, 0.0, -1.0, 0.0, 0.0, -0.97493, 0.22251, 0.0, -0.97493, 0.22251, 0.0, -0.90097, 0.433882, 0.0, -0.90097, 0.433882, 0.0, -0.781853, 0.623463, 0.0, -0.781853, 0.623463, 0.0, -0.623463, 0.781853, 0.0, -0.623463, 0.781853, 0.0, -0.433882, 0.90097, 0.0, -0.433882, 0.90097, 0.0, -0.22251, 0.97493, 0.0, -0.22251, 0.97493, 0.0, 0.0, 1.0, 0.0, 0.0, 1.0, 0.0, 0.22251, 0.97493, 0.0, 0.22251, 0.97493, 0.0, 0.433882, 0.90097, 0.0, 0.433882, 0.90097, 0.0, 0.623463, 0.781853, 0.0, 0.623463, 0.781853, 0.0, 0.781853, 0.623463, 0.0, 0.781853, 0.623463, 0.0, 0.90097, 0.433882, 0.0, 0.90097, 0.433882, 0.0, 0.97493, 0.22251, 0.0, 0.97493, 0.22251, 0.0, 1.0, 0.0, 0.0, 1.0, 0.0, 0.0],
                                                                          "@containerField":"normal"
                                                                        }
                                                                      }
                                                                    ]
                                                                }
                                                              }
                                                            ]
                                                        }
                                                      }
                                                    ],
                                                  "-children":[
                                                      { "Shape":
                                                        {
                                                          "@containerField":"children",
                                                          "@bboxCenter":[0, 0, 0],
                                                          "@bboxSize":[-1, -1, -1],
                                                          "-appearance":[
                                                              { "Appearance":
                                                                {
                                                                  "@containerField":"appearance",
                                                                  "-material":[
                                                                      { "Material":
                                                                        {
                                                                          "@USE":"_material0",
                                                                          "@containerField":"material"
                                                                        }
                                                                      }
                                                                    ]
                                                                }
                                                              }
                                                            ],
                                                          "-geometry":[
                                                              { "IndexedFaceSet":
                                                                {
                                                                  "@coordIndex":[0, 1, 2, -1, 1, 3, 2, -1, 2, 3, 4, -1, 3, 5, 4, -1, 4, 5, 6, -1, 5, 7, 6, -1, 6, 7, 8, -1, 7, 9, 8, -1, 8, 9, 10, -1, 9, 11, 10, -1, 10, 11, 12, -1, 11, 13, 12, -1, 12, 13, 14, -1, 13, 15, 14, -1, 14, 15, 16, -1, 15, 17, 16, -1, 16, 17, 18, -1, 17, 19, 18, -1, 18, 19, 20, -1, 19, 21, 20, -1, 20, 21, 22, -1, 21, 23, 22, -1, 22, 23, 24, -1, 23, 25, 24, -1, 24, 25, 26, -1, 25, 27, 26, -1, 26, 27, 28, -1, 27, 29, 28, -1],
                                                                  "@solid":false,
                                                                  "@ccw":true,
                                                                  "@colorPerVertex":true,
                                                                  "@convex":true,
                                                                  "@creaseAngle":0,
                                                                  "@normalPerVertex":true,
                                                                  "@containerField":"geometry",
                                                                  "-coord":[
                                                                      { "Coordinate":
                                                                        {
                                                                          "@point":[30.0, 0.0, 0.0, 30.0, 0.0, 80.0, 29.2478, -6.67563, 0.0, 29.2478, -6.67563, 80.0, 27.0291, -13.0165, 0.0, 27.0291, -13.0165, 80.0, 23.4549, -18.7047, 0.0, 23.4549, -18.7047, 80.0, 18.7047, -23.4549, 0.0, 18.7047, -23.4549, 80.0, 13.0165, -27.0291, 0.0, 13.0165, -27.0291, 80.0, 6.67563, -29.2478, 0.0, 6.67563, -29.2478, 80.0, -3.21563E-14, -30.0, 0.0, -3.21563E-14, -30.0, 80.0, -6.67563, -29.2478, 0.0, -6.67563, -29.2478, 80.0, -13.0165, -27.0291, 0.0, -13.0165, -27.0291, 80.0, -18.7047, -23.4549, 0.0, -18.7047, -23.4549, 80.0, -23.4549, -18.7047, 0.0, -23.4549, -18.7047, 80.0, -27.0291, -13.0165, 0.0, -27.0291, -13.0165, 80.0, -29.2478, -6.67563, 0.0, -29.2478, -6.67563, 80.0, -30.0, 1.69966E-14, 0.0, -30.0, 1.69966E-14, 80.0],
                                                                          "@containerField":"coord"
                                                                        }
                                                                      }
                                                                    ],
                                                                  "-normal":[
                                                                      { "Normal":
                                                                        {
                                                                          "@vector":[1.0, 0.0, 0.0, 1.0, 0.0, 0.0, 0.97493, -0.22251, 0.0, 0.97493, -0.22251, 0.0, 0.90097, -0.433882, 0.0, 0.90097, -0.433882, 0.0, 0.781853, -0.623463, 0.0, 0.781853, -0.623463, 0.0, 0.623463, -0.781853, 0.0, 0.623463, -0.781853, 0.0, 0.433882, -0.90097, 0.0, 0.433882, -0.90097, 0.0, 0.22251, -0.97493, 0.0, 0.22251, -0.97493, 0.0, 0.0, -1.0, 0.0, 0.0, -1.0, 0.0, -0.22251, -0.97493, 0.0, -0.22251, -0.97493, 0.0, -0.433882, -0.90097, 0.0, -0.433882, -0.90097, 0.0, -0.623463, -0.781853, 0.0, -0.623463, -0.781853, 0.0, -0.781853, -0.623463, 0.0, -0.781853, -0.623463, 0.0, -0.90097, -0.433882, 0.0, -0.90097, -0.433882, 0.0, -0.97493, -0.22251, 0.0, -0.97493, -0.22251, 0.0, -1.0, 0.0, 0.0, -1.0, 0.0, 0.0],
                                                                          "@containerField":"normal"
                                                                        }
                                                                      }
                                                                    ]
                                                                }
                                                              }
                                                            ]
                                                        }
                                                      }
                                                    ],
                                                  "-children":[
                                                      { "Shape":
                                                        {
                                                          "@containerField":"children",
                                                          "@bboxCenter":[0, 0, 0],
                                                          "@bboxSize":[-1, -1, -1],
                                                          "-appearance":[
                                                              { "Appearance":
                                                                {
                                                                  "@containerField":"appearance",
                                                                  "-material":[
                                                                      { "Material":
                                                                        {
                                                                          "@USE":"_material0",
                                                                          "@containerField":"material"
                                                                        }
                                                                      }
                                                                    ]
                                                                }
                                                              }
                                                            ],
                                                          "-geometry":[
                                                              { "IndexedFaceSet":
                                                                {
                                                                  "@coordIndex":[0, 1, 2, -1, 1, 3, 2, -1, 2, 3, 4, -1, 3, 5, 4, -1, 4, 5, 6, -1, 5, 7, 6, -1, 6, 7, 8, -1, 7, 9, 8, -1, 8, 9, 10, -1, 9, 11, 10, -1, 10, 11, 12, -1, 11, 13, 12, -1, 12, 13, 14, -1, 13, 15, 14, -1, 14, 15, 16, -1, 15, 17, 16, -1, 16, 17, 18, -1, 17, 19, 18, -1, 18, 19, 20, -1, 19, 21, 20, -1, 20, 21, 22, -1, 21, 23, 22, -1, 22, 23, 24, -1, 23, 25, 24, -1],
                                                                  "@solid":false,
                                                                  "@ccw":true,
                                                                  "@colorPerVertex":true,
                                                                  "@convex":true,
                                                                  "@creaseAngle":0,
                                                                  "@normalPerVertex":true,
                                                                  "@containerField":"geometry",
                                                                  "-coord":[
                                                                      { "Coordinate":
                                                                        {
                                                                          "@point":[20.0, 0.0, 80.0, 20.0, 0.0, 0.0, 19.3185, -5.17638, 80.0, 19.3185, -5.17638, 0.0, 17.3205, -10.0, 80.0, 17.3205, -10.0, 0.0, 14.1421, -14.1421, 80.0, 14.1421, -14.1421, 0.0, 10.0, -17.3205, 80.0, 10.0, -17.3205, 0.0, 5.17638, -19.3185, 80.0, 5.17638, -19.3185, 0.0, -3.67394E-15, -20.0, 80.0, -3.67394E-15, -20.0, 0.0, -5.17638, -19.3185, 80.0, -5.17638, -19.3185, 0.0, -10.0, -17.3205, 80.0, -10.0, -17.3205, 0.0, -14.1421, -14.1421, 80.0, -14.1421, -14.1421, 0.0, -17.3205, -10.0, 80.0, -17.3205, -10.0, 0.0, -19.3185, -5.17638, 80.0, -19.3185, -5.17638, 0.0, -20.0, 2.44929E-15, 80.0, -20.0, 2.44929E-15, 0.0],
                                                                          "@containerField":"coord"
                                                                        }
                                                                      }
                                                                    ],
                                                                  "-normal":[
                                                                      { "Normal":
                                                                        {
                                                                          "@vector":[-1.0, 0.0, 0.0, -1.0, 0.0, 0.0, -0.965932, 0.258797, 0.0, -0.965932, 0.258797, 0.0, -0.866034, 0.499985, 0.0, -0.866034, 0.499985, 0.0, -0.707083, 0.70713, 0.0, -0.707083, 0.70713, 0.0, -0.499985, 0.866034, 0.0, -0.499985, 0.866034, 0.0, -0.258797, 0.965932, 0.0, -0.258797, 0.965932, 0.0, 0.0, 1.0, 0.0, 0.0, 1.0, 0.0, 0.258797, 0.965932, 0.0, 0.258797, 0.965932, 0.0, 0.499985, 0.866034, 0.0, 0.499985, 0.866034, 0.0, 0.707083, 0.70713, 0.0, 0.707083, 0.70713, 0.0, 0.866034, 0.499985, 0.0, 0.866034, 0.499985, 0.0, 0.965932, 0.258797, 0.0, 0.965932, 0.258797, 0.0, 1.0, 0.0, 0.0, 1.0, 0.0, 0.0],
                                                                          "@containerField":"normal"
                                                                        }
                                                                      }
                                                                    ]
                                                                }
                                                              }
                                                            ]
                                                        }
                                                      }
                                                    ],
                                                  "-children":[
                                                      { "Shape":
                                                        {
                                                          "@containerField":"children",
                                                          "@bboxCenter":[0, 0, 0],
                                                          "@bboxSize":[-1, -1, -1],
                                                          "-appearance":[
                                                              { "Appearance":
                                                                {
                                                                  "@containerField":"appearance",
                                                                  "-material":[
                                                                      { "Material":
                                                                        {
                                                                          "@USE":"_material0",
                                                                          "@containerField":"material"
                                                                        }
                                                                      }
                                                                    ]
                                                                }
                                                              }
                                                            ],
                                                          "-geometry":[
                                                              { "IndexedFaceSet":
                                                                {
                                                                  "@coordIndex":[0, 1, 2, -1, 1, 3, 2, -1, 2, 3, 4, -1, 3, 5, 4, -1, 4, 5, 6, -1, 5, 7, 6, -1, 6, 7, 8, -1, 7, 9, 8, -1, 8, 9, 10, -1, 9, 11, 10, -1, 10, 11, 12, -1, 11, 13, 12, -1, 12, 13, 14, -1, 13, 15, 14, -1, 14, 15, 16, -1, 15, 17, 16, -1, 16, 17, 18, -1, 17, 19, 18, -1, 18, 19, 20, -1, 19, 21, 20, -1, 20, 21, 22, -1, 21, 23, 22, -1, 22, 23, 24, -1, 23, 25, 24, -1],
                                                                  "@solid":false,
                                                                  "@ccw":true,
                                                                  "@colorPerVertex":true,
                                                                  "@convex":true,
                                                                  "@creaseAngle":0,
                                                                  "@normalPerVertex":true,
                                                                  "@containerField":"geometry",
                                                                  "-coord":[
                                                                      { "Coordinate":
                                                                        {
                                                                          "@point":[-20.0, 2.44929E-15, 80.0, -20.0, 2.44929E-15, 0.0, -19.3185, 5.17638, 80.0, -19.3185, 5.17638, 0.0, -17.3205, 10.0, 80.0, -17.3205, 10.0, 0.0, -14.1421, 14.1421, 80.0, -14.1421, 14.1421, 0.0, -10.0, 17.3205, 80.0, -10.0, 17.3205, 0.0, -5.17638, 19.3185, 80.0, -5.17638, 19.3185, 0.0, 1.22465E-15, 20.0, 80.0, 1.22465E-15, 20.0, 0.0, 5.17638, 19.3185, 80.0, 5.17638, 19.3185, 0.0, 10.0, 17.3205, 80.0, 10.0, 17.3205, 0.0, 14.1421, 14.1421, 80.0, 14.1421, 14.1421, 0.0, 17.3205, 10.0, 80.0, 17.3205, 10.0, 0.0, 19.3185, 5.17638, 80.0, 19.3185, 5.17638, 0.0, 20.0, 0.0, 80.0, 20.0, 0.0, 0.0],
                                                                          "@containerField":"coord"
                                                                        }
                                                                      }
                                                                    ],
                                                                  "-normal":[
                                                                      { "Normal":
                                                                        {
                                                                          "@vector":[1.0, 0.0, 0.0, 1.0, 0.0, 0.0, 0.965932, -0.258797, 0.0, 0.965932, -0.258797, 0.0, 0.866034, -0.499985, 0.0, 0.866034, -0.499985, 0.0, 0.707083, -0.70713, 0.0, 0.707083, -0.70713, 0.0, 0.499985, -0.866034, 0.0, 0.499985, -0.866034, 0.0, 0.258797, -0.965932, 0.0, 0.258797, -0.965932, 0.0, 0.0, -1.0, 0.0, 0.0, -1.0, 0.0, -0.258797, -0.965932, 0.0, -0.258797, -0.965932, 0.0, -0.499985, -0.866034, 0.0, -0.499985, -0.866034, 0.0, -0.707083, -0.70713, 0.0, -0.707083, -0.70713, 0.0, -0.866034, -0.499985, 0.0, -0.866034, -0.499985, 0.0, -0.965932, -0.258797, 0.0, -0.965932, -0.258797, 0.0, -1.0, 0.0, 0.0, -1.0, 0.0, 0.0],
                                                                          "@containerField":"normal"
                                                                        }
                                                                      }
                                                                    ]
                                                                }
                                                              }
                                                            ]
                                                        }
                                                      }
                                                    ],
                                                  "-children":[
                                                      { "Shape":
                                                        {
                                                          "@containerField":"children",
                                                          "@bboxCenter":[0, 0, 0],
                                                          "@bboxSize":[-1, -1, -1],
                                                          "-appearance":[
                                                              { "Appearance":
                                                                {
                                                                  "@containerField":"appearance",
                                                                  "-material":[
                                                                      { "Material":
                                                                        {
                                                                          "@USE":"_material0",
                                                                          "@containerField":"material"
                                                                        }
                                                                      }
                                                                    ]
                                                                }
                                                              }
                                                            ],
                                                          "-geometry":[
                                                              { "IndexedFaceSet":
                                                                {
                                                                  "@coordIndex":[0, 1, 2, -1, 1, 3, 2, -1, 2, 3, 4, -1, 2, 4, 5, -1, 4, 6, 5, -1, 5, 6, 7, -1, 5, 7, 8, -1, 7, 9, 8, -1, 8, 9, 10, -1, 9, 11, 10, -1, 10, 11, 12, -1, 11, 13, 12, -1, 12, 13, 14, -1, 12, 14, 15, -1, 14, 16, 15, -1, 15, 16, 17, -1, 15, 17, 18, -1, 17, 19, 18, -1, 18, 19, 20, -1, 19, 21, 20, -1, 20, 21, 22, -1, 23, 24, 25, -1, 24, 26, 25, -1, 25, 26, 27, -1, 27, 26, 28, -1, 26, 29, 28, -1, 28, 29, 30, -1, 30, 29, 31, -1, 29, 32, 31, -1, 31, 32, 33, -1, 32, 34, 33, -1, 33, 34, 35, -1, 34, 36, 35, -1, 35, 36, 37, -1, 37, 36, 38, -1, 36, 39, 38, -1, 38, 39, 40, -1, 40, 39, 19, -1, 39, 41, 19, -1, 19, 41, 21, -1, 41, 42, 21, -1, 21, 42, 43, -1, 44, 1, 0, -1, 44, 0, 45, -1, 44, 45, 46, -1, 44, 46, 47, -1, 44, 47, 48, -1, 44, 48, 49, -1, 44, 49, 50, -1, 44, 50, 51, -1, 44, 51, 24, -1, 44, 24, 23, -1],
                                                                  "@solid":false,
                                                                  "@ccw":true,
                                                                  "@colorPerVertex":true,
                                                                  "@convex":true,
                                                                  "@creaseAngle":0,
                                                                  "@normalPerVertex":true,
                                                                  "@containerField":"geometry",
                                                                  "-coord":[
                                                                      { "Coordinate":
                                                                        {
                                                                          "@point":[-23.4549, 18.7047, 0.0, -5.17638, 19.3185, 0.0, -27.0291, 13.0165, 0.0, -10.0, 17.3205, 0.0, -14.1421, 14.1421, 0.0, -29.2478, 6.67563, 0.0, -17.3205, 10.0, 0.0, -19.3185, 5.17638, 0.0, -30.0, 1.69966E-14, 0.0, -20.0, 2.44929E-15, 0.0, -29.2478, -6.67563, 0.0, -19.3185, -5.17638, 0.0, -27.0291, -13.0165, 0.0, -17.3205, -10.0, 0.0, -14.1421, -14.1421, 0.0, -23.4549, -18.7047, 0.0, -10.0, -17.3205, 0.0, -5.17638, -19.3185, 0.0, -18.7047, -23.4549, 0.0, -3.67394E-15, -20.0, 0.0, -13.0165, -27.0291, 0.0, -3.21563E-14, -30.0, 0.0, -6.67563, -29.2478, 0.0, 5.17638, 19.3185, 0.0, 23.4549, 18.7047, 0.0, 10.0, 17.3205, 0.0, 27.0291, 13.0165, 0.0, 14.1421, 14.1421, 0.0, 17.3205, 10.0, 0.0, 29.2478, 6.67563, 0.0, 19.3185, 5.17638, 0.0, 20.0, 0.0, 0.0, 30.0, 0.0, 0.0, 19.3185, -5.17638, 0.0, 29.2478, -6.67563, 0.0, 17.3205, -10.0, 0.0, 27.0291, -13.0165, 0.0, 14.1421, -14.1421, 0.0, 10.0, -17.3205, 0.0, 23.4549, -18.7047, 0.0, 5.17638, -19.3185, 0.0, 18.7047, -23.4549, 0.0, 13.0165, -27.0291, 0.0, 6.67563, -29.2478, 0.0, 1.22465E-15, 20.0, 0.0, -18.7047, 23.4549, 0.0, -13.0165, 27.0291, 0.0, -6.67563, 29.2478, 0.0, 8.49831E-15, 30.0, 0.0, 6.67563, 29.2478, 0.0, 13.0165, 27.0291, 0.0, 18.7047, 23.4549, 0.0],
                                                                          "@containerField":"coord"
                                                                        }
                                                                      }
                                                                    ]
                                                                }
                                                              }
                                                            ]
                                                        }
                                                      }
                                                    ],
                                                  "-children":[
                                                      { "Shape":
                                                        {
                                                          "@containerField":"children",
                                                          "@bboxCenter":[0, 0, 0],
                                                          "@bboxSize":[-1, -1, -1],
                                                          "-appearance":[
                                                              { "Appearance":
                                                                {
                                                                  "@containerField":"appearance",
                                                                  "-material":[
                                                                      { "Material":
                                                                        {
                                                                          "@USE":"_material0",
                                                                          "@containerField":"material"
                                                                        }
                                                                      }
                                                                    ]
                                                                }
                                                              }
                                                            ],
                                                          "-geometry":[
                                                              { "IndexedFaceSet":
                                                                {
                                                                  "@coordIndex":[0, 1, 2, -1, 1, 3, 2, -1, 2, 3, 4, -1, 4, 3, 5, -1, 3, 6, 5, -1, 5, 6, 7, -1, 7, 6, 8, -1, 6, 9, 8, -1, 8, 9, 10, -1, 9, 11, 10, -1, 10, 11, 12, -1, 11, 13, 12, -1, 12, 13, 14, -1, 14, 13, 15, -1, 13, 16, 15, -1, 15, 16, 17, -1, 17, 16, 18, -1, 16, 19, 18, -1, 18, 19, 20, -1, 19, 21, 20, -1, 20, 21, 22, -1, 23, 24, 25, -1, 24, 26, 25, -1, 25, 26, 27, -1, 25, 27, 28, -1, 27, 29, 28, -1, 28, 29, 30, -1, 28, 30, 31, -1, 30, 32, 31, -1, 31, 32, 33, -1, 32, 34, 33, -1, 33, 34, 35, -1, 34, 36, 35, -1, 35, 36, 37, -1, 35, 37, 38, -1, 37, 39, 38, -1, 38, 39, 40, -1, 38, 40, 41, -1, 40, 18, 41, -1, 41, 18, 42, -1, 18, 20, 42, -1, 42, 20, 43, -1, 44, 24, 23, -1, 44, 23, 45, -1, 44, 45, 46, -1, 44, 46, 47, -1, 44, 47, 48, -1, 44, 48, 49, -1, 44, 49, 50, -1, 44, 50, 51, -1, 44, 51, 1, -1, 44, 1, 0, -1],
                                                                  "@solid":false,
                                                                  "@ccw":true,
                                                                  "@colorPerVertex":true,
                                                                  "@convex":true,
                                                                  "@creaseAngle":0,
                                                                  "@normalPerVertex":true,
                                                                  "@containerField":"geometry",
                                                                  "-coord":[
                                                                      { "Coordinate":
                                                                        {
                                                                          "@point":[-5.17638, 19.3185, 80.0, -23.4549, 18.7047, 80.0, -10.0, 17.3205, 80.0, -27.0291, 13.0165, 80.0, -14.1421, 14.1421, 80.0, -17.3205, 10.0, 80.0, -29.2478, 6.67563, 80.0, -19.3185, 5.17638, 80.0, -20.0, 2.44929E-15, 80.0, -30.0, 1.69966E-14, 80.0, -19.3185, -5.17638, 80.0, -29.2478, -6.67563, 80.0, -17.3205, -10.0, 80.0, -27.0291, -13.0165, 80.0, -14.1421, -14.1421, 80.0, -10.0, -17.3205, 80.0, -23.4549, -18.7047, 80.0, -5.17638, -19.3185, 80.0, -3.67394E-15, -20.0, 80.0, -18.7047, -23.4549, 80.0, -3.21563E-14, -30.0, 80.0, -13.0165, -27.0291, 80.0, -6.67563, -29.2478, 80.0, 23.4549, 18.7047, 80.0, 5.17638, 19.3185, 80.0, 27.0291, 13.0165, 80.0, 10.0, 17.3205, 80.0, 14.1421, 14.1421, 80.0, 29.2478, 6.67563, 80.0, 17.3205, 10.0, 80.0, 19.3185, 5.17638, 80.0, 30.0, 0.0, 80.0, 20.0, 0.0, 80.0, 29.2478, -6.67563, 80.0, 19.3185, -5.17638, 80.0, 27.0291, -13.0165, 80.0, 17.3205, -10.0, 80.0, 14.1421, -14.1421, 80.0, 23.4549, -18.7047, 80.0, 10.0, -17.3205, 80.0, 5.17638, -19.3185, 80.0, 18.7047, -23.4549, 80.0, 13.0165, -27.0291, 80.0, 6.67563, -29.2478, 80.0, 1.22465E-15, 20.0, 80.0, 18.7047, 23.4549, 80.0, 13.0165, 27.0291, 80.0, 6.67563, 29.2478, 80.0, 8.49831E-15, 30.0, 80.0, -6.67563, 29.2478, 80.0, -13.0165, 27.0291, 80.0, -18.7047, 23.4549, 80.0],
                                                                          "@containerField":"coord"
                                                                        }
                                                                      }
                                                                    ]
                                                                }
                                                              }
                                                            ]
                                                        }
                                                      }
                                                    ]
                                                }
                                              }
                                            ]
                                        }
                                      }
                                    ]
                                }
                              }
                            ]
                        }
                      }
                    ]
                }
              }
            ]
          }
      ]
    }
  ]
 }
]
