[
 { "X3D":[
    {
      "@profile":"CADInterchange",
      "@version":3.1,
      "@xsd:noNamespaceSchemaLocation":"http://www.web3d.org/specifications/x3d-3.1.xsd",
      "head":[
          { "-childNodeFieldNameNotFound":[
              { "component":
                {
                  "@level":2,
                  "@name":"CADGeometry"
                }
              }
            ]
          },
          { "meta":
            {
              "@content":"QuadSetExample.x3d",
              "@name":"title"
            }
          },
          { "meta":
            {
              "@content":"Simple QuadSet example scene.",
              "@name":"description"
            }
          },
          { "meta":
            {
              "@content":"Leonard Daly, Don Brutzman",
              "@name":"creator"
            }
          },
          { "meta":
            {
              "@content":"19 April 2013",
              "@name":"created"
            }
          },
          { "meta":
            {
              "@content":"12 January 2014",
              "@name":"modified"
            }
          },
          { "meta":
            {
              "@content":"http://www.web3d.org/x3d/content/examples/Basic/CAD/QuadSetExample.x3d",
              "@name":"identifier"
            }
          },
          { "meta":
            {
              "@content":"http://www.web3d.org/files/specifications/19775-1/V3.3/Part01/components/CADGeometry.html#QuadSet",
              "@name":"reference"
            }
          },
          { "meta":
            {
              "@content":"http://www.web3d.org/files/specifications/19775-1/V3.3/Images/quadSet.png",
              "@name":"reference"
            }
          },
          { "meta":
            {
              "@content":"X3D-Edit 3.3, https://savage.nps.edu/X3D-Edit",
              "@name":"generator"
            }
          },
          { "meta":
            {
              "@content":"../license.html",
              "@name":"license"
            }
          }
      ],
      "Scene":[
          { "-children":[
              { "NavigationInfo":
                {
                  "@type":["EXAMINE"],
                  "@avatarSize":[0.25, 1.6, 0.75],
                  "@headlight":true,
                  "@speed":1,
                  "@transitionType":["LINEAR"],
                  "@transitionTime":1.0,
                  "@visibilityLimit":0,
                  "@containerField":"children"
                }
              }
            ]
          },
          { "-children":[
              { "Viewpoint":
                {
                  "@DEF":"Side",
                  "@description":"QuadSet side view",
                  "@fieldOfView":0.7854,
                  "@jump":true,
                  "@orientation":[0, 0, 1, 0],
                  "@position":[0, 0, 10],
                  "@centerOfRotation":[0, 0, 0],
                  "@containerField":"children"
                }
              }
            ]
          },
          { "-children":[
              { "Viewpoint":
                {
                  "@DEF":"Front",
                  "@description":"QuadSet front view",
                  "@orientation":[0, 1, 0, 1.57],
                  "@position":[10, 0, 0],
                  "@fieldOfView":0.7854,
                  "@jump":true,
                  "@centerOfRotation":[0, 0, 0],
                  "@containerField":"children"
                }
              }
            ]
          },
          { "-children":[
              { "Viewpoint":
                {
                  "@DEF":"Top",
                  "@description":"QuadSet top view",
                  "@orientation":[1, 0, 0, -1.57],
                  "@position":[0, 10, 0],
                  "@fieldOfView":0.7854,
                  "@jump":true,
                  "@centerOfRotation":[0, 0, 0],
                  "@containerField":"children"
                }
              }
            ]
          },
          { "-children":[
              { "Transform":
                {
                  "@scale":[2, 2, 2],
                  "@center":[0, 0, 0],
                  "@rotation":[0, 0, 1, 0],
                  "@scaleOrientation":[0, 0, 1, 0],
                  "@translation":[0, 0, 0],
                  "@bboxCenter":[0, 0, 0],
                  "@bboxSize":[-1, -1, -1],
                  "@containerField":"children",
                  "-children":[
                      { "Shape":
                        {
                          "@containerField":"children",
                          "@bboxCenter":[0, 0, 0],
                          "@bboxSize":[-1, -1, -1],
                          "-appearance":[
                              { "Appearance":
                                {
                                  "@containerField":"appearance",
                                  "-material":[
                                      { "Material":
                                        {
                                          "@diffuseColor":[0.321569, 0.592157, 1],
                                          "@ambientIntensity":0.2,
                                          "@emissiveColor":[0, 0, 0],
                                          "@shininess":0.2,
                                          "@specularColor":[0, 0, 0],
                                          "@transparency":0,
                                          "@containerField":"material"
                                        }
                                      }
                                    ]
                                }
                              }
                            ],
                          "-geometry":[
                              { "QuadSet":
                                {
                                  "@solid":false,
                                  "@ccw":true,
                                  "@colorPerVertex":true,
                                  "@normalPerVertex":true,
                                  "@containerField":"geometry",
                                  "-coord":[
                                      { "Coordinate":
                                        {
                                          "@point":[-1.5, 0, 0, -0.5, 0, 0, -0.5, 1, -1, -1.5, 1, -1, 0.5, 0, 0, 1.5, 0, 0, 1.5, 1, -1, 0.5, 1, -1, -0.5, 2, -1, 0.5, 2, -1],
                                          "@containerField":"coord"
                                        }
                                      }
                                    ]
                                }
                              }
                            ]
                        }
                      }
                    ]
                }
              }
            ]
          }
      ]
    }
  ]
 }
]
