[
 { "X3D":[
    {
      "@profile":"Immersive",
      "@version":3.2,
      "@xsd:noNamespaceSchemaLocation":"http://www.web3d.org/specifications/x3d-3.2.xsd",
      "head":[
          { "-childNodeFieldNameNotFound":[
              { "component":
                {
                  "@level":4,
                  "@name":"NURBS"
                }
              }
            ]
          },
          { "meta":
            {
              "@content":"HoleLargeOffset.x3d",
              "@name":"title"
            }
          },
          { "meta":
            {
              "@content":"A NurbsTrimmedSurface node rendering a square centered on the origin in the x-y plane; with sides 8 units length. A trimming curve is used to cut out a circle of radius 1 unit centered at the point (x,y)=(2,2) . Red (x), Green (y) and Blue (z) line segments represent the x-y-z unit axes.",
              "@name":"description"
            }
          },
          { "meta":
            {
              "@content":"HoleLargeOffset.jpg",
              "@name":"Image"
            }
          },
          { "meta":
            {
              "@content":"Vincent Marchetti",
              "@name":"creator"
            }
          },
          { "meta":
            {
              "@content":"10 February 2012",
              "@name":"created"
            }
          },
          { "meta":
            {
              "@content":"26 January 2014",
              "@name":"modified"
            }
          },
          { "meta":
            {
              "@content":"images/HoleLargeOffsetInstantReality.png",
              "@name":"Image"
            }
          },
          { "meta":
            {
              "@content":"images/HoleLargeOffsetXj3D.png",
              "@name":"Image"
            }
          },
          { "meta":
            {
              "@content":"http://www.kshell.com/pages/trimmed_nurbs_demo",
              "@name":"reference"
            }
          },
          { "meta":
            {
              "@content":"http://www.web3d.org/x3d/content/examples/Basic/NURBS/HoleLargeOffset.x3d",
              "@name":"identifier"
            }
          },
          { "meta":
            {
              "@content":"Python language scripting",
              "@name":"generator"
            }
          },
          { "meta":
            {
              "@content":"X3D-Edit 3.3, https://savage.nps.edu/X3D-Edit",
              "@name":"generator"
            }
          },
          { "meta":
            {
              "@content":"../license.html",
              "@name":"license"
            }
          }
      ],
      "Scene":[
          { "-children":[
              { "Viewpoint":
                {
                  "@description":"Hole Large Offset NurbsTrimmedSurface",
                  "@position":[0, 0, 12],
                  "@fieldOfView":0.7854,
                  "@jump":true,
                  "@orientation":[0, 0, 1, 0],
                  "@centerOfRotation":[0, 0, 0],
                  "@retainUserOffsets":false,
                  "@containerField":"children"
                }
              }
            ]
          },
          { "-children":[
              { "Background":
                {
                  "@skyColor":[1, 1, 1],
                  "@transparency":0,
                  "@containerField":"children"
                }
              }
            ]
          },
          { "-children":[
              { "Group":
                {
                  "@bboxCenter":[0, 0, 0],
                  "@bboxSize":[-1, -1, -1],
                  "@containerField":"children",
                  "-children":[
                      { "Shape":
                        {
                          "@containerField":"children",
                          "@bboxCenter":[0, 0, 0],
                          "@bboxSize":[-1, -1, -1],
                          "-geometry":[
                              { "LineSet":
                                {
                                  "@vertexCount":2,
                                  "@containerField":"geometry",
                                  "-coord":[
                                      { "Coordinate":
                                        {
                                          "@point":[0, 0, 0.01, 1, 0, 0.01],
                                          "@containerField":"coord"
                                        }
                                      }
                                    ]
                                }
                              }
                            ],
                          "-appearance":[
                              { "Appearance":
                                {
                                  "@containerField":"appearance",
                                  "-material":[
                                      { "Material":
                                        {
                                          "@emissiveColor":[1, 0, 0],
                                          "@ambientIntensity":0.2,
                                          "@diffuseColor":[0.8, 0.8, 0.8],
                                          "@shininess":0.2,
                                          "@specularColor":[0, 0, 0],
                                          "@transparency":0,
                                          "@containerField":"material"
                                        }
                                      }
                                    ],
                                  "-lineProperties":[
                                      { "LineProperties":
                                        {
                                          "@linewidthScaleFactor":2,
                                          "@applied":true,
                                          "@linetype":1,
                                          "@containerField":"lineProperties"
                                        }
                                      }
                                    ]
                                }
                              }
                            ]
                        }
                      }
                    ],
                  "-children":[
                      { "Shape":
                        {
                          "@containerField":"children",
                          "@bboxCenter":[0, 0, 0],
                          "@bboxSize":[-1, -1, -1],
                          "-geometry":[
                              { "LineSet":
                                {
                                  "@vertexCount":2,
                                  "@containerField":"geometry",
                                  "-coord":[
                                      { "Coordinate":
                                        {
                                          "@point":[0, 0, 0.01, 0, 1, 0.01],
                                          "@containerField":"coord"
                                        }
                                      }
                                    ]
                                }
                              }
                            ],
                          "-appearance":[
                              { "Appearance":
                                {
                                  "@containerField":"appearance",
                                  "-material":[
                                      { "Material":
                                        {
                                          "@emissiveColor":[0, 1, 0],
                                          "@ambientIntensity":0.2,
                                          "@diffuseColor":[0.8, 0.8, 0.8],
                                          "@shininess":0.2,
                                          "@specularColor":[0, 0, 0],
                                          "@transparency":0,
                                          "@containerField":"material"
                                        }
                                      }
                                    ],
                                  "-lineProperties":[
                                      { "LineProperties":
                                        {
                                          "@linewidthScaleFactor":2,
                                          "@applied":true,
                                          "@linetype":1,
                                          "@containerField":"lineProperties"
                                        }
                                      }
                                    ]
                                }
                              }
                            ]
                        }
                      }
                    ],
                  "-children":[
                      { "Shape":
                        {
                          "@containerField":"children",
                          "@bboxCenter":[0, 0, 0],
                          "@bboxSize":[-1, -1, -1],
                          "-geometry":[
                              { "LineSet":
                                {
                                  "@vertexCount":2,
                                  "@containerField":"geometry",
                                  "-coord":[
                                      { "Coordinate":
                                        {
                                          "@point":[0, 0, 0.01, 0, 0, 1],
                                          "@containerField":"coord"
                                        }
                                      }
                                    ]
                                }
                              }
                            ],
                          "-appearance":[
                              { "Appearance":
                                {
                                  "@containerField":"appearance",
                                  "-material":[
                                      { "Material":
                                        {
                                          "@emissiveColor":[0, 0, 1],
                                          "@ambientIntensity":0.2,
                                          "@diffuseColor":[0.8, 0.8, 0.8],
                                          "@shininess":0.2,
                                          "@specularColor":[0, 0, 0],
                                          "@transparency":0,
                                          "@containerField":"material"
                                        }
                                      }
                                    ],
                                  "-lineProperties":[
                                      { "LineProperties":
                                        {
                                          "@linewidthScaleFactor":2,
                                          "@applied":true,
                                          "@linetype":1,
                                          "@containerField":"lineProperties"
                                        }
                                      }
                                    ]
                                }
                              }
                            ]
                        }
                      }
                    ]
                }
              }
            ]
          },
          { "-children":[
              { "Shape":
                {
                  "@containerField":"children",
                  "@bboxCenter":[0, 0, 0],
                  "@bboxSize":[-1, -1, -1],
                  "-geometry":[
                      { "NurbsTrimmedSurface":
                        {
                          "@solid":false,
                          "@uDimension":2,
                          "@uKnot":[-4, -4, 4, 4],
                          "@uOrder":2,
                          "@vDimension":2,
                          "@vKnot":[-4, -4, 4, 4],
                          "@vOrder":2,
                          "@weight":[1, 1, 1, 1],
                          "@uClosed":false,
                          "@vClosed":false,
                          "@uTessellation":0,
                          "@vTessellation":0,
                          "@containerField":"geometry",
                          "-controlPoint":[
                              { "Coordinate":
                                {
                                  "@containerField":"controlPoint",
                                  "@point":[-4, -4, 0, 4, -4, 0, -4, 4, 0, 4, 4, 0]
                                }
                              }
                            ],
                          "-trimmingContour":[
                              { "Contour2D":
                                {
                                  "@containerField":"trimmingContour",
                                  "-children":[
                                      { "NurbsCurve2D":
                                        {
                                          "@controlPoint":[-4, -4, 4, -4, 4, 4, -4, 4, -4, -4],
                                          "@knot":[0, 0, 0.25, 0.5, 0.75, 1, 1],
                                          "@order":2,
                                          "@weight":[1, 1, 1, 1, 1],
                                          "@tessellation":0,
                                          "@closed":false,
                                          "@containerField":"children"
                                        }
                                      }
                                    ]
                                }
                              }
                            ],
                          "-trimmingContour":[
                              { "Contour2D":
                                {
                                  "@containerField":"trimmingContour",
                                  "-children":[
                                      { "NurbsCurve2D":
                                        {
                                          "@controlPoint":[3, 2, 2.1213, 0.7071, 2, 1, 0.7071, 0.7071, 1, 2, 0.7071, 2.1213, 2, 3, 2.1213, 2.1213, 3, 2],
                                          "@knot":[0, 0, 0, 0.25, 0.25, 0.5, 0.5, 0.75, 0.75, 1, 1, 1],
                                          "@weight":[1, 0.7071, 1, 0.7071, 1, 0.7071, 1, 0.7071, 1],
                                          "@order":3,
                                          "@tessellation":0,
                                          "@closed":false,
                                          "@containerField":"children"
                                        }
                                      }
                                    ]
                                }
                              }
                            ]
                        }
                      }
                    ],
                  "-appearance":[
                      { "Appearance":
                        {
                          "@DEF":"ksh_appearance_1",
                          "@containerField":"appearance",
                          "-material":[
                              { "Material":
                                {
                                  "@diffuseColor":[0, 0, 1],
                                  "@ambientIntensity":0.2,
                                  "@emissiveColor":[0, 0, 0],
                                  "@shininess":0.2,
                                  "@specularColor":[0, 0, 0],
                                  "@transparency":0,
                                  "@containerField":"material"
                                }
                              }
                            ]
                        }
                      }
                    ]
                }
              }
            ]
          }
      ]
    }
  ]
 }
]
