[
 { "X3D":[
    {
      "@profile":"Immersive",
      "@version":3.0,
      "@xsd:noNamespaceSchemaLocation":"http://www.web3d.org/specifications/x3d-3.0.xsd",
      "head":[
          { "-childNodeFieldNameNotFound":[
              { "component":
                {
                  "@level":1,
                  "@name":"NURBS"
                }
              }
            ]
          },
          { "meta":
            {
              "@content":"NurbsPatchSurfaceExampleWithOahuTexture.x3d",
              "@name":"title"
            }
          },
          { "meta":
            {
              "@content":"ImageTexture applied to animated NURBS patch using NurbsPatchSurface. Compare regular animation rendering to wireframe-mode rendering (if supported by X3D/VRML browser) in order to observe dynamic tesselation.",
              "@name":"description"
            }
          },
          { "meta":
            {
              "@content":"Jeffrey Weekley, Charles Adams",
              "@name":"creator"
            }
          },
          { "meta":
            {
              "@content":"6 February 2003",
              "@name":"created"
            }
          },
          { "meta":
            {
              "@content":"26 January 2014",
              "@name":"modified"
            }
          },
          { "meta":
            {
              "@content":"missing default values for knot and weight array fields in NurbsPatchSurface (weight default: all 1 values) ; not required by X3D specification, but some browsers may fail without them.",
              "@name":"warning"
            }
          },
          { "meta":
            {
              "@content":"under development, needs to be upgraded to final version of X3D NURBS nodes",
              "@name":"warning"
            }
          },
          { "meta":
            {
              "@content":"Oahu image prepared by David Colleen and Planet 9 Inc.",
              "@name":"acknowledgement"
            }
          },
          { "meta":
            {
              "@content":"http://www.planet9.com",
              "@name":"reference"
            }
          },
          { "meta":
            {
              "@content":"NURBS Surface Example",
              "@name":"subject"
            }
          },
          { "meta":
            {
              "@content":"http://www.web3d.org/x3d/content/examples/Basic/NURBS/NurbsPatchSurfaceExampleWithOahuTexture.x3d",
              "@name":"identifier"
            }
          },
          { "meta":
            {
              "@content":"X3D-Edit 3.3, https://savage.nps.edu/X3D-Edit",
              "@name":"generator"
            }
          },
          { "meta":
            {
              "@content":"../license.html",
              "@name":"license"
            }
          }
      ],
      "Scene":[
          { "-children":[
              { "Viewpoint":
                {
                  "@description":"animatedPlane",
                  "@position":[3, 2, 40],
                  "@fieldOfView":0.7854,
                  "@jump":true,
                  "@orientation":[0, 0, 1, 0],
                  "@centerOfRotation":[0, 0, 0],
                  "@containerField":"children"
                }
              }
            ]
          },
          { "-children":[
              { "Transform":
                {
                  "@rotation":[1, 0, 0, -1.5],
                  "@center":[0, 0, 0],
                  "@scale":[1, 1, 1],
                  "@scaleOrientation":[0, 0, 1, 0],
                  "@translation":[0, 0, 0],
                  "@bboxCenter":[0, 0, 0],
                  "@bboxSize":[-1, -1, -1],
                  "@containerField":"children",
                  "-children":[
                      { "Shape":
                        {
                          "@containerField":"children",
                          "@bboxCenter":[0, 0, 0],
                          "@bboxSize":[-1, -1, -1],
                          "-geometry":[
                              { "NurbsPatchSurface":
                                {
                                  "@DEF":"NS",
                                  "@solid":false,
                                  "@uDimension":5,
                                  "@uOrder":4,
                                  "@uTessellation":30,
                                  "@vDimension":5,
                                  "@vOrder":4,
                                  "@vTessellation":30,
                                  "@uClosed":false,
                                  "@vClosed":false,
                                  "@containerField":"geometry",
                                  "-controlPoint":[
                                      { "Coordinate":
                                        {
                                          "@containerField":"controlPoint",
                                          "@point":[-10, -10, 0, -10, -5, 0, -10, 0, 0, -10, 5, 0, -10, 10, 0, -5, -10, 0, -5, -5, 2.5, -5, 0, 5, -5, 5, 2.5, -5, 10, 0, 0, -10, 0, 0, -5, 2.5, 0, 0, 5, 0, 5, 2.5, 0, 10, 0, 5, -10, 0, 5, -5, 2.5, 5, 0, 15, 5, 5, 2.5, 5, 10, 0, 10, -10, 0, 10, -5, 0, 10, 0, 0, 10, 5, 0, 10, 10, 0]
                                        }
                                      }
                                    ]
                                }
                              }
                            ],
                          "-appearance":[
                              { "Appearance":
                                {
                                  "@containerField":"appearance",
                                  "-texture":[
                                      { "ImageTexture":
                                        {
                                          "@url":["PearlHarborLowResolution.jpg", "https://savage.nps.edu/Savage/Locations/Hawaii/PearlHarborLowResolution.jpg"],
                                          "@repeatS":true,
                                          "@repeatT":true,
                                          "@containerField":"texture"
                                        }
                                      }
                                    ]
                                }
                              }
                            ]
                        }
                      }
                    ]
                }
              }
            ]
          },
          { "-children":[
              { "TimeSensor":
                {
                  "@DEF":"TS",
                  "@cycleInterval":6,
                  "@loop":true,
                  "@enabled":true,
                  "@startTime":0,
                  "@stopTime":0,
                  "@pauseTime":0,
                  "@resumeTime":0,
                  "@containerField":"children"
                }
              }
            ]
          },
          { "-children":[
              { "CoordinateInterpolator":
                {
                  "@DEF":"CI",
                  "@key":[0, 0.5, 1],
                  "@keyValue":[-10, -10, 0, -10, -5, 0, -10, 0, 0, -10, 5, 0, -10, 10, 0, -5, -10, 0, -5, -5, 2.5, -5, 0, 5, -5, 5, 2.5, -5, 10, 0, 0, -10, 0, 0, -5, 2.5, 0, 0, 5, 0, 5, 2.5, 0, 10, 0, 5, -10, 0, 5, -5, 2.5, 5, 0, 15, 5, 5, 2.5, 5, 10, 0, 10, -10, 0, 10, -5, 0, 10, 0, 0, 10, 5, 0, 10, 10, 0, -10, -10, 0, -10, -5, 0, -10, 0, 0, -10, 5, 0, -10, 10, 0, -5, -10, 0, -5, -5, 0, -5, 0, 0, -5, 5, 0, -5, 10, 0, 0, -10, 0, 0, -5, 0, 0, 0, 0, 0, 5, 0, 0, 10, 0, 5, -10, 0, 5, -5, 0, 5, 0, 0, 5, 5, 0, 5, 10, 0, 10, -10, 0, 10, -5, 0, 10, 0, 0, 10, 5, 0, 10, 10, 0, -10, -10, 0, -10, -5, 0, -10, 0, 0, -10, 5, 0, -10, 10, 0, -5, -10, 0, -5, -5, 2.5, -5, 0, 5, -5, 5, 2.5, -5, 10, 0, 0, -10, 0, 0, -5, 2.5, 0, 0, 5, 0, 5, 2.5, 0, 10, 0, 5, -10, 0, 5, -5, 2.5, 5, 0, 15, 5, 5, 2.5, 5, 10, 0, 10, -10, 0, 10, -5, 0, 10, 0, 0, 10, 5, 0, 10, 10, 0],
                  "@containerField":"children"
                }
              }
            ]
          },
          { "ROUTE":
            {
              "@fromField":"fraction_changed",
              "@fromNode":"TS",
              "@toField":"set_fraction",
              "@toNode":"CI"
            }
          },
          { "ROUTE":
            {
              "@fromField":"value_changed",
              "@fromNode":"CI",
              "@toField":"set_controlPoint",
              "@toNode":"NS"
            }
          }
      ]
    }
  ]
 }
]
