[
 { "X3D":[
    {
      "@profile":"Immersive",
      "@version":3.0,
      "@xsd:noNamespaceSchemaLocation":"http://www.web3d.org/specifications/x3d-3.0.xsd",
      "head":[
          { "-childNodeFieldNameNotFound":[
              { "component":
                {
                  "@level":1,
                  "@name":"NURBS"
                }
              }
            ]
          },
          { "meta":
            {
              "@content":"NurbsCurveExample.x3d",
              "@name":"title"
            }
          },
          { "meta":
            {
              "@content":"NurbsCurve exemplar showing controlPoint animation. Upper example has knot values explicitly defined, lower example has implicit knot values.",
              "@name":"description"
            }
          },
          { "meta":
            {
              "@content":"Charles Adams, Vincent Marchetti, Don Brutzman",
              "@name":"creator"
            }
          },
          { "meta":
            {
              "@content":"4 February 2003",
              "@name":"created"
            }
          },
          { "meta":
            {
              "@content":"26 January 2014",
              "@name":"modified"
            }
          },
          { "meta":
            {
              "@content":"videos/NurbsCurveExample.mov",
              "@name":"MovingImage"
            }
          },
          { "meta":
            {
              "@content":"check NurbsCurve containerField handling and weight defaults",
              "@name":"TODO"
            }
          },
          { "meta":
            {
              "@content":"http://edocs.nps.edu/npspubs/scholarly/theses/2003/Jun/03Jun_Adams.pdf",
              "@name":"reference"
            }
          },
          { "meta":
            {
              "@content":"NURBS Curve Example",
              "@name":"subject"
            }
          },
          { "meta":
            {
              "@content":"http://www.web3d.org/x3d/content/examples/Basic/NURBS/NurbsCurveExample.x3d",
              "@name":"identifier"
            }
          },
          { "meta":
            {
              "@content":"X3D-Edit 3.3, https://savage.nps.edu/X3D-Edit",
              "@name":"generator"
            }
          },
          { "meta":
            {
              "@content":"../license.html",
              "@name":"license"
            }
          }
      ],
      "Scene":[
          { "-children":[
              { "Viewpoint":
                {
                  "@description":"NurbsCurve",
                  "@position":[12, 7, 18],
                  "@fieldOfView":0.7854,
                  "@jump":true,
                  "@orientation":[0, 0, 1, 0],
                  "@centerOfRotation":[0, 0, 0],
                  "@containerField":"children"
                }
              }
            ]
          },
          { "-children":[
              { "Transform":
                {
                  "@translation":[0, 5, 0],
                  "@center":[0, 0, 0],
                  "@rotation":[0, 0, 1, 0],
                  "@scale":[1, 1, 1],
                  "@scaleOrientation":[0, 0, 1, 0],
                  "@bboxCenter":[0, 0, 0],
                  "@bboxSize":[-1, -1, -1],
                  "@containerField":"children",
                  "-children":[
                      { "Shape":
                        {
                          "@containerField":"children",
                          "@bboxCenter":[0, 0, 0],
                          "@bboxSize":[-1, -1, -1],
                          "-geometry":[
                              { "NurbsCurve":
                                {
                                  "@DEF":"NurbsCurveKnotted",
                                  "@knot":[0, 0, 0, 0, 0.5, 1, 1, 1, 1],
                                  "@order":4,
                                  "@tessellation":30,
                                  "@weight":[1, 1, 1, 1, 1],
                                  "@closed":false,
                                  "@containerField":"geometry",
                                  "-controlPoint":[
                                      { "Coordinate":
                                        {
                                          "@DEF":"np",
                                          "@containerField":"controlPoint",
                                          "@point":[4, 6, 0, 7, 12, 0, 11, 6, 0, 15, 2, 0, 20, 6, 0]
                                        }
                                      }
                                    ]
                                }
                              }
                            ],
                          "-appearance":[
                              { "Appearance":
                                {
                                  "@DEF":"LightGreenAppearance",
                                  "@containerField":"appearance",
                                  "-material":[
                                      { "Material":
                                        {
                                          "@diffuseColor":[0.8, 1, 0.8],
                                          "@emissiveColor":[0.8, 1, 0.8],
                                          "@ambientIntensity":0.2,
                                          "@shininess":0.2,
                                          "@specularColor":[0, 0, 0],
                                          "@transparency":0,
                                          "@containerField":"material"
                                        }
                                      }
                                    ]
                                }
                              }
                            ]
                        }
                      }
                    ],
                  "-children":[
                      { "Transform":
                        {
                          "@translation":[0, 7, 0],
                          "@center":[0, 0, 0],
                          "@rotation":[0, 0, 1, 0],
                          "@scale":[1, 1, 1],
                          "@scaleOrientation":[0, 0, 1, 0],
                          "@bboxCenter":[0, 0, 0],
                          "@bboxSize":[-1, -1, -1],
                          "@containerField":"children",
                          "-children":[
                              { "Shape":
                                {
                                  "@containerField":"children",
                                  "@bboxCenter":[0, 0, 0],
                                  "@bboxSize":[-1, -1, -1],
                                  "-geometry":[
                                      { "Text":
                                        {
                                          "@string":["NurbsCurve, with, knots"],
                                          "@maxExtent":0.0,
                                          "@solid":false,
                                          "@containerField":"geometry"
                                        }
                                      }
                                    ],
                                  "-appearance":[
                                      { "Appearance":
                                        {
                                          "@USE":"LightGreenAppearance",
                                          "@containerField":"appearance"
                                        }
                                      }
                                    ]
                                }
                              }
                            ]
                        }
                      }
                    ]
                }
              }
            ]
          },
          { "-children":[
              { "Shape":
                {
                  "@containerField":"children",
                  "@bboxCenter":[0, 0, 0],
                  "@bboxSize":[-1, -1, -1],
                  "-geometry":[
                      { "NurbsCurve":
                        {
                          "@DEF":"NurbsCurveUnknotted",
                          "@order":4,
                          "@tessellation":30,
                          "@closed":false,
                          "@containerField":"geometry",
                          "-controlPoint":[
                              { "Coordinate":
                                {
                                  "@USE":"np",
                                  "@containerField":"controlPoint"
                                }
                              }
                            ]
                        }
                      }
                    ],
                  "-appearance":[
                      { "Appearance":
                        {
                          "@DEF":"LightBlueAppearance",
                          "@containerField":"appearance",
                          "-material":[
                              { "Material":
                                {
                                  "@diffuseColor":[0.8, 0.8, 1],
                                  "@emissiveColor":[0.8, 0.8, 1],
                                  "@ambientIntensity":0.2,
                                  "@shininess":0.2,
                                  "@specularColor":[0, 0, 0],
                                  "@transparency":0,
                                  "@containerField":"material"
                                }
                              }
                            ]
                        }
                      }
                    ]
                }
              }
            ]
          },
          { "-children":[
              { "Transform":
                {
                  "@translation":[0, 7, 0],
                  "@center":[0, 0, 0],
                  "@rotation":[0, 0, 1, 0],
                  "@scale":[1, 1, 1],
                  "@scaleOrientation":[0, 0, 1, 0],
                  "@bboxCenter":[0, 0, 0],
                  "@bboxSize":[-1, -1, -1],
                  "@containerField":"children",
                  "-children":[
                      { "Shape":
                        {
                          "@containerField":"children",
                          "@bboxCenter":[0, 0, 0],
                          "@bboxSize":[-1, -1, -1],
                          "-geometry":[
                              { "Text":
                                {
                                  "@string":["NurbsCurve, without, knots"],
                                  "@maxExtent":0.0,
                                  "@solid":false,
                                  "@containerField":"geometry"
                                }
                              }
                            ],
                          "-appearance":[
                              { "Appearance":
                                {
                                  "@USE":"LightBlueAppearance",
                                  "@containerField":"appearance"
                                }
                              }
                            ]
                        }
                      }
                    ]
                }
              }
            ]
          },
          { "-children":[
              { "CoordinateInterpolator":
                {
                  "@DEF":"ci",
                  "@key":[0, 0.5, 1],
                  "@keyValue":[4, 6, 0, 7, 12, 0, 11, 6, 0, 15, 2, 0, 20, 6, 0, 4, 6, 0, 7, 0, 0, 11, 6, 0, 15, 10, 0, 20, 6, 0, 4, 6, 0, 7, 12, 0, 11, 6, 0, 15, 2, 0, 20, 6, 0],
                  "@containerField":"children"
                }
              }
            ]
          },
          { "-children":[
              { "TimeSensor":
                {
                  "@DEF":"ts",
                  "@cycleInterval":6,
                  "@loop":true,
                  "@enabled":true,
                  "@startTime":0,
                  "@stopTime":0,
                  "@pauseTime":0,
                  "@resumeTime":0,
                  "@containerField":"children"
                }
              }
            ]
          },
          { "ROUTE":
            {
              "@fromField":"fraction_changed",
              "@fromNode":"ts",
              "@toField":"set_fraction",
              "@toNode":"ci"
            }
          },
          { "ROUTE":
            {
              "@fromField":"value_changed",
              "@fromNode":"ci",
              "@toField":"set_point",
              "@toNode":"np"
            }
          },
          { "#comment":"Authoring hint" },
          { "-children":[
              { "Transform":
                {
                  "@DEF":"GridXY_20x20Fixed_AdjustScale",
                  "@translation":[12, 7, 0],
                  "@center":[0, 0, 0],
                  "@rotation":[0, 0, 1, 0],
                  "@scale":[1, 1, 1],
                  "@scaleOrientation":[0, 0, 1, 0],
                  "@bboxCenter":[0, 0, 0],
                  "@bboxSize":[-1, -1, -1],
                  "@containerField":"children",
                  "-children":[
                      { "Inline":
                        {
                          "@DEF":"GridXY_20x20Fixed",
                          "@url":["GridXY_20x20Fixed.x3d", "../../../Savage/Tools/Authoring/GridXY_20x20Fixed.x3d", "https://savage.nps.edu/Savage/Tools/Authoring/GridXY_20x20Fixed.x3d", "GridXY_20x20Fixed.wrl", "../../../Savage/Tools/Authoring/GridXY_20x20Fixed.wrl", "https://savage.nps.edu/Savage/Tools/Authoring/GridXY_20x20Fixed.wrl"],
                          "@load":true,
                          "@bboxCenter":[0, 0, 0],
                          "@bboxSize":[-1, -1, -1],
                          "@containerField":"children"
                        }
                      }
                    ]
                }
              }
            ]
          }
      ]
    }
  ]
 }
]
