[
 { "X3D":[
    {
      "@profile":"Immersive",
      "@version":3.0,
      "@xsd:noNamespaceSchemaLocation":"http://www.web3d.org/specifications/x3d-3.0.xsd",
      "head":[
          { "-childNodeFieldNameNotFound":[
              { "component":
                {
                  "@level":4,
                  "@name":"NURBS"
                }
              }
            ]
          },
          { "meta":
            {
              "@content":"TrimmingContourExample.x3d",
              "@name":"title"
            }
          },
          { "meta":
            {
              "@content":"Simple example demonstrating NURBS trimming contour content model.",
              "@name":"description"
            }
          },
          { "meta":
            {
              "@content":"Andrew Grieve, Vince Marchetti",
              "@name":"creator"
            }
          },
          { "meta":
            {
              "@content":"Don Brutzman",
              "@name":"contributor"
            }
          },
          { "meta":
            {
              "@content":"16 October 2005",
              "@name":"created"
            }
          },
          { "meta":
            {
              "@content":"3 August 2013",
              "@name":"modified"
            }
          },
          { "meta":
            {
              "@content":"TrimmingContourExample.png",
              "@name":"Image"
            }
          },
          { "meta":
            {
              "@content":"TrimmingContourExampleSideView.png",
              "@name":"Image"
            }
          },
          { "meta":
            {
              "@content":"images/TrimmingContourExampleInstantReality.png",
              "@name":"Image"
            }
          },
          { "meta":
            {
              "@content":"images/TrimmingContourExampleXj3d.png",
              "@name":"Image"
            }
          },
          { "meta":
            {
              "@content":"NURBS trimming contour",
              "@name":"subject"
            }
          },
          { "meta":
            {
              "@content":"http://www.web3d.org/x3d/specifications/ISO-IEC-19775-X3DAbstractSpecification/Part01/components/nurbs.html#NurbsTrimmedSurface",
              "@name":"reference"
            }
          },
          { "meta":
            {
              "@content":"http://www.web3d.org/x3d/content/examples/Basic/NURBS/TrimmingContourExample.x3d",
              "@name":"identifier"
            }
          },
          { "meta":
            {
              "@content":"X3D-Edit 3.3, https://savage.nps.edu/X3D-Edit",
              "@name":"generator"
            }
          },
          { "meta":
            {
              "@content":"../license.html",
              "@name":"license"
            }
          }
      ],
      "Scene":[
          { "-children":[
              { "NavigationInfo":
                {
                  "@type":["EXAMINE"],
                  "@avatarSize":[0.25, 1.6, 0.75],
                  "@headlight":true,
                  "@speed":1,
                  "@transitionType":["LINEAR"],
                  "@visibilityLimit":0,
                  "@containerField":"children"
                }
              }
            ]
          },
          { "-children":[
              { "Background":
                {
                  "@skyColor":[1, 1, 1],
                  "@containerField":"children"
                }
              }
            ]
          },
          { "-children":[
              { "Transform":
                {
                  "@scale":[2, 2, 2],
                  "@center":[0, 0, 0],
                  "@rotation":[0, 0, 1, 0],
                  "@scaleOrientation":[0, 0, 1, 0],
                  "@translation":[0, 0, 0],
                  "@bboxCenter":[0, 0, 0],
                  "@bboxSize":[-1, -1, -1],
                  "@containerField":"children",
                  "-children":[
                      { "Viewpoint":
                        {
                          "@centerOfRotation":[233, 0, -135],
                          "@description":"Overhead View",
                          "@fieldOfView":0.16628,
                          "@orientation":[-1, -0, -0, 1.57],
                          "@position":[233, 1500, -133.809998],
                          "@jump":true,
                          "@containerField":"children"
                        }
                      }
                    ],
                  "-children":[
                      { "Shape":
                        {
                          "@containerField":"children",
                          "@bboxCenter":[0, 0, 0],
                          "@bboxSize":[-1, -1, -1],
                          "-appearance":[
                              { "Appearance":
                                {
                                  "@containerField":"appearance",
                                  "-material":[
                                      { "Material":
                                        {
                                          "@diffuseColor":[1, 0, 0],
                                          "@emissiveColor":[0, 1, 0],
                                          "@ambientIntensity":0.2,
                                          "@shininess":0.2,
                                          "@specularColor":[0, 0, 0],
                                          "@transparency":0,
                                          "@containerField":"material"
                                        }
                                      }
                                    ]
                                }
                              }
                            ],
                          "-geometry":[
                              { "NurbsTrimmedSurface":
                                {
                                  "@solid":false,
                                  "@uDimension":6,
                                  "@uKnot":[0.00980377, 0.00980377, 0.00980377, 0.00980377, 0.5, 0.5, 0.990196, 0.990196, 0.990196, 0.990196],
                                  "@uOrder":4,
                                  "@vDimension":6,
                                  "@vKnot":[0.00980377, 0.00980377, 0.00980377, 0.00980377, 0.5, 0.5, 0.990196, 0.990196, 0.990196, 0.990196],
                                  "@vOrder":4,
                                  "@uClosed":false,
                                  "@vClosed":false,
                                  "@uTessellation":0,
                                  "@vTessellation":0,
                                  "@containerField":"geometry",
                                  "-controlPoint":[
                                      { "Coordinate":
                                        {
                                          "@containerField":"controlPoint",
                                          "@point":[123.01589, 0.00000, -70.25446, 123.01589, 0.00000, -91.89685, 123.01589, 30.00000, -113.53923, 123.01589, 40.00000, -156.82400, 123.01589, 20.00000, -178.46638, 123.01589, 0.00000, -200.10876, 159.68731, 0.00000, -70.25446, 159.68731, 0.00000, -91.89685, 159.68731, 0.00000, -113.53923, 159.68731, 0.00000, -156.82400, 159.68731, 0.00000, -178.46638, 159.68731, 16.00000, -200.10876, 196.35873, 0.00000, -70.25446, 196.35873, 0.00000, -91.89685, 196.35873, 21.00000, -113.53923, 196.35873, 0.00000, -156.82400, 196.35873, 24.00000, -178.46638, 196.35873, 28.00000, -200.10876, 269.70158, 16.00000, -70.25446, 269.70158, 0.00000, -91.89685, 269.70158, 0.00000, -113.53923, 269.70158, 0.00000, -156.82400, 269.70158, 0.00000, -178.46638, 269.70158, 0.00000, -200.10876, 306.37300, 0.00000, -70.25446, 306.37300, 0.00000, -91.89685, 306.37300, 0.00000, -113.53923, 306.37300, 34.00000, -156.82400, 306.37300, 0.00000, -178.46638, 306.37300, 0.00000, -200.10876, 343.04443, 0.00000, -70.25446, 343.04443, 0.00000, -91.89685, 343.04443, -32.00000, -113.53923, 343.04443, 0.00000, -156.82400, 343.04443, 0.00000, -178.46638, 343.04443, 0.00000, -200.10876]
                                        }
                                      }
                                    ],
                                  "-trimmingContour":[
                                      { "Contour2D":
                                        {
                                          "@containerField":"trimmingContour",
                                          "-children":[
                                              { "NurbsCurve2D":
                                                {
                                                  "@controlPoint":[0.9901960784313720, 0.0098039215686275, 0.9901960784313720, 0.9901960784313720, 0.0098039215686275, 0.9901960784313720, 0.0098039215686275, 0.0098039215686275, 0.9901960784313720, 0.0098039215686275],
                                                  "@knot":[0, 0, 0.25, 0.5, 0.75, 1, 1],
                                                  "@order":2,
                                                  "@tessellation":0,
                                                  "@closed":false,
                                                  "@containerField":"children"
                                                }
                                              }
                                            ]
                                        }
                                      }
                                    ],
                                  "-trimmingContour":[
                                      { "Contour2D":
                                        {
                                          "@containerField":"trimmingContour",
                                          "-children":[
                                              { "ContourPolyline2D":
                                                {
                                                  "@controlPoint":[0.2, 0.2, 0.2, 0.6],
                                                  "@containerField":"children"
                                                }
                                              }
                                            ],
                                          "-children":[
                                              { "NurbsCurve2D":
                                                {
                                                  "@controlPoint":[0.2, 0.6, 0.4, 0.4, 0.6, 0.6],
                                                  "@knot":[2, 2, 2, 3, 3, 3],
                                                  "@order":3,
                                                  "@tessellation":0,
                                                  "@closed":false,
                                                  "@containerField":"children"
                                                }
                                              }
                                            ],
                                          "-children":[
                                              { "ContourPolyline2D":
                                                {
                                                  "@controlPoint":[0.6, 0.6, 0.6, 0.2, 0.2, 0.2],
                                                  "@containerField":"children"
                                                }
                                              }
                                            ]
                                        }
                                      }
                                    ],
                                  "-trimmingContour":[
                                      { "Contour2D":
                                        {
                                          "@containerField":"trimmingContour",
                                          "-children":[
                                              { "ContourPolyline2D":
                                                {
                                                  "@controlPoint":[0.75, 0.75, 0.85, 0.85, 0.95, 0.75, 0.75, 0.75],
                                                  "@containerField":"children"
                                                }
                                              }
                                            ]
                                        }
                                      }
                                    ]
                                }
                              }
                            ]
                        }
                      }
                    ]
                }
              }
            ]
          }
      ]
    }
  ]
 }
]
