[
 { "X3D":[
    {
      "@profile":"Immersive",
      "@version":3.2,
      "@xsd:noNamespaceSchemaLocation":"http://www.web3d.org/specifications/x3d-3.2.xsd",
      "head":[
          { "-childNodeFieldNameNotFound":[
              { "component":
                {
                  "@level":1,
                  "@name":"Shaders"
                }
              }
            ]
          },
          { "meta":
            {
              "@content":"SimpleShader.x3d",
              "@name":"title"
            }
          },
          { "meta":
            {
              "@content":"Simple shader example",
              "@name":"description"
            }
          },
          { "meta":
            {
              "@content":"John Stewart",
              "@name":"creator"
            }
          },
          { "meta":
            {
              "@content":"Don Brutzman and Jeff Malnick",
              "@name":"translator"
            }
          },
          { "meta":
            {
              "@content":"26 May 2009",
              "@name":"created"
            }
          },
          { "meta":
            {
              "@content":"15 October 2009",
              "@name":"translated"
            }
          },
          { "meta":
            {
              "@content":"1 February 2014",
              "@name":"modified"
            }
          },
          { "meta":
            {
              "@content":"http://www.opengl.org/wiki/Fragment_Shader",
              "@name":"reference"
            }
          },
          { "meta":
            {
              "@content":"http://www.opengl.org/wiki/http://www.opengl.org/wiki/Vertex_Shader",
              "@name":"reference"
            }
          },
          { "meta":
            {
              "@content":"http://www.web3d.org/x3d/wiki/index.php/X3D_Plugfest",
              "@name":"reference"
            }
          },
          { "meta":
            {
              "@content":"X3D shader example",
              "@name":"subject"
            }
          },
          { "meta":
            {
              "@content":"originals/simpleShader.x3dv",
              "@name":"reference"
            }
          },
          { "meta":
            {
              "@content":"ShaderTutorialInstantReality.pdf",
              "@name":"reference"
            }
          },
          { "meta":
            {
              "@content":"under development, need to fix contained CDATA content model in X3D DTD and X3D Schema",
              "@name":"warning"
            }
          },
          { "meta":
            {
              "@content":"http://www.web3d.org/x3d/content/examples/Basic/Shaders/SimpleShader.x3d",
              "@name":"identifier"
            }
          },
          { "meta":
            {
              "@content":"X3D-Edit 3.3, https://savage.nps.edu/X3D-Edit",
              "@name":"generator"
            }
          },
          { "meta":
            {
              "@content":"../../license.html",
              "@name":"license"
            }
          }
      ],
      "Scene":[
          { "ProtoDeclare":
            {
              "@name":"myP",
              "field:myInputRange":
              {
                "@accessType":"initializeOnly",
                "@name":"myInputRange",
                "@type":"SFVec3f",
                "@value":[0.95, 0.44, 0.22]
              },
              "-firstNodeType:children":[
                  { "ProtoBody":[[
                      { "-children":[
                          { "Transform":
                            {
                              "@DEF":"TR",
                              "@center":[0, 0, 0],
                              "@rotation":[0, 0, 1, 0],
                              "@scale":[1, 1, 1],
                              "@scaleOrientation":[0, 0, 1, 0],
                              "@translation":[0, 0, 0],
                              "@bboxCenter":[0, 0, 0],
                              "@bboxSize":[-1, -1, -1],
                              "@containerField":"children",
                              "-children":[
                                  { "Shape":
                                    {
                                      "@containerField":"children",
                                      "@bboxCenter":[0, 0, 0],
                                      "@bboxSize":[-1, -1, -1],
                                      "-geometry":[
                                          { "Sphere":
                                            {
                                              "@radius":1.75,
                                              "@solid":true,
                                              "@containerField":"geometry"
                                            }
                                          }
                                        ],
                                      "-appearance":[
                                          { "Appearance":
                                            {
                                              "@containerField":"appearance",
                                              "-shaders":[
                                                  { "ComposedShader":
                                                    {
                                                      "@containerField":"shaders",
                                                      "@language":"GLSL",
                                                      "field:decis":
                                                      {
                                                        "@accessType":"initializeOnly",
                                                        "@name":"decis",
                                                        "@type":"SFVec3f"
                                                      },
                                                      "IS":[
                                                          { "connect":
                                                            {
                                                              "@nodeField":"decis",
                                                              "@protoField":"myInputRange"
                                                            }
                                                          }
                                                      ],
                                                      "#comment":"the vertex shader is small enough we can uri it here, but the test zip file contains a \"toon.vs\" for those interested",
                                                      "-parts":[
                                                          { "ShaderPart":
                                                            {
                                                              "@url":["toon.vs", "http://www.web3d.org/x3d/content/examples/Basic/Shaders/toon.vs"],
                                                              "@containerField":"parts"
                                                            }
                                                          }
                                                        ],
                                                      "-parts":[
                                                          { "ShaderPart":
                                                            {
                                                              "@type":"FRAGMENT",
                                                              "@url":["toon.fs", "http://www.web3d.org/x3d/content/examples/Basic/Shaders/toon.fs"],
                                                              "@containerField":"parts"
                                                            }
                                                          }
                                                        ]
                                                    }
                                                  }
                                                ],
                                              "-material":[
                                                  { "Material":
                                                    {
                                                      "@diffuseColor":[0.5, 0.5, 0.9],
                                                      "@ambientIntensity":0.2,
                                                      "@emissiveColor":[0, 0, 0],
                                                      "@shininess":0.2,
                                                      "@specularColor":[0, 0, 0],
                                                      "@transparency":0,
                                                      "@containerField":"material"
                                                    }
                                                  }
                                                ]
                                            }
                                          }
                                        ]
                                    }
                                  }
                                ]
                            }
                          }
                        ]
                      }
                    ]]
                  }
                ]
            }
          },
          { "#comment":"TODO 4 proto invocations; pointing slightly down, and we'll rotate them later" }
      ]
    }
  ]
 }
]
