[
 { "X3D":[
    {
      "@profile":"Immersive",
      "@version":3.0,
      "@xsd:noNamespaceSchemaLocation":"http://www.web3d.org/specifications/x3d-3.0.xsd",
      "head":[
          { "meta":
            {
              "@content":"XvlShellAttributeNumberOfDivisions.x3d",
              "@name":"title"
            }
          },
          { "meta":
            {
              "@content":"Examples of XvlShell numberOfDivisions attribute values.",
              "@name":"description"
            }
          },
          { "meta":
            {
              "@content":"Marc Jablonski",
              "@name":"creator"
            }
          },
          { "meta":
            {
              "@content":"23 November 2001",
              "@name":"created"
            }
          },
          { "meta":
            {
              "@content":"26 January 2002",
              "@name":"modified"
            }
          },
          { "meta":
            {
              "@content":"readme.txt",
              "@name":"reference"
            }
          },
          { "meta":
            {
              "@content":"docs/LatticeXvl/LatticeXvlOverview.html",
              "@name":"reference"
            }
          },
          { "meta":
            {
              "@content":"http://www.web3d.org/x3d/content/examples/Basic/LatticeXvl/docs/LatticeXvl/LatticeXvlOverview.html",
              "@name":"reference"
            }
          },
          { "meta":
            {
              "@content":"http://www.xvl3d.com",
              "@name":"reference"
            }
          },
          { "meta":
            {
              "@content":"Lattice XVL parametric geometry X3D VRML",
              "@name":"subject"
            }
          },
          { "meta":
            {
              "@content":"http://www.web3d.org/x3d/content/examples/Basic/LatticeXvl/XvlShellAttributeNumberOfDivisions.x3d",
              "@name":"identifier"
            }
          },
          { "meta":
            {
              "@content":"X3D-Edit 3.3, https://savage.nps.edu/X3D-Edit",
              "@name":"generator"
            }
          },
          { "meta":
            {
              "@content":"../license.html",
              "@name":"license"
            }
          }
      ],
      "Scene":[
          { "-children":[
              { "Background":
                {
                  "@groundColor":[0, 0.1, 0.2],
                  "@skyColor":[0, 0.1, 0.2],
                  "@containerField":"children"
                }
              }
            ]
          },
          { "-children":[
              { "Transform":
                {
                  "@translation":[0, 1.5, 0],
                  "@center":[0, 0, 0],
                  "@rotation":[0, 0, 1, 0],
                  "@scale":[1, 1, 1],
                  "@scaleOrientation":[0, 0, 1, 0],
                  "@bboxCenter":[0, 0, 0],
                  "@bboxSize":[-1, -1, -1],
                  "@containerField":"children",
                  "-children":[
                      { "Shape":
                        {
                          "@containerField":"children",
                          "@bboxCenter":[0, 0, 0],
                          "@bboxSize":[-1, -1, -1],
                          "-appearance":[
                              { "Appearance":
                                {
                                  "@containerField":"appearance",
                                  "-material":[
                                      { "Material":
                                        {
                                          "@emissiveColor":[1, 1, 1],
                                          "@ambientIntensity":0.2,
                                          "@diffuseColor":[0.8, 0.8, 0.8],
                                          "@shininess":0.2,
                                          "@specularColor":[0, 0, 0],
                                          "@transparency":0,
                                          "@containerField":"material"
                                        }
                                      }
                                    ]
                                }
                              }
                            ],
                          "-geometry":[
                              { "Text":
                                {
                                  "@string":"XvlShell Number Of Divisions",
                                  "@maxExtent":0.0,
                                  "@solid":false,
                                  "@containerField":"geometry",
                                  "-fontStyle":[
                                      { "FontStyle":
                                        {
                                          "@justify":["MIDDLE", "MIDDLE"],
                                          "@family":["SERIF"],
                                          "@horizontal":true,
                                          "@leftToRight":true,
                                          "@size":1.0,
                                          "@spacing":1.0,
                                          "@style":"PLAIN",
                                          "@topToBottom":true,
                                          "@containerField":"fontStyle"
                                        }
                                      }
                                    ]
                                }
                              }
                            ]
                        }
                      }
                    ]
                }
              }
            ]
          },
          { "-children":[
              { "Transform":
                {
                  "@translation":[-3, -1, 0],
                  "@center":[0, 0, 0],
                  "@rotation":[0, 0, 1, 0],
                  "@scale":[1, 1, 1],
                  "@scaleOrientation":[0, 0, 1, 0],
                  "@bboxCenter":[0, 0, 0],
                  "@bboxSize":[-1, -1, -1],
                  "@containerField":"children",
                  "-children":[
                      { "Transform":
                        {
                          "@translation":[0, 1.5, 0],
                          "@center":[0, 0, 0],
                          "@rotation":[0, 0, 1, 0],
                          "@scale":[1, 1, 1],
                          "@scaleOrientation":[0, 0, 1, 0],
                          "@bboxCenter":[0, 0, 0],
                          "@bboxSize":[-1, -1, -1],
                          "@containerField":"children",
                          "-children":[
                              { "Shape":
                                {
                                  "@containerField":"children",
                                  "@bboxCenter":[0, 0, 0],
                                  "@bboxSize":[-1, -1, -1],
                                  "-appearance":[
                                      { "Appearance":
                                        {
                                          "@containerField":"appearance",
                                          "-material":[
                                              { "Material":
                                                {
                                                  "@emissiveColor":[1, 1, 1],
                                                  "@ambientIntensity":0.2,
                                                  "@diffuseColor":[0.8, 0.8, 0.8],
                                                  "@shininess":0.2,
                                                  "@specularColor":[0, 0, 0],
                                                  "@transparency":0,
                                                  "@containerField":"material"
                                                }
                                              }
                                            ]
                                        }
                                      }
                                    ],
                                  "-geometry":[
                                      { "Text":
                                        {
                                          "@maxExtent":2,
                                          "@string":"numberOfDivisions = 2",
                                          "@solid":false,
                                          "@containerField":"geometry",
                                          "-fontStyle":[
                                              { "FontStyle":
                                                {
                                                  "@justify":["MIDDLE", "MIDDLE"],
                                                  "@size":0.5,
                                                  "@family":["SERIF"],
                                                  "@horizontal":true,
                                                  "@leftToRight":true,
                                                  "@spacing":1.0,
                                                  "@style":"PLAIN",
                                                  "@topToBottom":true,
                                                  "@containerField":"fontStyle"
                                                }
                                              }
                                            ]
                                        }
                                      }
                                    ]
                                }
                              }
                            ]
                        }
                      }
                    ],
                  "-children":[
                      { "Shape":
                        {
                          "@containerField":"children",
                          "@bboxCenter":[0, 0, 0],
                          "@bboxSize":[-1, -1, -1],
                          "-appearance":[
                              { "Appearance":
                                {
                                  "@containerField":"appearance",
                                  "-material":[
                                      { "Material":
                                        {
                                          "@diffuseColor":[0.5, 1, 1],
                                          "@ambientIntensity":0.2,
                                          "@emissiveColor":[0, 0, 0],
                                          "@shininess":0.2,
                                          "@specularColor":[0, 0, 0],
                                          "@transparency":0,
                                          "@containerField":"material"
                                        }
                                      }
                                    ]
                                }
                              }
                            ],
                          "-geometry":[
                              { "XvlShell":
                                {
                                  "@faceCoordIndex":[3, 7, 6, 2, -1, 7, 3, 1, 5, -1, 6, 4, 0, 2, -1, 1, 3, 2, 0, -1, 5, 1, 0, 4, -1, 7, 5, 4, 6, -1],
                                  "@numberOfDivisions":2,
                                  "@shellType":"LATTICE_MESH",
                                  "@containerField":"geometry",
                                  "-coord":[
                                      { "Coordinate":
                                        {
                                          "@DEF":"MESH_COORD",
                                          "@point":[-1, -1, -1, -1, -1, 1, -1, 1, -1, -1, 1, 1, 1, -1, -1, 1, -1, 1, 1, 1, -1, 1, 1, 1],
                                          "@containerField":"coord"
                                        }
                                      }
                                    ]
                                }
                              }
                            ]
                        }
                      }
                    ],
                  "-children":[
                      { "Shape":
                        {
                          "@containerField":"children",
                          "@bboxCenter":[0, 0, 0],
                          "@bboxSize":[-1, -1, -1],
                          "-appearance":[
                              { "Appearance":
                                {
                                  "@containerField":"appearance",
                                  "-material":[
                                      { "Material":
                                        {
                                          "@emissiveColor":[1, 1, 1],
                                          "@ambientIntensity":0.2,
                                          "@diffuseColor":[0.8, 0.8, 0.8],
                                          "@shininess":0.2,
                                          "@specularColor":[0, 0, 0],
                                          "@transparency":0,
                                          "@containerField":"material"
                                        }
                                      }
                                    ]
                                }
                              }
                            ],
                          "-geometry":[
                              { "IndexedLineSet":
                                {
                                  "@coordIndex":[3, 7, 6, 2, -1, 7, 3, 1, 5, -1, 6, 4, 0, 2, -1, 1, 3, 2, 0, -1, 5, 1, 0, 4, -1, 7, 5, 4, 6, -1],
                                  "@colorPerVertex":true,
                                  "@containerField":"geometry",
                                  "-coord":[
                                      { "Coordinate":
                                        {
                                          "@USE":"MESH_COORD",
                                          "@containerField":"coord"
                                        }
                                      }
                                    ]
                                }
                              }
                            ]
                        }
                      }
                    ]
                }
              }
            ]
          },
          { "-children":[
              { "Transform":
                {
                  "@translation":[0, -1, 0],
                  "@center":[0, 0, 0],
                  "@rotation":[0, 0, 1, 0],
                  "@scale":[1, 1, 1],
                  "@scaleOrientation":[0, 0, 1, 0],
                  "@bboxCenter":[0, 0, 0],
                  "@bboxSize":[-1, -1, -1],
                  "@containerField":"children",
                  "-children":[
                      { "Transform":
                        {
                          "@translation":[0, 1.5, 0],
                          "@center":[0, 0, 0],
                          "@rotation":[0, 0, 1, 0],
                          "@scale":[1, 1, 1],
                          "@scaleOrientation":[0, 0, 1, 0],
                          "@bboxCenter":[0, 0, 0],
                          "@bboxSize":[-1, -1, -1],
                          "@containerField":"children",
                          "-children":[
                              { "Shape":
                                {
                                  "@containerField":"children",
                                  "@bboxCenter":[0, 0, 0],
                                  "@bboxSize":[-1, -1, -1],
                                  "-appearance":[
                                      { "Appearance":
                                        {
                                          "@containerField":"appearance",
                                          "-material":[
                                              { "Material":
                                                {
                                                  "@emissiveColor":[1, 1, 1],
                                                  "@ambientIntensity":0.2,
                                                  "@diffuseColor":[0.8, 0.8, 0.8],
                                                  "@shininess":0.2,
                                                  "@specularColor":[0, 0, 0],
                                                  "@transparency":0,
                                                  "@containerField":"material"
                                                }
                                              }
                                            ]
                                        }
                                      }
                                    ],
                                  "-geometry":[
                                      { "Text":
                                        {
                                          "@maxExtent":2,
                                          "@string":"numberOfDivisions = 4",
                                          "@solid":false,
                                          "@containerField":"geometry",
                                          "-fontStyle":[
                                              { "FontStyle":
                                                {
                                                  "@justify":["MIDDLE", "MIDDLE"],
                                                  "@size":0.5,
                                                  "@family":["SERIF"],
                                                  "@horizontal":true,
                                                  "@leftToRight":true,
                                                  "@spacing":1.0,
                                                  "@style":"PLAIN",
                                                  "@topToBottom":true,
                                                  "@containerField":"fontStyle"
                                                }
                                              }
                                            ]
                                        }
                                      }
                                    ]
                                }
                              }
                            ]
                        }
                      }
                    ],
                  "-children":[
                      { "Shape":
                        {
                          "@containerField":"children",
                          "@bboxCenter":[0, 0, 0],
                          "@bboxSize":[-1, -1, -1],
                          "-appearance":[
                              { "Appearance":
                                {
                                  "@containerField":"appearance",
                                  "-material":[
                                      { "Material":
                                        {
                                          "@diffuseColor":[0.5, 1, 1],
                                          "@ambientIntensity":0.2,
                                          "@emissiveColor":[0, 0, 0],
                                          "@shininess":0.2,
                                          "@specularColor":[0, 0, 0],
                                          "@transparency":0,
                                          "@containerField":"material"
                                        }
                                      }
                                    ]
                                }
                              }
                            ],
                          "-geometry":[
                              { "XvlShell":
                                {
                                  "@faceCoordIndex":[3, 7, 6, 2, -1, 7, 3, 1, 5, -1, 6, 4, 0, 2, -1, 1, 3, 2, 0, -1, 5, 1, 0, 4, -1, 7, 5, 4, 6, -1],
                                  "@numberOfDivisions":4,
                                  "@shellType":"LATTICE_MESH",
                                  "@containerField":"geometry",
                                  "-coord":[
                                      { "Coordinate":
                                        {
                                          "@USE":"MESH_COORD",
                                          "@containerField":"coord"
                                        }
                                      }
                                    ]
                                }
                              }
                            ]
                        }
                      }
                    ],
                  "-children":[
                      { "Shape":
                        {
                          "@containerField":"children",
                          "@bboxCenter":[0, 0, 0],
                          "@bboxSize":[-1, -1, -1],
                          "-appearance":[
                              { "Appearance":
                                {
                                  "@containerField":"appearance",
                                  "-material":[
                                      { "Material":
                                        {
                                          "@emissiveColor":[1, 1, 1],
                                          "@ambientIntensity":0.2,
                                          "@diffuseColor":[0.8, 0.8, 0.8],
                                          "@shininess":0.2,
                                          "@specularColor":[0, 0, 0],
                                          "@transparency":0,
                                          "@containerField":"material"
                                        }
                                      }
                                    ]
                                }
                              }
                            ],
                          "-geometry":[
                              { "IndexedLineSet":
                                {
                                  "@coordIndex":[3, 7, 6, 2, -1, 7, 3, 1, 5, -1, 6, 4, 0, 2, -1, 1, 3, 2, 0, -1, 5, 1, 0, 4, -1, 7, 5, 4, 6, -1],
                                  "@colorPerVertex":true,
                                  "@containerField":"geometry",
                                  "-coord":[
                                      { "Coordinate":
                                        {
                                          "@USE":"MESH_COORD",
                                          "@containerField":"coord"
                                        }
                                      }
                                    ]
                                }
                              }
                            ]
                        }
                      }
                    ]
                }
              }
            ]
          },
          { "-children":[
              { "Transform":
                {
                  "@translation":[3, -1, 0],
                  "@center":[0, 0, 0],
                  "@rotation":[0, 0, 1, 0],
                  "@scale":[1, 1, 1],
                  "@scaleOrientation":[0, 0, 1, 0],
                  "@bboxCenter":[0, 0, 0],
                  "@bboxSize":[-1, -1, -1],
                  "@containerField":"children",
                  "-children":[
                      { "Transform":
                        {
                          "@translation":[0, 1.5, 0],
                          "@center":[0, 0, 0],
                          "@rotation":[0, 0, 1, 0],
                          "@scale":[1, 1, 1],
                          "@scaleOrientation":[0, 0, 1, 0],
                          "@bboxCenter":[0, 0, 0],
                          "@bboxSize":[-1, -1, -1],
                          "@containerField":"children",
                          "-children":[
                              { "Shape":
                                {
                                  "@containerField":"children",
                                  "@bboxCenter":[0, 0, 0],
                                  "@bboxSize":[-1, -1, -1],
                                  "-appearance":[
                                      { "Appearance":
                                        {
                                          "@containerField":"appearance",
                                          "-material":[
                                              { "Material":
                                                {
                                                  "@emissiveColor":[1, 1, 1],
                                                  "@ambientIntensity":0.2,
                                                  "@diffuseColor":[0.8, 0.8, 0.8],
                                                  "@shininess":0.2,
                                                  "@specularColor":[0, 0, 0],
                                                  "@transparency":0,
                                                  "@containerField":"material"
                                                }
                                              }
                                            ]
                                        }
                                      }
                                    ],
                                  "-geometry":[
                                      { "Text":
                                        {
                                          "@maxExtent":2,
                                          "@string":"numberOfDivisions = 16",
                                          "@solid":false,
                                          "@containerField":"geometry",
                                          "-fontStyle":[
                                              { "FontStyle":
                                                {
                                                  "@justify":["MIDDLE", "MIDDLE"],
                                                  "@size":0.5,
                                                  "@family":["SERIF"],
                                                  "@horizontal":true,
                                                  "@leftToRight":true,
                                                  "@spacing":1.0,
                                                  "@style":"PLAIN",
                                                  "@topToBottom":true,
                                                  "@containerField":"fontStyle"
                                                }
                                              }
                                            ]
                                        }
                                      }
                                    ]
                                }
                              }
                            ]
                        }
                      }
                    ],
                  "-children":[
                      { "Shape":
                        {
                          "@containerField":"children",
                          "@bboxCenter":[0, 0, 0],
                          "@bboxSize":[-1, -1, -1],
                          "-appearance":[
                              { "Appearance":
                                {
                                  "@containerField":"appearance",
                                  "-material":[
                                      { "Material":
                                        {
                                          "@diffuseColor":[0.5, 1, 1],
                                          "@ambientIntensity":0.2,
                                          "@emissiveColor":[0, 0, 0],
                                          "@shininess":0.2,
                                          "@specularColor":[0, 0, 0],
                                          "@transparency":0,
                                          "@containerField":"material"
                                        }
                                      }
                                    ]
                                }
                              }
                            ],
                          "-geometry":[
                              { "XvlShell":
                                {
                                  "@faceCoordIndex":[3, 7, 6, 2, -1, 7, 3, 1, 5, -1, 6, 4, 0, 2, -1, 1, 3, 2, 0, -1, 5, 1, 0, 4, -1, 7, 5, 4, 6, -1],
                                  "@numberOfDivisions":16,
                                  "@shellType":"LATTICE_MESH",
                                  "@containerField":"geometry",
                                  "-coord":[
                                      { "Coordinate":
                                        {
                                          "@USE":"MESH_COORD",
                                          "@containerField":"coord"
                                        }
                                      }
                                    ]
                                }
                              }
                            ]
                        }
                      }
                    ],
                  "-children":[
                      { "Shape":
                        {
                          "@containerField":"children",
                          "@bboxCenter":[0, 0, 0],
                          "@bboxSize":[-1, -1, -1],
                          "-appearance":[
                              { "Appearance":
                                {
                                  "@containerField":"appearance",
                                  "-material":[
                                      { "Material":
                                        {
                                          "@emissiveColor":[1, 1, 1],
                                          "@ambientIntensity":0.2,
                                          "@diffuseColor":[0.8, 0.8, 0.8],
                                          "@shininess":0.2,
                                          "@specularColor":[0, 0, 0],
                                          "@transparency":0,
                                          "@containerField":"material"
                                        }
                                      }
                                    ]
                                }
                              }
                            ],
                          "-geometry":[
                              { "IndexedLineSet":
                                {
                                  "@coordIndex":[3, 7, 6, 2, -1, 7, 3, 1, 5, -1, 6, 4, 0, 2, -1, 1, 3, 2, 0, -1, 5, 1, 0, 4, -1, 7, 5, 4, 6, -1],
                                  "@colorPerVertex":true,
                                  "@containerField":"geometry",
                                  "-coord":[
                                      { "Coordinate":
                                        {
                                          "@USE":"MESH_COORD",
                                          "@containerField":"coord"
                                        }
                                      }
                                    ]
                                }
                              }
                            ]
                        }
                      }
                    ]
                }
              }
            ]
          }
      ]
    }
  ]
 }
]
