[
 { "X3D":[
    {
      "@profile":"Immersive",
      "@version":3.1,
      "@xsd:noNamespaceSchemaLocation":"http://www.web3d.org/specifications/x3d-3.1.xsd",
      "head":[
          { "meta":
            {
              "@content":"AddDynamicRoutesECMAScript.x3d",
              "@name":"title"
            }
          },
          { "meta":
            {
              "@content":"This example shows how to add dynamic ROUTE connections to a scene",
              "@name":"description"
            }
          },
          { "meta":
            {
              "@content":"X3D Specification",
              "@name":"creator"
            }
          },
          { "meta":
            {
              "@content":"23 February 2005",
              "@name":"translated"
            }
          },
          { "meta":
            {
              "@content":"15 March 2008",
              "@name":"modified"
            }
          },
          { "meta":
            {
              "@content":"X3D ECMAScript Script Authoring Interface (SAI)",
              "@name":"subject"
            }
          },
          { "meta":
            {
              "@content":"http://www.web3d.org/x3d/content/examples/Basic/ScriptConformance/AddDynamicRoutesECMAScript.x3d",
              "@name":"identifier"
            }
          },
          { "meta":
            {
              "@content":"http://www.web3d.org/x3d/specifications/ISO-IEC-19777-1-X3DLanguageBindings-ECMAScript/Part1/examples.html#AddDynamicRoutes",
              "@name":"reference"
            }
          },
          { "meta":
            {
              "@content":"Vrml97ToX3dNist, http://ovrt.nist.gov/v2_x3d.html",
              "@name":"generator"
            }
          },
          { "meta":
            {
              "@content":"X3D-Edit 3.3, https://savage.nps.edu/X3D-Edit",
              "@name":"generator"
            }
          },
          { "meta":
            {
              "@content":"../license.html",
              "@name":"license"
            }
          }
      ],
      "Scene":[
          { "-children":[
              { "Script":
                {
                  "@DEF":"SC",
                  "@directOutput":false,
                  "@mustEvaluate":false,
                  "@containerField":"children",
                  "field:touchTime":
                  {
                    "@accessType":"inputOnly",
                    "@name":"touchTime",
                    "@type":"SFTime"
                  }
                }
              }
            ]
          }
      ]
    }
  ]
 }
]
