[
 { "X3D":[
    {
      "@profile":"Immersive",
      "@version":3.1,
      "@xsd:noNamespaceSchemaLocation":"http://www.web3d.org/specifications/x3d-3.1.xsd",
      "head":[
          { "meta":
            {
              "@content":"CreateNodesJava.x3d",
              "@name":"title"
            }
          },
          { "meta":
            {
              "@content":"This example shows how to use createX3DFromString to create nodes",
              "@name":"description"
            }
          },
          { "meta":
            {
              "@content":"X3D Specification",
              "@name":"creator"
            }
          },
          { "meta":
            {
              "@content":"23 February 2005",
              "@name":"translated"
            }
          },
          { "meta":
            {
              "@content":"15 March 2008",
              "@name":"modified"
            }
          },
          { "meta":
            {
              "@content":"X3D Java Script Authoring Interface (SAI)",
              "@name":"subject"
            }
          },
          { "meta":
            {
              "@content":"http://www.web3d.org/x3d/content/examples/Basic/ScriptConformance/CreateNodesJava.x3d",
              "@name":"identifier"
            }
          },
          { "meta":
            {
              "@content":"http://www.web3d.org/x3d/specifications/ISO-IEC-19777-2-X3DLanguageBindings-Java/Part2/examples.html#CreateNodes",
              "@name":"reference"
            }
          },
          { "meta":
            {
              "@content":"Vrml97ToX3dNist, http://ovrt.nist.gov/v2_x3d.html",
              "@name":"generator"
            }
          },
          { "meta":
            {
              "@content":"X3D-Edit 3.3, https://savage.nps.edu/X3D-Edit",
              "@name":"generator"
            }
          },
          { "meta":
            {
              "@content":"../license.html",
              "@name":"license"
            }
          }
      ],
      "Scene":[
          { "-children":[
              { "Transform":
                {
                  "@DEF":"HOLDER",
                  "@translation":[-2.0, 0.0, 0.0],
                  "@center":[0, 0, 0],
                  "@rotation":[0, 0, 1, 0],
                  "@scale":[1, 1, 1],
                  "@scaleOrientation":[0, 0, 1, 0],
                  "@bboxCenter":[0, 0, 0],
                  "@bboxSize":[-1, -1, -1],
                  "@containerField":"children"
                }
              }
            ]
          },
          { "-children":[
              { "Script":
                {
                  "@DEF":"SC",
                  "@url":["SAIExample.class", "http://www.web3d.org/x3d/content/examples/Basic/ScriptConformance/SAIExample.class"],
                  "@directOutput":false,
                  "@mustEvaluate":false,
                  "@containerField":"children",
                  "field:children":
                  {
                    "@accessType":"outputOnly",
                    "@name":"children",
                    "@type":"MFNode"
                  }
                }
              }
            ]
          },
          { "ROUTE":
            {
              "@fromField":"children",
              "@fromNode":"SC",
              "@toField":"children",
              "@toNode":"HOLDER"
            }
          }
      ]
    }
  ]
 }
]
