[
 { "X3D":[
    {
      "@profile":"Immersive",
      "@version":3.2,
      "@xsd:noNamespaceSchemaLocation":"http://www.web3d.org/specifications/x3d-3.2.xsd",
      "head":[
          { "meta":
            {
              "@content":"DoorDesired.x3d",
              "@name":"title"
            }
          },
          { "meta":
            {
              "@content":"X3D Follower example",
              "@name":"description"
            }
          },
          { "meta":
            {
              "@content":"Herbert Stocker",
              "@name":"creator"
            }
          },
          { "meta":
            {
              "@content":"Don Brutzman",
              "@name":"translator"
            }
          },
          { "meta":
            {
              "@content":"18 April 2006",
              "@name":"created"
            }
          },
          { "meta":
            {
              "@content":"2 December 2011",
              "@name":"translated"
            }
          },
          { "meta":
            {
              "@content":"28 January 2014",
              "@name":"modified"
            }
          },
          { "meta":
            {
              "@content":"originals/door_desired.wrl",
              "@name":"reference"
            }
          },
          { "meta":
            {
              "@content":"Stocker_06_Followers.pdf",
              "@name":"reference"
            }
          },
          { "meta":
            {
              "@content":"http://www.hersto.com/Publications/Followers",
              "@name":"reference"
            }
          },
          { "meta":
            {
              "@content":"X3D version 3.2 or greater",
              "@name":"requires"
            }
          },
          { "meta":
            {
              "@content":"X3D Follower Chaser Damper",
              "@name":"subject"
            }
          },
          { "meta":
            {
              "@content":"under development, instantReality works but BS Contact fails silently",
              "@name":"warning"
            }
          },
          { "meta":
            {
              "@content":"http://www.web3d.org/x3d/specifications/ISO-IEC-19775-1.2-X3D-AbstractSpecification/Part01/components/followers.html",
              "@name":"reference"
            }
          },
          { "meta":
            {
              "@content":"http://www.web3d.org/x3d/content/examples/X3dSceneAuthoringHints.html",
              "@name":"reference"
            }
          },
          { "meta":
            {
              "@content":"http://www.web3d.org/x3d/content/examples/Basic/Followers/originals\DoorDesired.x3d",
              "@name":"identifier"
            }
          },
          { "meta":
            {
              "@content":"Vrml97ToX3dNist, http://ovrt.nist.gov/v2_x3d.html",
              "@name":"generator"
            }
          },
          { "meta":
            {
              "@content":"X3D-Edit 3.3, https://savage.nps.edu/X3D-Edit",
              "@name":"generator"
            }
          },
          { "meta":
            {
              "@content":"../../license.html",
              "@name":"license"
            }
          }
      ],
      "Scene":[
          { "-children":[
              { "Background":
                {
                  "@DEF":"Bgnd",
                  "@skyAngle":[1.1, 1.4, 1.57],
                  "@skyColor":[0.176, 0.314, 0.529, 0.176, 0.314, 0.529, 0.314, 0.549, 0.784, 0.706, 0.824, 0.922],
                  "@transparency":0,
                  "@containerField":"children"
                }
              }
            ]
          },
          { "-children":[
              { "Viewpoint":
                {
                  "@description":"initial View",
                  "@fieldOfView":0.844,
                  "@orientation":[-0.0040, 1.0, 0.0030, 0.439],
                  "@position":[3.163, 1.65, 5.877],
                  "@jump":true,
                  "@centerOfRotation":[0, 0, 0],
                  "@retainUserOffsets":false,
                  "@containerField":"children"
                }
              }
            ]
          },
          { "-children":[
              { "Viewpoint":
                {
                  "@description":"from the top",
                  "@fieldOfView":0.844,
                  "@orientation":[-0.979, -0.051, 0.198, 1.263],
                  "@position":[-1.216, 9.189, 2.77],
                  "@jump":true,
                  "@centerOfRotation":[0, 0, 0],
                  "@retainUserOffsets":false,
                  "@containerField":"children"
                }
              }
            ]
          },
          { "-children":[
              { "Shape":
                {
                  "@containerField":"children",
                  "@bboxCenter":[0, 0, 0],
                  "@bboxSize":[-1, -1, -1],
                  "-appearance":[
                      { "Appearance":
                        {
                          "@containerField":"appearance",
                          "-material":[
                              { "Material":
                                {
                                  "@diffuseColor":[0.0, 0.0, 0.0],
                                  "@emissiveColor":[0.318, 0.663, 0.0],
                                  "@ambientIntensity":0.2,
                                  "@shininess":0.2,
                                  "@specularColor":[0, 0, 0],
                                  "@transparency":0,
                                  "@containerField":"material"
                                }
                              }
                            ]
                        }
                      }
                    ],
                  "-geometry":[
                      { "Box":
                        {
                          "@size":[100.0, 0.1, 100.0],
                          "@solid":true,
                          "@containerField":"geometry"
                        }
                      }
                    ]
                }
              }
            ]
          },
          { "-children":[
              { "Group":
                {
                  "@bboxCenter":[0, 0, 0],
                  "@bboxSize":[-1, -1, -1],
                  "@containerField":"children",
                  "-children":[
                      { "TouchSensor":
                        {
                          "@DEF":"TchCyls",
                          "@description":"touch to activate",
                          "@enabled":true,
                          "@containerField":"children"
                        }
                      }
                    ],
                  "-children":[
                      { "Transform":
                        {
                          "@translation":[-1.25, 1.0, 0.0],
                          "@center":[0, 0, 0],
                          "@rotation":[0, 0, 1, 0],
                          "@scale":[1, 1, 1],
                          "@scaleOrientation":[0, 0, 1, 0],
                          "@bboxCenter":[0, 0, 0],
                          "@bboxSize":[-1, -1, -1],
                          "@containerField":"children",
                          "-children":[
                              { "Shape":
                                {
                                  "@DEF":"ShCyl",
                                  "@containerField":"children",
                                  "@bboxCenter":[0, 0, 0],
                                  "@bboxSize":[-1, -1, -1],
                                  "-appearance":[
                                      { "Appearance":
                                        {
                                          "@containerField":"appearance",
                                          "-material":[
                                              { "Material":
                                                {
                                                  "@ambientIntensity":0.00333,
                                                  "@diffuseColor":[0.52, 0.26, 0.0],
                                                  "@emissiveColor":[0.24, 0.0, 0.0],
                                                  "@shininess":0.12,
                                                  "@specularColor":[0.97, 0.98, 0.12],
                                                  "@transparency":0,
                                                  "@containerField":"material"
                                                }
                                              }
                                            ]
                                        }
                                      }
                                    ],
                                  "-geometry":[
                                      { "Cylinder":
                                        {
                                          "@radius":0.375,
                                          "@bottom":true,
                                          "@height":2,
                                          "@side":true,
                                          "@top":true,
                                          "@solid":true,
                                          "@containerField":"geometry"
                                        }
                                      }
                                    ]
                                }
                              }
                            ]
                        }
                      }
                    ],
                  "-children":[
                      { "Transform":
                        {
                          "@translation":[1.25, 1.0, 0.0],
                          "@center":[0, 0, 0],
                          "@rotation":[0, 0, 1, 0],
                          "@scale":[1, 1, 1],
                          "@scaleOrientation":[0, 0, 1, 0],
                          "@bboxCenter":[0, 0, 0],
                          "@bboxSize":[-1, -1, -1],
                          "@containerField":"children",
                          "-children":[
                              { "Shape":
                                {
                                  "@USE":"ShCyl",
                                  "@containerField":"children"
                                }
                              }
                            ]
                        }
                      }
                    ],
                  "-children":[
                      { "Transform":
                        {
                          "@translation":[-4.25, 1.0, 0.0],
                          "@center":[0, 0, 0],
                          "@rotation":[0, 0, 1, 0],
                          "@scale":[1, 1, 1],
                          "@scaleOrientation":[0, 0, 1, 0],
                          "@bboxCenter":[0, 0, 0],
                          "@bboxSize":[-1, -1, -1],
                          "@containerField":"children",
                          "-children":[
                              { "Shape":
                                {
                                  "@DEF":"ShWall",
                                  "@containerField":"children",
                                  "@bboxCenter":[0, 0, 0],
                                  "@bboxSize":[-1, -1, -1],
                                  "-appearance":[
                                      { "Appearance":
                                        {
                                          "@containerField":"appearance",
                                          "-material":[
                                              { "Material":
                                                {
                                                  "@ambientIntensity":0.00333,
                                                  "@diffuseColor":[0.425, 0.182, 0.0075],
                                                  "@emissiveColor":[0.425, 0.182, 0.0075],
                                                  "@shininess":0.12,
                                                  "@specularColor":[0, 0, 0],
                                                  "@transparency":0,
                                                  "@containerField":"material"
                                                }
                                              }
                                            ]
                                        }
                                      }
                                    ],
                                  "-geometry":[
                                      { "Box":
                                        {
                                          "@size":[6.0, 1.99, 0.1],
                                          "@solid":true,
                                          "@containerField":"geometry"
                                        }
                                      }
                                    ]
                                }
                              }
                            ]
                        }
                      }
                    ]
                }
              }
            ]
          },
          { "-children":[
              { "Transform":
                {
                  "@translation":[4.25, 1.0, 0.0],
                  "@center":[0, 0, 0],
                  "@rotation":[0, 0, 1, 0],
                  "@scale":[1, 1, 1],
                  "@scaleOrientation":[0, 0, 1, 0],
                  "@bboxCenter":[0, 0, 0],
                  "@bboxSize":[-1, -1, -1],
                  "@containerField":"children",
                  "-children":[
                      { "Shape":
                        {
                          "@USE":"ShWall",
                          "@containerField":"children"
                        }
                      }
                    ]
                }
              }
            ]
          },
          { "-children":[
              { "Transform":
                {
                  "@translation":[-1.25, 0.0, 0.0],
                  "@center":[0, 0, 0],
                  "@rotation":[0, 0, 1, 0],
                  "@scale":[1, 1, 1],
                  "@scaleOrientation":[0, 0, 1, 0],
                  "@bboxCenter":[0, 0, 0],
                  "@bboxSize":[-1, -1, -1],
                  "@containerField":"children",
                  "-children":[
                      { "TouchSensor":
                        {
                          "@DEF":"TchDoor",
                          "@description":"touch to activate",
                          "@enabled":true,
                          "@containerField":"children"
                        }
                      }
                    ],
                  "-children":[
                      { "Transform":
                        {
                          "@DEF":"TransDoor",
                          "@center":[0, 0, 0],
                          "@rotation":[0, 0, 1, 0],
                          "@scale":[1, 1, 1],
                          "@scaleOrientation":[0, 0, 1, 0],
                          "@translation":[0, 0, 0],
                          "@bboxCenter":[0, 0, 0],
                          "@bboxSize":[-1, -1, -1],
                          "@containerField":"children",
                          "-children":[
                              { "Transform":
                                {
                                  "@translation":[1.25, 1.0, 0.0],
                                  "@center":[0, 0, 0],
                                  "@rotation":[0, 0, 1, 0],
                                  "@scale":[1, 1, 1],
                                  "@scaleOrientation":[0, 0, 1, 0],
                                  "@bboxCenter":[0, 0, 0],
                                  "@bboxSize":[-1, -1, -1],
                                  "@containerField":"children",
                                  "-children":[
                                      { "Shape":
                                        {
                                          "@containerField":"children",
                                          "@bboxCenter":[0, 0, 0],
                                          "@bboxSize":[-1, -1, -1],
                                          "-appearance":[
                                              { "Appearance":
                                                {
                                                  "@containerField":"appearance",
                                                  "-material":[
                                                      { "Material":
                                                        {
                                                          "@diffuseColor":[0.024, 0.2, 0.334],
                                                          "@emissiveColor":[0.05, 0.4, 0.666],
                                                          "@ambientIntensity":0.2,
                                                          "@shininess":0.2,
                                                          "@specularColor":[0, 0, 0],
                                                          "@transparency":0,
                                                          "@containerField":"material"
                                                        }
                                                      }
                                                    ]
                                                }
                                              }
                                            ],
                                          "-geometry":[
                                              { "Box":
                                                {
                                                  "@size":[1.75, 2.0, 0.075],
                                                  "@solid":true,
                                                  "@containerField":"geometry"
                                                }
                                              }
                                            ]
                                        }
                                      }
                                    ]
                                }
                              }
                            ]
                        }
                      }
                    ]
                }
              }
            ]
          },
          { "-children":[
              { "ProtoInstance":
                {
                  "@DEF":"DmpODoor",
                  "@name":"OrientationChaser",
                  "@containerField":"children",
                  "fieldValue:duration":
                  {
                    "@name":"duration",
                    "@value":1.3
                  }
                }
              }
            ]
          },
          { "-children":[
              { "Script":
                {
                  "@DEF":"Worker",
                  "@directOutput":false,
                  "@mustEvaluate":false,
                  "@containerField":"children",
                  "field:cOriOpen":
                  {
                    "@accessType":"initializeOnly",
                    "@name":"cOriOpen",
                    "@type":"SFRotation",
                    "@value":[0.0, -1.0, 0.0, 2.5]
                  },
                  "field:touched":
                  {
                    "@accessType":"inputOnly",
                    "@name":"touched",
                    "@type":"SFTime"
                  },
                  "field:IsOpen":
                  {
                    "@accessType":"initializeOnly",
                    "@name":"IsOpen",
                    "@type":"SFBool",
                    "@value":false
                  },
                  "field:oriToGoTo":
                  {
                    "@accessType":"outputOnly",
                    "@name":"oriToGoTo",
                    "@type":"SFRotation"
                  },
                  "field:cOriClosed":
                  {
                    "@accessType":"initializeOnly",
                    "@name":"cOriClosed",
                    "@type":"SFRotation",
                    "@value":[0.0, 0.0, 1.0, 0.0]
                  }
                }
              }
            ]
          },
          { "ROUTE":
            {
              "@fromField":"touchTime",
              "@fromNode":"TchDoor",
              "@toField":"touched",
              "@toNode":"Worker"
            }
          },
          { "ROUTE":
            {
              "@fromField":"touchTime",
              "@fromNode":"TchCyls",
              "@toField":"touched",
              "@toNode":"Worker"
            }
          },
          { "ROUTE":
            {
              "@fromField":"oriToGoTo",
              "@fromNode":"Worker",
              "@toField":"set_destination",
              "@toNode":"DmpODoor"
            }
          },
          { "ROUTE":
            {
              "@fromField":"value_changed",
              "@fromNode":"DmpODoor",
              "@toField":"rotation",
              "@toNode":"TransDoor"
            }
          }
      ]
    }
  ]
 }
]
