[
 { "X3D":[
    {
      "@profile":"Immersive",
      "@version":3.2,
      "@xsd:noNamespaceSchemaLocation":"http://www.web3d.org/specifications/x3d-3.2.xsd",
      "head":[
          { "meta":
            {
              "@content":"Slider.x3d",
              "@name":"title"
            }
          },
          { "meta":
            {
              "@content":"X3D Follower example",
              "@name":"description"
            }
          },
          { "meta":
            {
              "@content":"Herbert Stocker",
              "@name":"creator"
            }
          },
          { "meta":
            {
              "@content":"Don Brutzman",
              "@name":"translator"
            }
          },
          { "meta":
            {
              "@content":"18 April 2006",
              "@name":"created"
            }
          },
          { "meta":
            {
              "@content":"2 December 2011",
              "@name":"translated"
            }
          },
          { "meta":
            {
              "@content":"28 January 2014",
              "@name":"modified"
            }
          },
          { "meta":
            {
              "@content":"originals/test_Sliders.wrl",
              "@name":"reference"
            }
          },
          { "meta":
            {
              "@content":"Stocker_06_Followers.pdf",
              "@name":"reference"
            }
          },
          { "meta":
            {
              "@content":"http://www.hersto.com/Publications/Followers",
              "@name":"reference"
            }
          },
          { "meta":
            {
              "@content":"X3D version 3.2 or greater",
              "@name":"requires"
            }
          },
          { "meta":
            {
              "@content":"X3D Follower Chaser Damper",
              "@name":"subject"
            }
          },
          { "meta":
            {
              "@content":"under development",
              "@name":"warning"
            }
          },
          { "meta":
            {
              "@content":"http://www.web3d.org/x3d/content/examples/X3dSceneAuthoringHints.html",
              "@name":"reference"
            }
          },
          { "meta":
            {
              "@content":"http://www.web3d.org/x3d/content/examples/Basic/Followers/Slider.x3d",
              "@name":"identifier"
            }
          },
          { "meta":
            {
              "@content":"Vrml97ToX3dNist, http://ovrt.nist.gov/v2_x3d.html",
              "@name":"generator"
            }
          },
          { "meta":
            {
              "@content":"X3D-Edit 3.3, https://savage.nps.edu/X3D-Edit",
              "@name":"generator"
            }
          },
          { "meta":
            {
              "@content":"../../license.html",
              "@name":"license"
            }
          }
      ],
      "Scene":[
          { "-children":[
              { "WorldInfo":
                {
                  "@info":[", The, original, versions, of, the, PROTO, Slider, was, written, by, me,, Herbert, Stocker., The, original, versions, and, some, test, and, demonstration, Worlds, can, be, found, at, http://www.hersto.de/, ., ", ", You, can, use, and, modify, the, PROTO, in, this, file, if, you, keep, the, credit, information, valid, and, if, you, do, not, remove, the, link, to, the, originating, site, http://www.hersto.de/, ., In, brief,, keep, this, WorldInfo, node, along, with, the, Proto., ", ", Please, send, a, message, to, hersto@hersto.de, where, you, describe, how, you, use, or, improved, the, nodes., Especially, if, you, included, the, improved, versions., "],
                  "@title":"Copyright (C) 2002 by Herbert Stocker (AKA hersto)",
                  "@containerField":"children"
                }
              }
            ]
          },
          { "ProtoDeclare":
            {
              "@name":"Slider",
              "field:initial_position":
              {
                "@accessType":"initializeOnly",
                "@name":"initial_position",
                "@type":"SFFloat",
                "@value":0.5
              },
              "field:credits":
              {
                "@accessType":"initializeOnly",
                "@name":"credits",
                "@type":"MFString",
                "@value":["Initial, idea, and, copyright, by, Herbert, Stocker, http://www.hersto.com/"]
              },
              "field:radiusKnob":
              {
                "@accessType":"inputOutput",
                "@name":"radiusKnob",
                "@type":"SFFloat",
                "@value":0.3
              },
              "field:radiusStick":
              {
                "@accessType":"inputOutput",
                "@name":"radiusStick",
                "@type":"SFFloat",
                "@value":0.2
              },
              "field:silently_set_unfiltered_position":
              {
                "@accessType":"inputOnly",
                "@name":"silently_set_unfiltered_position",
                "@type":"SFFloat"
              },
              "field:min":
              {
                "@accessType":"inputOutput",
                "@name":"min",
                "@type":"SFFloat",
                "@value":0.0
              },
              "field:position_changed":
              {
                "@accessType":"outputOnly",
                "@name":"position_changed",
                "@type":"SFFloat"
              },
              "field:appearance":
              {
                "@accessType":"inputOutput",
                "@name":"appearance",
                "@type":"SFNode",
                  "-appearance":[
                    {
                      "-appearance":[
                          { "Appearance":
                            {
                              "@containerField":"appearance",
                              "-material":[
                                  { "Material":
                                    {
                                      "@ambientIntensity":0.2,
                                      "@diffuseColor":[0.8, 0.8, 0.8],
                                      "@emissiveColor":[0, 0, 0],
                                      "@shininess":0.2,
                                      "@specularColor":[0, 0, 0],
                                      "@transparency":0,
                                      "@containerField":"material"
                                    }
                                  }
                                ]
                            }
                          }
                        ]
                    }
                  ]
              },
              "field:smoothMovements":
              {
                "@accessType":"inputOutput",
                "@name":"smoothMovements",
                "@type":"SFBool",
                "@value":true
              },
              "field:set_position":
              {
                "@accessType":"inputOnly",
                "@name":"set_position",
                "@type":"SFFloat"
              },
              "field:pageSize":
              {
                "@accessType":"inputOutput",
                "@name":"pageSize",
                "@type":"SFFloat",
                "@value":0.2
              },
              "field:max":
              {
                "@accessType":"inputOutput",
                "@name":"max",
                "@type":"SFFloat",
                "@value":1.0
              },
              "field:unfiltered_position_changed":
              {
                "@accessType":"outputOnly",
                "@name":"unfiltered_position_changed",
                "@type":"SFFloat"
              },
              "field:silently_set_position":
              {
                "@accessType":"inputOnly",
                "@name":"silently_set_position",
                "@type":"SFFloat"
              },
              "field:set_unfiltered_position":
              {
                "@accessType":"inputOnly",
                "@name":"set_unfiltered_position",
                "@type":"SFFloat"
              },
              "field:height":
              {
                "@accessType":"inputOutput",
                "@name":"height",
                "@type":"SFFloat",
                "@value":2.0
              },
              "field:positionInt_changed":
              {
                "@accessType":"outputOnly",
                "@name":"positionInt_changed",
                "@type":"SFInt32"
              },
              "-firstNodeType:children":[
                  { "ProtoBody":[[
                      { "-children":[
                          { "Billboard":
                            {
                              "@axisOfRotation":[0, 1, 0],
                              "@bboxCenter":[0, 0, 0],
                              "@bboxSize":[-1, -1, -1],
                              "@containerField":"children",
                              "-children":[
                                  { "Transform":
                                    {
                                      "@DEF":"TrStickAbove",
                                      "@center":[0, 0, 0],
                                      "@rotation":[0, 0, 1, 0],
                                      "@scale":[1, 1, 1],
                                      "@scaleOrientation":[0, 0, 1, 0],
                                      "@translation":[0, 0, 0],
                                      "@bboxCenter":[0, 0, 0],
                                      "@bboxSize":[-1, -1, -1],
                                      "@containerField":"children",
                                      "-children":[
                                          { "TouchSensor":
                                            {
                                              "@DEF":"TchPgUp",
                                              "@description":"touch to activate PgUp",
                                              "@enabled":true,
                                              "@containerField":"children"
                                            }
                                          }
                                        ],
                                      "-children":[
                                          { "Shape":
                                            {
                                              "@containerField":"children",
                                              "@bboxCenter":[0, 0, 0],
                                              "@bboxSize":[-1, -1, -1],
                                              "IS":[
                                                  { "connect":
                                                    {
                                                      "@nodeField":"appearance",
                                                      "@protoField":"appearance"
                                                    }
                                                  }
                                              ],
                                              "-geometry":[
                                                  { "Cylinder":
                                                    {
                                                      "@height":1.0,
                                                      "@bottom":true,
                                                      "@radius":1,
                                                      "@side":true,
                                                      "@top":true,
                                                      "@solid":true,
                                                      "@containerField":"geometry"
                                                    }
                                                  }
                                                ]
                                            }
                                          }
                                        ]
                                    }
                                  }
                                ],
                              "-children":[
                                  { "Transform":
                                    {
                                      "@DEF":"TrStickBelow",
                                      "@center":[0, 0, 0],
                                      "@rotation":[0, 0, 1, 0],
                                      "@scale":[1, 1, 1],
                                      "@scaleOrientation":[0, 0, 1, 0],
                                      "@translation":[0, 0, 0],
                                      "@bboxCenter":[0, 0, 0],
                                      "@bboxSize":[-1, -1, -1],
                                      "@containerField":"children",
                                      "-children":[
                                          { "TouchSensor":
                                            {
                                              "@DEF":"TchPgDown",
                                              "@description":"touch to activate PgDown",
                                              "@enabled":true,
                                              "@containerField":"children"
                                            }
                                          }
                                        ],
                                      "-children":[
                                          { "Shape":
                                            {
                                              "@containerField":"children",
                                              "@bboxCenter":[0, 0, 0],
                                              "@bboxSize":[-1, -1, -1],
                                              "IS":[
                                                  { "connect":
                                                    {
                                                      "@nodeField":"appearance",
                                                      "@protoField":"appearance"
                                                    }
                                                  }
                                              ],
                                              "-geometry":[
                                                  { "Cylinder":
                                                    {
                                                      "@height":1.0,
                                                      "@bottom":true,
                                                      "@radius":1,
                                                      "@side":true,
                                                      "@top":true,
                                                      "@solid":true,
                                                      "@containerField":"geometry"
                                                    }
                                                  }
                                                ]
                                            }
                                          }
                                        ]
                                    }
                                  }
                                ],
                              "-children":[
                                  { "Group":
                                    {
                                      "@bboxCenter":[0, 0, 0],
                                      "@bboxSize":[-1, -1, -1],
                                      "@containerField":"children",
                                      "-children":[
                                          { "PlaneSensor":
                                            {
                                              "@DEF":"SensKnob",
                                              "@autoOffset":false,
                                              "@description":"touch to activate",
                                              "@maxPosition":[0.0, -1.0],
                                              "@axisRotation":[0, 1, 0, 0],
                                              "@enabled":true,
                                              "@minPosition":[0, 0],
                                              "@offset":[0, 0, 0],
                                              "@containerField":"children"
                                            }
                                          }
                                        ],
                                      "-children":[
                                          { "Transform":
                                            {
                                              "@DEF":"TrKnob",
                                              "@center":[0, 0, 0],
                                              "@rotation":[0, 0, 1, 0],
                                              "@scale":[1, 1, 1],
                                              "@scaleOrientation":[0, 0, 1, 0],
                                              "@translation":[0, 0, 0],
                                              "@bboxCenter":[0, 0, 0],
                                              "@bboxSize":[-1, -1, -1],
                                              "@containerField":"children",
                                              "-children":[
                                                  { "Shape":
                                                    {
                                                      "@containerField":"children",
                                                      "@bboxCenter":[0, 0, 0],
                                                      "@bboxSize":[-1, -1, -1],
                                                      "IS":[
                                                          { "connect":
                                                            {
                                                              "@nodeField":"appearance",
                                                              "@protoField":"appearance"
                                                            }
                                                          }
                                                      ],
                                                      "-geometry":[
                                                          { "Cylinder":
                                                            {
                                                              "@height":1.0,
                                                              "@bottom":true,
                                                              "@radius":1,
                                                              "@side":true,
                                                              "@top":true,
                                                              "@solid":true,
                                                              "@containerField":"geometry"
                                                            }
                                                          }
                                                        ]
                                                    }
                                                  }
                                                ]
                                            }
                                          }
                                        ]
                                    }
                                  }
                                ]
                            }
                          }
                        ]
                      },
                      { "ProtoDeclare":
                        {
                          "@name":"EFFS",
                          "field:height":
                          {
                            "@accessType":"inputOutput",
                            "@name":"height",
                            "@type":"SFFloat",
                            "@value":2.0
                          },
                          "field:max":
                          {
                            "@accessType":"inputOutput",
                            "@name":"max",
                            "@type":"SFFloat",
                            "@value":1.0
                          },
                          "field:radiusKnob":
                          {
                            "@accessType":"inputOutput",
                            "@name":"radiusKnob",
                            "@type":"SFFloat",
                            "@value":0.5
                          },
                          "field:pageSize":
                          {
                            "@accessType":"inputOutput",
                            "@name":"pageSize",
                            "@type":"SFFloat",
                            "@value":0.2
                          },
                          "field:smoothMovements":
                          {
                            "@accessType":"inputOutput",
                            "@name":"smoothMovements",
                            "@type":"SFBool",
                            "@value":true
                          },
                          "field:radiusStick":
                          {
                            "@accessType":"inputOutput",
                            "@name":"radiusStick",
                            "@type":"SFFloat",
                            "@value":0.25
                          },
                          "field:min":
                          {
                            "@accessType":"inputOutput",
                            "@name":"min",
                            "@type":"SFFloat",
                            "@value":0.0
                          },
                          "-firstNodeType:children":[
                              { "ProtoBody":[[
                                  { "-children":[
                                      { "Group":
                                        {
                                          "@bboxCenter":[0, 0, 0],
                                          "@bboxSize":[-1, -1, -1],
                                          "@containerField":"children"
                                        }
                                      }
                                    ]
                                  }
                                ]]
                              }
                            ]
                        }
                      },
                      { "-children":[
                          { "ProtoInstance":
                            {
                              "@DEF":"EFFS",
                              "@name":"EFFS",
                              "@containerField":"children",
                              "fieldValue:max":
                              {
                                "@name":"max",
                                "@value":1.0
                              },
                              "fieldValue:height":
                              {
                                "@name":"height",
                                "@value":2.0
                              },
                              "fieldValue:pageSize":
                              {
                                "@name":"pageSize",
                                "@value":0.2
                              },
                              "fieldValue:radiusKnob":
                              {
                                "@name":"radiusKnob",
                                "@value":0.5
                              },
                              "fieldValue:smoothMovements":
                              {
                                "@name":"smoothMovements",
                                "@value":true
                              },
                              "fieldValue:radiusStick":
                              {
                                "@name":"radiusStick",
                                "@value":0.25
                              },
                              "fieldValue:min":
                              {
                                "@name":"min",
                                "@value":0.0
                              }
                            }
                          }
                        ]
                      },
                      { "-children":[
                          { "TimeSensor":
                            {
                              "@DEF":"Timer",
                              "@loop":true,
                              "@cycleInterval":1.0,
                              "@enabled":true,
                              "@startTime":0,
                              "@stopTime":0,
                              "@pauseTime":0,
                              "@resumeTime":0,
                              "@containerField":"children"
                            }
                          }
                        ]
                      },
                      { "-children":[
                          { "Script":
                            {
                              "@DEF":"Worker",
                              "@directOutput":true,
                              "@mustEvaluate":false,
                              "@containerField":"children",
                              "field:height":
                              {
                                "@accessType":"initializeOnly",
                                "@name":"height",
                                "@type":"SFFloat",
                                "@value":2.0
                              },
                              "field:set_max":
                              {
                                "@accessType":"inputOnly",
                                "@name":"set_max",
                                "@type":"SFFloat"
                              },
                              "field:silent":
                              {
                                "@accessType":"initializeOnly",
                                "@name":"silent",
                                "@type":"SFBool",
                                "@value":false
                              },
                              "field:lastTick":
                              {
                                "@accessType":"initializeOnly",
                                "@name":"lastTick",
                                "@type":"SFTime",
                                "@value":0.0
                              },
                              "field:set_pageSize":
                              {
                                "@accessType":"inputOnly",
                                "@name":"set_pageSize",
                                "@type":"SFFloat"
                              },
                              "field:decPage":
                              {
                                "@accessType":"inputOnly",
                                "@name":"decPage",
                                "@type":"SFTime"
                              },
                              "field:set_radiusStick":
                              {
                                "@accessType":"inputOnly",
                                "@name":"set_radiusStick",
                                "@type":"SFFloat"
                              },
                              "field:set_height":
                              {
                                "@accessType":"inputOnly",
                                "@name":"set_height",
                                "@type":"SFFloat"
                              },
                              "field:position_changed":
                              {
                                "@accessType":"outputOnly",
                                "@name":"position_changed",
                                "@type":"SFFloat"
                              },
                              "field:Timer":
                              {
                                "@accessType":"initializeOnly",
                                "@name":"Timer",
                                "@type":"SFNode",
                                  "-Timer":[
                                    {
                                      "-children":[
                                          { "TimeSensor":
                                            {
                                              "@USE":"Timer",
                                              "@containerField":"children"
                                            }
                                          }
                                        ]
                                    }
                                  ]
                              },
                              "field:set_position":
                              {
                                "@accessType":"inputOnly",
                                "@name":"set_position",
                                "@type":"SFFloat"
                              },
                              "field:snapTime":
                              {
                                "@accessType":"initializeOnly",
                                "@name":"snapTime",
                                "@type":"SFTime",
                                "@value":0.0
                              },
                              "field:TrStickAbove":
                              {
                                "@accessType":"initializeOnly",
                                "@name":"TrStickAbove",
                                "@type":"SFNode",
                                  "-TrStickAbove":[
                                    {
                                      "-children":[
                                          { "Transform":
                                            {
                                              "@USE":"TrStickAbove",
                                              "@containerField":"children"
                                            }
                                          }
                                        ]
                                    }
                                  ]
                              },
                              "field:set_radiusKnob":
                              {
                                "@accessType":"inputOnly",
                                "@name":"set_radiusKnob",
                                "@type":"SFFloat"
                              },
                              "field:smoothMovements":
                              {
                                "@accessType":"initializeOnly",
                                "@name":"smoothMovements",
                                "@type":"SFBool",
                                "@value":true
                              },
                              "field:max":
                              {
                                "@accessType":"initializeOnly",
                                "@name":"max",
                                "@type":"SFFloat",
                                "@value":1.0
                              },
                              "field:initialUpdate":
                              {
                                "@accessType":"initializeOnly",
                                "@name":"initialUpdate",
                                "@type":"SFBool",
                                "@value":true
                              },
                              "field:EFFS":
                              {
                                "@accessType":"initializeOnly",
                                "@name":"EFFS",
                                "@type":"SFNode",
                                  "-EFFS":[
                                    {
                                      "-children":[
                                          { "ProtoInstance":
                                            {
                                              "@USE":"EFFS",
                                              "@containerField":"children"
                                            }
                                          }
                                        ]
                                    }
                                  ]
                              },
                              "field:SensKnobOrigin":
                              {
                                "@accessType":"initializeOnly",
                                "@name":"SensKnobOrigin",
                                "@type":"SFFloat",
                                "@value":0.0
                              },
                              "field:pageSize":
                              {
                                "@accessType":"initializeOnly",
                                "@name":"pageSize",
                                "@type":"SFFloat",
                                "@value":0.2
                              },
                              "field:positionInt_changed":
                              {
                                "@accessType":"outputOnly",
                                "@name":"positionInt_changed",
                                "@type":"SFInt32"
                              },
                              "field:SmoothTau3":
                              {
                                "@accessType":"initializeOnly",
                                "@name":"SmoothTau3",
                                "@type":"SFFloat",
                                "@value":0.05
                              },
                              "field:SmoothTau2":
                              {
                                "@accessType":"initializeOnly",
                                "@name":"SmoothTau2",
                                "@type":"SFFloat",
                                "@value":0.05
                              },
                              "field:SmoothTau1":
                              {
                                "@accessType":"initializeOnly",
                                "@name":"SmoothTau1",
                                "@type":"SFFloat",
                                "@value":0.05
                              },
                              "field:set_min":
                              {
                                "@accessType":"inputOnly",
                                "@name":"set_min",
                                "@type":"SFFloat"
                              },
                              "field:SensKnob_isActive":
                              {
                                "@accessType":"inputOnly",
                                "@name":"SensKnob_isActive",
                                "@type":"SFBool"
                              },
                              "field:KnobSize":
                              {
                                "@accessType":"initializeOnly",
                                "@name":"KnobSize",
                                "@type":"SFFloat",
                                "@value":0.0
                              },
                              "field:silently_set_position":
                              {
                                "@accessType":"inputOnly",
                                "@name":"silently_set_position",
                                "@type":"SFFloat"
                              },
                              "field:initialUnfilteredUpdate":
                              {
                                "@accessType":"initializeOnly",
                                "@name":"initialUnfilteredUpdate",
                                "@type":"SFBool",
                                "@value":true
                              },
                              "field:positionSmo3":
                              {
                                "@accessType":"initializeOnly",
                                "@name":"positionSmo3",
                                "@type":"SFFloat",
                                "@value":0.0
                              },
                              "field:snapToInt":
                              {
                                "@accessType":"initializeOnly",
                                "@name":"snapToInt",
                                "@type":"SFBool",
                                "@value":false
                              },
                              "field:positionSmo2":
                              {
                                "@accessType":"initializeOnly",
                                "@name":"positionSmo2",
                                "@type":"SFFloat",
                                "@value":0.0
                              },
                              "field:set_unfiltered_position":
                              {
                                "@accessType":"inputOnly",
                                "@name":"set_unfiltered_position",
                                "@type":"SFFloat"
                              },
                              "field:positionSmo1":
                              {
                                "@accessType":"initializeOnly",
                                "@name":"positionSmo1",
                                "@type":"SFFloat",
                                "@value":0.0
                              },
                              "field:silently_set_unfiltered_position":
                              {
                                "@accessType":"inputOnly",
                                "@name":"silently_set_unfiltered_position",
                                "@type":"SFFloat"
                              },
                              "field:radiusStick":
                              {
                                "@accessType":"initializeOnly",
                                "@name":"radiusStick",
                                "@type":"SFFloat",
                                "@value":0.25
                              },
                              "field:KnobCenterPos":
                              {
                                "@accessType":"initializeOnly",
                                "@name":"KnobCenterPos",
                                "@type":"SFFloat",
                                "@value":0.0
                              },
                              "field:position":
                              {
                                "@accessType":"initializeOnly",
                                "@name":"position",
                                "@type":"SFFloat"
                              },
                              "field:SensKnob_translationChanged":
                              {
                                "@accessType":"inputOnly",
                                "@name":"SensKnob_translationChanged",
                                "@type":"SFVec3f"
                              },
                              "field:radiusKnob":
                              {
                                "@accessType":"initializeOnly",
                                "@name":"radiusKnob",
                                "@type":"SFFloat",
                                "@value":0.5
                              },
                              "field:TrStickBelow":
                              {
                                "@accessType":"initializeOnly",
                                "@name":"TrStickBelow",
                                "@type":"SFNode",
                                  "-TrStickBelow":[
                                    {
                                      "-children":[
                                          { "Transform":
                                            {
                                              "@USE":"TrStickBelow",
                                              "@containerField":"children"
                                            }
                                          }
                                        ]
                                    }
                                  ]
                              },
                              "field:TchPgUp":
                              {
                                "@accessType":"initializeOnly",
                                "@name":"TchPgUp",
                                "@type":"SFNode",
                                  "-TchPgUp":[
                                    {
                                      "-children":[
                                          { "TouchSensor":
                                            {
                                              "@USE":"TchPgUp",
                                              "@containerField":"children"
                                            }
                                          }
                                        ]
                                    }
                                  ]
                              },
                              "field:incPage":
                              {
                                "@accessType":"inputOnly",
                                "@name":"incPage",
                                "@type":"SFTime"
                              },
                              "field:unfiltered_position_changed":
                              {
                                "@accessType":"outputOnly",
                                "@name":"unfiltered_position_changed",
                                "@type":"SFFloat"
                              },
                              "field:Tick":
                              {
                                "@accessType":"inputOnly",
                                "@name":"Tick",
                                "@type":"SFTime"
                              },
                              "field:set_smooothMovements":
                              {
                                "@accessType":"inputOnly",
                                "@name":"set_smooothMovements",
                                "@type":"SFBool"
                              },
                              "field:min":
                              {
                                "@accessType":"initializeOnly",
                                "@name":"min",
                                "@type":"SFFloat",
                                "@value":0.0
                              },
                              "field:TchPgDown":
                              {
                                "@accessType":"initializeOnly",
                                "@name":"TchPgDown",
                                "@type":"SFNode",
                                  "-TchPgDown":[
                                    {
                                      "-children":[
                                          { "TouchSensor":
                                            {
                                              "@USE":"TchPgDown",
                                              "@containerField":"children"
                                            }
                                          }
                                        ]
                                    }
                                  ]
                              },
                              "field:TrKnob":
                              {
                                "@accessType":"initializeOnly",
                                "@name":"TrKnob",
                                "@type":"SFNode",
                                  "-TrKnob":[
                                    {
                                      "-children":[
                                          { "Transform":
                                            {
                                              "@USE":"TrKnob",
                                              "@containerField":"children"
                                            }
                                          }
                                        ]
                                    }
                                  ]
                              },
                              "IS":[
                                  { "connect":
                                    {
                                      "@nodeField":"position_changed",
                                      "@protoField":"position_changed"
                                    }
                                  },
                                  { "connect":
                                    {
                                      "@nodeField":"set_position",
                                      "@protoField":"set_position"
                                    }
                                  },
                                  { "connect":
                                    {
                                      "@nodeField":"positionInt_changed",
                                      "@protoField":"positionInt_changed"
                                    }
                                  },
                                  { "connect":
                                    {
                                      "@nodeField":"silently_set_position",
                                      "@protoField":"silently_set_position"
                                    }
                                  },
                                  { "connect":
                                    {
                                      "@nodeField":"set_unfiltered_position",
                                      "@protoField":"set_unfiltered_position"
                                    }
                                  },
                                  { "connect":
                                    {
                                      "@nodeField":"silently_set_unfiltered_position",
                                      "@protoField":"silently_set_unfiltered_position"
                                    }
                                  },
                                  { "connect":
                                    {
                                      "@nodeField":"position",
                                      "@protoField":"initial_position"
                                    }
                                  },
                                  { "connect":
                                    {
                                      "@nodeField":"unfiltered_position_changed",
                                      "@protoField":"unfiltered_position_changed"
                                    }
                                  }
                              ]
                            }
                          }
                        ]
                      }
                    ]]
                  }
                ]
            }
          },
          { "#comment":"TODO anchor link" }
      ]
    }
  ]
 }
]
