[
 { "X3D":[
    {
      "@profile":"Immersive",
      "@version":3.2,
      "@xsd:noNamespaceSchemaLocation":"http://www.web3d.org/specifications/x3d-3.2.xsd",
      "head":[
          { "meta":
            {
              "@content":"TestPositionFollower.x3d",
              "@name":"title"
            }
          },
          { "meta":
            {
              "@content":"X3D Follower example",
              "@name":"description"
            }
          },
          { "meta":
            {
              "@content":"Herbert Stocker",
              "@name":"creator"
            }
          },
          { "meta":
            {
              "@content":"Don Brutzman",
              "@name":"translator"
            }
          },
          { "meta":
            {
              "@content":"18 April 2006",
              "@name":"created"
            }
          },
          { "meta":
            {
              "@content":"2 December 2011",
              "@name":"translated"
            }
          },
          { "meta":
            {
              "@content":"28 January 2014",
              "@name":"modified"
            }
          },
          { "meta":
            {
              "@content":"originals/test_PosFollower.wrl",
              "@name":"reference"
            }
          },
          { "meta":
            {
              "@content":"Stocker_06_Followers.pdf",
              "@name":"reference"
            }
          },
          { "meta":
            {
              "@content":"http://www.hersto.com/Publications/Followers",
              "@name":"reference"
            }
          },
          { "meta":
            {
              "@content":"X3D version 3.2 or greater",
              "@name":"requires"
            }
          },
          { "meta":
            {
              "@content":"X3D Follower Chaser Damper",
              "@name":"subject"
            }
          },
          { "meta":
            {
              "@content":"under development, instantReality works but BS Contact fails silently",
              "@name":"warning"
            }
          },
          { "meta":
            {
              "@content":"http://www.web3d.org/x3d/specifications/ISO-IEC-19775-1.2-X3D-AbstractSpecification/Part01/components/followers.html",
              "@name":"reference"
            }
          },
          { "meta":
            {
              "@content":"http://www.web3d.org/x3d/content/examples/X3dSceneAuthoringHints.html",
              "@name":"reference"
            }
          },
          { "meta":
            {
              "@content":"http://www.web3d.org/x3d/content/examples/Basic/Followers/TestPositionFollower.x3d",
              "@name":"identifier"
            }
          },
          { "meta":
            {
              "@content":"Vrml97ToX3dNist, http://ovrt.nist.gov/v2_x3d.html",
              "@name":"generator"
            }
          },
          { "meta":
            {
              "@content":"X3D-Edit 3.3, https://savage.nps.edu/X3D-Edit",
              "@name":"generator"
            }
          },
          { "meta":
            {
              "@content":"../../license.html",
              "@name":"license"
            }
          }
      ],
      "Scene":[
          { "-children":[
              { "Viewpoint":
                {
                  "@description":"TestPositionFollower",
                  "@fieldOfView":0.716,
                  "@position":[0.0, 0.0, 15.0],
                  "@jump":true,
                  "@orientation":[0, 0, 1, 0],
                  "@centerOfRotation":[0, 0, 0],
                  "@retainUserOffsets":false,
                  "@containerField":"children"
                }
              }
            ]
          },
          { "-children":[
              { "NavigationInfo":
                {
                  "@type":["NONE"],
                  "@avatarSize":[0.25, 1.6, 0.75],
                  "@headlight":true,
                  "@speed":1,
                  "@transitionType":["LINEAR"],
                  "@transitionTime":1.0,
                  "@visibilityLimit":0,
                  "@containerField":"children"
                }
              }
            ]
          },
          { "-children":[
              { "Group":
                {
                  "@bboxCenter":[0, 0, 0],
                  "@bboxSize":[-1, -1, -1],
                  "@containerField":"children",
                  "-children":[
                      { "PlaneSensor":
                        {
                          "@DEF":"PlaneSensorPosition",
                          "@description":"touch to activate",
                          "@autoOffset":true,
                          "@axisRotation":[0, 1, 0, 0],
                          "@enabled":true,
                          "@maxPosition":[-1, -1],
                          "@minPosition":[0, 0],
                          "@offset":[0, 0, 0],
                          "@containerField":"children"
                        }
                      }
                    ],
                  "-children":[
                      { "Transform":
                        {
                          "@translation":[0.0, 0.0, -0.05],
                          "@center":[0, 0, 0],
                          "@rotation":[0, 0, 1, 0],
                          "@scale":[1, 1, 1],
                          "@scaleOrientation":[0, 0, 1, 0],
                          "@bboxCenter":[0, 0, 0],
                          "@bboxSize":[-1, -1, -1],
                          "@containerField":"children",
                          "-children":[
                              { "Shape":
                                {
                                  "@containerField":"children",
                                  "@bboxCenter":[0, 0, 0],
                                  "@bboxSize":[-1, -1, -1],
                                  "-appearance":[
                                      { "Appearance":
                                        {
                                          "@containerField":"appearance",
                                          "-material":[
                                              { "Material":
                                                {
                                                  "@ambientIntensity":0.0333,
                                                  "@diffuseColor":[0.0, 0.0, 0.0],
                                                  "@emissiveColor":[0.177, 0.19, 0.208],
                                                  "@shininess":0.54,
                                                  "@specularColor":[0, 0, 0],
                                                  "@transparency":0,
                                                  "@containerField":"material"
                                                }
                                              }
                                            ]
                                        }
                                      }
                                    ],
                                  "-geometry":[
                                      { "Box":
                                        {
                                          "@size":[10.0, 10.0, 0.1],
                                          "@solid":true,
                                          "@containerField":"geometry"
                                        }
                                      }
                                    ]
                                }
                              }
                            ]
                        }
                      }
                    ]
                }
              }
            ]
          },
          { "-children":[
              { "Transform":
                {
                  "@DEF":"TrObjectDirect",
                  "@scale":[0.8, 0.8, 0.8],
                  "@center":[0, 0, 0],
                  "@rotation":[0, 0, 1, 0],
                  "@scaleOrientation":[0, 0, 1, 0],
                  "@translation":[0, 0, 0],
                  "@bboxCenter":[0, 0, 0],
                  "@bboxSize":[-1, -1, -1],
                  "@containerField":"children",
                  "-children":[
                      { "Shape":
                        {
                          "@containerField":"children",
                          "@bboxCenter":[0, 0, 0],
                          "@bboxSize":[-1, -1, -1],
                          "-appearance":[
                              { "Appearance":
                                {
                                  "@containerField":"appearance",
                                  "-material":[
                                      { "Material":
                                        {
                                          "@ambientIntensity":0.0333,
                                          "@diffuseColor":[0.02, 0.24, 0.53],
                                          "@emissiveColor":[0.01, 0.12, 0.27],
                                          "@shininess":0.54,
                                          "@specularColor":[0.32, 0.4, 0.4],
                                          "@transparency":0,
                                          "@containerField":"material"
                                        }
                                      }
                                    ]
                                }
                              }
                            ],
                          "-geometry":[
                              { "Sphere":
                                {
                                  "@DEF":"GeomObject",
                                  "@radius":0.3,
                                  "@solid":true,
                                  "@containerField":"geometry"
                                }
                              }
                            ]
                        }
                      }
                    ]
                }
              }
            ]
          },
          { "ROUTE":
            {
              "@fromField":"trackPoint_changed",
              "@fromNode":"PlaneSensorPosition",
              "@toField":"translation",
              "@toNode":"TrObjectDirect"
            }
          },
          { "-children":[
              { "Switch":
                {
                  "@DEF":"SwObjectDampered",
                  "@whichChoice":0,
                  "@containerField":"children",
                  "@bboxCenter":[0, 0, 0],
                  "@bboxSize":[-1, -1, -1],
                  "-children":[
                      { "Transform":
                        {
                          "@DEF":"TrObjectDampered",
                          "@center":[0, 0, 0],
                          "@rotation":[0, 0, 1, 0],
                          "@scale":[1, 1, 1],
                          "@scaleOrientation":[0, 0, 1, 0],
                          "@translation":[0, 0, 0],
                          "@bboxCenter":[0, 0, 0],
                          "@bboxSize":[-1, -1, -1],
                          "@containerField":"children",
                          "-children":[
                              { "Shape":
                                {
                                  "@containerField":"children",
                                  "@bboxCenter":[0, 0, 0],
                                  "@bboxSize":[-1, -1, -1],
                                  "-appearance":[
                                      { "Appearance":
                                        {
                                          "@DEF":"AppObjectDampered",
                                          "@containerField":"appearance",
                                          "-material":[
                                              { "Material":
                                                {
                                                  "@ambientIntensity":0.0333,
                                                  "@diffuseColor":[0.53, 0.02, 0.24],
                                                  "@emissiveColor":[0.27, 0.01, 0.12],
                                                  "@shininess":0.54,
                                                  "@specularColor":[0.4, 0.32, 0.4],
                                                  "@transparency":0,
                                                  "@containerField":"material"
                                                }
                                              }
                                            ]
                                        }
                                      }
                                    ],
                                  "-geometry":[
                                      { "Sphere":
                                        {
                                          "@USE":"GeomObject",
                                          "@containerField":"geometry"
                                        }
                                      }
                                    ]
                                }
                              }
                            ]
                        }
                      }
                    ]
                }
              }
            ]
          },
          { "-children":[
              { "PositionDamper":
                {
                  "@DEF":"PositionDamperNode",
                  "@order":3,
                  "@tau":0.3,
                  "@tolerance":-1,
                  "@initialDestination":[0, 0, 0],
                  "@initialValue":[0, 0, 0],
                  "@containerField":"children"
                }
              }
            ]
          },
          { "ROUTE":
            {
              "@fromField":"trackPoint_changed",
              "@fromNode":"PlaneSensorPosition",
              "@toField":"set_destination",
              "@toNode":"PositionDamperNode"
            }
          },
          { "ROUTE":
            {
              "@fromField":"value_changed",
              "@fromNode":"PositionDamperNode",
              "@toField":"translation",
              "@toNode":"TrObjectDampered"
            }
          },
          { "-children":[
              { "Switch":
                {
                  "@DEF":"SwObjectFollowed",
                  "@whichChoice":0,
                  "@containerField":"children",
                  "@bboxCenter":[0, 0, 0],
                  "@bboxSize":[-1, -1, -1],
                  "-children":[
                      { "Transform":
                        {
                          "@DEF":"TrObjectFollowed",
                          "@center":[0, 0, 0],
                          "@rotation":[0, 0, 1, 0],
                          "@scale":[1, 1, 1],
                          "@scaleOrientation":[0, 0, 1, 0],
                          "@translation":[0, 0, 0],
                          "@bboxCenter":[0, 0, 0],
                          "@bboxSize":[-1, -1, -1],
                          "@containerField":"children",
                          "-children":[
                              { "Shape":
                                {
                                  "@containerField":"children",
                                  "@bboxCenter":[0, 0, 0],
                                  "@bboxSize":[-1, -1, -1],
                                  "-appearance":[
                                      { "Appearance":
                                        {
                                          "@DEF":"AppObjectFollowed",
                                          "@containerField":"appearance",
                                          "-material":[
                                              { "Material":
                                                {
                                                  "@ambientIntensity":0.0333,
                                                  "@diffuseColor":[0.24, 0.53, 0.02],
                                                  "@emissiveColor":[0.12, 0.27, 0.01],
                                                  "@shininess":0.54,
                                                  "@specularColor":[0.4, 0.4, 0.32],
                                                  "@transparency":0,
                                                  "@containerField":"material"
                                                }
                                              }
                                            ]
                                        }
                                      }
                                    ],
                                  "-geometry":[
                                      { "Sphere":
                                        {
                                          "@USE":"GeomObject",
                                          "@containerField":"geometry"
                                        }
                                      }
                                    ]
                                }
                              }
                            ]
                        }
                      }
                    ]
                }
              }
            ]
          },
          { "-children":[
              { "PositionChaser":
                {
                  "@DEF":"PositionChaserNode",
                  "@duration":1.5,
                  "@initialDestination":[0, 0, 0],
                  "@initialValue":[0, 0, 0],
                  "@containerField":"children"
                }
              }
            ]
          },
          { "ROUTE":
            {
              "@fromField":"trackPoint_changed",
              "@fromNode":"PlaneSensorPosition",
              "@toField":"set_destination",
              "@toNode":"PositionChaserNode"
            }
          },
          { "ROUTE":
            {
              "@fromField":"value_changed",
              "@fromNode":"PositionChaserNode",
              "@toField":"translation",
              "@toNode":"TrObjectFollowed"
            }
          },
          { "ProtoDeclare":
            {
              "@name":"ToggleButton",
              "field:HottColor":
              {
                "@accessType":"initializeOnly",
                "@name":"HottColor",
                "@type":"SFColor",
                "@value":[0.8, 0.8, 0.3]
              },
              "field:initiallyOn":
              {
                "@accessType":"initializeOnly",
                "@name":"initiallyOn",
                "@type":"SFBool",
                "@value":false
              },
              "field:ColdColor":
              {
                "@accessType":"initializeOnly",
                "@name":"ColdColor",
                "@type":"SFColor",
                "@value":[0.2, 0.2, 0.0]
              },
              "field:isOn":
              {
                "@accessType":"outputOnly",
                "@name":"isOn",
                "@type":"SFBool"
              },
              "-firstNodeType:children":[
                  { "ProtoBody":[[
                      { "-children":[
                          { "Transform":
                            {
                              "@scale":[0.4, 0.4, 0.4],
                              "@center":[0, 0, 0],
                              "@rotation":[0, 0, 1, 0],
                              "@scaleOrientation":[0, 0, 1, 0],
                              "@translation":[0, 0, 0],
                              "@bboxCenter":[0, 0, 0],
                              "@bboxSize":[-1, -1, -1],
                              "@containerField":"children",
                              "-children":[
                                  { "TouchSensor":
                                    {
                                      "@DEF":"TouchPosition",
                                      "@description":"move ball to demonstrate PositionChaser2D, PositionDamper2D",
                                      "@enabled":true,
                                      "@containerField":"children"
                                    }
                                  }
                                ],
                              "-children":[
                                  { "Shape":
                                    {
                                      "@DEF":"ShRect",
                                      "@containerField":"children",
                                      "@bboxCenter":[0, 0, 0],
                                      "@bboxSize":[-1, -1, -1],
                                      "-appearance":[
                                          { "Appearance":
                                            {
                                              "@containerField":"appearance",
                                              "-material":[
                                                  { "Material":
                                                    {
                                                      "@DEF":"Mat",
                                                      "@ambientIntensity":0.04,
                                                      "@diffuseColor":[0.0, 0.0, 0.0],
                                                      "@shininess":0.11,
                                                      "@emissiveColor":[0, 0, 0],
                                                      "@specularColor":[0, 0, 0],
                                                      "@transparency":0,
                                                      "@containerField":"material"
                                                    }
                                                  }
                                                ]
                                            }
                                          }
                                        ],
                                      "-geometry":[
                                          { "IndexedFaceSet":
                                            {
                                              "@coordIndex":[0, 1, 2, 3, -1],
                                              "@ccw":true,
                                              "@colorPerVertex":true,
                                              "@convex":true,
                                              "@creaseAngle":0,
                                              "@normalPerVertex":true,
                                              "@solid":true,
                                              "@containerField":"geometry",
                                              "-coord":[
                                                  { "Coordinate":
                                                    {
                                                      "@point":[-1, -1, 0, 1, -1, 0, 1, 1, 0, -1, 1, 0],
                                                      "@containerField":"coord"
                                                    }
                                                  }
                                                ]
                                            }
                                          }
                                        ]
                                    }
                                  }
                                ]
                            }
                          }
                        ]
                      },
                      { "-children":[
                          { "Script":
                            {
                              "@DEF":"ScrToggleButton",
                              "@directOutput":false,
                              "@mustEvaluate":false,
                              "@containerField":"children",
                              "field:TS_Touched":
                              {
                                "@accessType":"inputOnly",
                                "@name":"TS_Touched",
                                "@type":"SFTime"
                              },
                              "field:Color":
                              {
                                "@accessType":"outputOnly",
                                "@name":"Color",
                                "@type":"SFColor"
                              },
                              "field:isOn":
                              {
                                "@accessType":"outputOnly",
                                "@name":"isOn",
                                "@type":"SFBool"
                              },
                              "field:ColdColor":
                              {
                                "@accessType":"initializeOnly",
                                "@name":"ColdColor",
                                "@type":"SFColor"
                              },
                              "field:Tau":
                              {
                                "@accessType":"outputOnly",
                                "@name":"Tau",
                                "@type":"SFFloat"
                              },
                              "field:initiallyOn":
                              {
                                "@accessType":"initializeOnly",
                                "@name":"initiallyOn",
                                "@type":"SFBool"
                              },
                              "field:DamperSThere":
                              {
                                "@accessType":"inputOnly",
                                "@name":"DamperSThere",
                                "@type":"SFBool"
                              },
                              "field:HottColor":
                              {
                                "@accessType":"initializeOnly",
                                "@name":"HottColor",
                                "@type":"SFColor"
                              },
                              "IS":[
                                  { "connect":
                                    {
                                      "@nodeField":"isOn",
                                      "@protoField":"isOn"
                                    }
                                  },
                                  { "connect":
                                    {
                                      "@nodeField":"ColdColor",
                                      "@protoField":"ColdColor"
                                    }
                                  },
                                  { "connect":
                                    {
                                      "@nodeField":"initiallyOn",
                                      "@protoField":"initiallyOn"
                                    }
                                  },
                                  { "connect":
                                    {
                                      "@nodeField":"HottColor",
                                      "@protoField":"HottColor"
                                    }
                                  }
                              ]
                            }
                          }
                        ]
                      },
                      { "-children":[
                          { "ColorDamper":
                            {
                              "@DEF":"ColorDamperNode",
                              "@order":1,
                              "@tau":0.3,
                              "@tolerance":-1,
                              "@initialDestination":[0.8, 0.8, 0.8],
                              "@initialValue":[0.8, 0.8, 0.8],
                              "@containerField":"children"
                            }
                          }
                        ]
                      }
                    ]]
                  }
                ]
            }
          },
          { "-children":[
              { "Transform":
                {
                  "@translation":[-5.7, 4.0, 0.0],
                  "@center":[0, 0, 0],
                  "@rotation":[0, 0, 1, 0],
                  "@scale":[1, 1, 1],
                  "@scaleOrientation":[0, 0, 1, 0],
                  "@bboxCenter":[0, 0, 0],
                  "@bboxSize":[-1, -1, -1],
                  "@containerField":"children",
                  "-children":[
                      { "ProtoInstance":
                        {
                          "@DEF":"BtnDamper",
                          "@name":"ToggleButton",
                          "@containerField":"children",
                          "fieldValue:HottColor":
                          {
                            "@name":"HottColor",
                            "@value":[0.8, 0.03, 0.36]
                          },
                          "fieldValue:initiallyOn":
                          {
                            "@name":"initiallyOn",
                            "@value":true
                          },
                          "fieldValue:ColdColor":
                          {
                            "@name":"ColdColor",
                            "@value":[0.2, 0.0080, 0.09]
                          }
                        }
                      }
                    ]
                }
              }
            ]
          },
          { "-children":[
              { "Transform":
                {
                  "@translation":[-8.0, 3.9, 0.0],
                  "@center":[0, 0, 0],
                  "@rotation":[0, 0, 1, 0],
                  "@scale":[1, 1, 1],
                  "@scaleOrientation":[0, 0, 1, 0],
                  "@bboxCenter":[0, 0, 0],
                  "@bboxSize":[-1, -1, -1],
                  "@containerField":"children",
                  "-children":[
                      { "Shape":
                        {
                          "@containerField":"children",
                          "@bboxCenter":[0, 0, 0],
                          "@bboxSize":[-1, -1, -1],
                          "-appearance":[
                              { "Appearance":
                                {
                                  "@DEF":"AppLabels",
                                  "@containerField":"appearance",
                                  "-material":[
                                      { "Material":
                                        {
                                          "@diffuseColor":[0.0, 0.0, 0.0],
                                          "@emissiveColor":[0.8, 0.8, 0.8],
                                          "@ambientIntensity":0.2,
                                          "@shininess":0.2,
                                          "@specularColor":[0, 0, 0],
                                          "@transparency":0,
                                          "@containerField":"material"
                                        }
                                      }
                                    ]
                                }
                              }
                            ],
                          "-geometry":[
                              { "Text":
                                {
                                  "@string":["Damper"],
                                  "@maxExtent":0.0,
                                  "@solid":false,
                                  "@containerField":"geometry",
                                  "-fontStyle":[
                                      { "FontStyle":
                                        {
                                          "@DEF":"FntLabels",
                                          "@family":["Arial", "SANS"],
                                          "@size":0.5,
                                          "@horizontal":true,
                                          "@justify":["BEGIN"],
                                          "@leftToRight":true,
                                          "@spacing":1.0,
                                          "@style":"PLAIN",
                                          "@topToBottom":true,
                                          "@containerField":"fontStyle"
                                        }
                                      }
                                    ]
                                }
                              }
                            ]
                        }
                      }
                    ]
                }
              }
            ]
          },
          { "-children":[
              { "Transform":
                {
                  "@translation":[-5.7, 2.8, 0.0],
                  "@center":[0, 0, 0],
                  "@rotation":[0, 0, 1, 0],
                  "@scale":[1, 1, 1],
                  "@scaleOrientation":[0, 0, 1, 0],
                  "@bboxCenter":[0, 0, 0],
                  "@bboxSize":[-1, -1, -1],
                  "@containerField":"children",
                  "-children":[
                      { "ProtoInstance":
                        {
                          "@DEF":"BtnChaser",
                          "@name":"ToggleButton",
                          "@containerField":"children",
                          "fieldValue:HottColor":
                          {
                            "@name":"HottColor",
                            "@value":[0.36, 0.8, 0.03]
                          },
                          "fieldValue:initiallyOn":
                          {
                            "@name":"initiallyOn",
                            "@value":true
                          },
                          "fieldValue:ColdColor":
                          {
                            "@name":"ColdColor",
                            "@value":[0.09, 0.2, 0.0080]
                          }
                        }
                      }
                    ]
                }
              }
            ]
          },
          { "-children":[
              { "Transform":
                {
                  "@translation":[-8.0, 2.7, 0.0],
                  "@center":[0, 0, 0],
                  "@rotation":[0, 0, 1, 0],
                  "@scale":[1, 1, 1],
                  "@scaleOrientation":[0, 0, 1, 0],
                  "@bboxCenter":[0, 0, 0],
                  "@bboxSize":[-1, -1, -1],
                  "@containerField":"children",
                  "-children":[
                      { "Shape":
                        {
                          "@containerField":"children",
                          "@bboxCenter":[0, 0, 0],
                          "@bboxSize":[-1, -1, -1],
                          "-appearance":[
                              { "Appearance":
                                {
                                  "@USE":"AppLabels",
                                  "@containerField":"appearance"
                                }
                              }
                            ],
                          "-geometry":[
                              { "Text":
                                {
                                  "@string":["Chaser"],
                                  "@maxExtent":0.0,
                                  "@solid":false,
                                  "@containerField":"geometry",
                                  "-fontStyle":[
                                      { "FontStyle":
                                        {
                                          "@USE":"FntLabels",
                                          "@containerField":"fontStyle"
                                        }
                                      }
                                    ]
                                }
                              }
                            ]
                        }
                      }
                    ]
                }
              }
            ]
          },
          { "-children":[
              { "Script":
                {
                  "@DEF":"ScrBtnMgr",
                  "@directOutput":false,
                  "@mustEvaluate":false,
                  "@containerField":"children",
                  "field:BtnChaserIsOn":
                  {
                    "@accessType":"inputOnly",
                    "@name":"BtnChaserIsOn",
                    "@type":"SFBool"
                  },
                  "field:WcDamper":
                  {
                    "@accessType":"outputOnly",
                    "@name":"WcDamper",
                    "@type":"SFInt32"
                  },
                  "field:WcChaser":
                  {
                    "@accessType":"outputOnly",
                    "@name":"WcChaser",
                    "@type":"SFInt32"
                  },
                  "field:BtnDamperIsOn":
                  {
                    "@accessType":"inputOnly",
                    "@name":"BtnDamperIsOn",
                    "@type":"SFBool"
                  }
                }
              }
            ]
          },
          { "ROUTE":
            {
              "@fromField":"isOn",
              "@fromNode":"BtnDamper",
              "@toField":"BtnDamperIsOn",
              "@toNode":"ScrBtnMgr"
            }
          },
          { "ROUTE":
            {
              "@fromField":"isOn",
              "@fromNode":"BtnChaser",
              "@toField":"BtnChaserIsOn",
              "@toNode":"ScrBtnMgr"
            }
          },
          { "ROUTE":
            {
              "@fromField":"WcDamper",
              "@fromNode":"ScrBtnMgr",
              "@toField":"whichChoice",
              "@toNode":"SwObjectDampered"
            }
          },
          { "ROUTE":
            {
              "@fromField":"WcChaser",
              "@fromNode":"ScrBtnMgr",
              "@toField":"whichChoice",
              "@toNode":"SwObjectFollowed"
            }
          },
          { "-children":[
              { "Switch":
                {
                  "@DEF":"SwDamperTrail",
                  "@whichChoice":0,
                  "@containerField":"children",
                  "@bboxCenter":[0, 0, 0],
                  "@bboxSize":[-1, -1, -1],
                  "-children":[
                      { "Group":
                        {
                          "@DEF":"GrDamperTrail",
                          "@bboxCenter":[0, 0, 0],
                          "@bboxSize":[-1, -1, -1],
                          "@containerField":"children"
                        }
                      }
                    ]
                }
              }
            ]
          },
          { "-children":[
              { "Switch":
                {
                  "@DEF":"SwChaserTrail",
                  "@whichChoice":0,
                  "@containerField":"children",
                  "@bboxCenter":[0, 0, 0],
                  "@bboxSize":[-1, -1, -1],
                  "-children":[
                      { "Group":
                        {
                          "@DEF":"GrChaserTrail",
                          "@bboxCenter":[0, 0, 0],
                          "@bboxSize":[-1, -1, -1],
                          "@containerField":"children"
                        }
                      }
                    ]
                }
              }
            ]
          },
          { "-children":[
              { "TimeSensor":
                {
                  "@DEF":"TmrTrail",
                  "@cycleInterval":0.020000000000000004,
                  "@loop":true,
                  "@enabled":true,
                  "@startTime":0,
                  "@stopTime":0,
                  "@pauseTime":0,
                  "@resumeTime":0,
                  "@containerField":"children"
                }
              }
            ]
          },
          { "-children":[
              { "Script":
                {
                  "@DEF":"ScrTrailer",
                  "@directOutput":true,
                  "@mustEvaluate":false,
                  "@containerField":"children",
                  "field:cShapeDamperTrailPoint":
                  {
                    "@accessType":"initializeOnly",
                    "@name":"cShapeDamperTrailPoint",
                    "@type":"SFNode",
                      "-cShapeDamperTrailPoint":[
                        {
                          "-children":[
                              { "Shape":
                                {
                                  "@containerField":"children",
                                  "@bboxCenter":[0, 0, 0],
                                  "@bboxSize":[-1, -1, -1],
                                  "-appearance":[
                                      { "Appearance":
                                        {
                                          "@USE":"AppObjectDampered",
                                          "@containerField":"appearance"
                                        }
                                      }
                                    ],
                                  "-geometry":[
                                      { "Sphere":
                                        {
                                          "@DEF":"GeomTrail",
                                          "@radius":0.1,
                                          "@solid":true,
                                          "@containerField":"geometry"
                                        }
                                      }
                                    ]
                                }
                              }
                            ]
                        }
                      ]
                  },
                  "field:lastDamperPos":
                  {
                    "@accessType":"initializeOnly",
                    "@name":"lastDamperPos",
                    "@type":"SFVec3f",
                    "@value":[0.0, 0.0, 0.0]
                  },
                  "field:ChaserTrails":
                  {
                    "@accessType":"initializeOnly",
                    "@name":"ChaserTrails",
                    "@type":"MFNode",
                      "#comment":"no initialization nodes since this is a local field to hold content"
                  },
                  "field:cShapeChaserTrailPoint":
                  {
                    "@accessType":"initializeOnly",
                    "@name":"cShapeChaserTrailPoint",
                    "@type":"SFNode",
                      "-cShapeChaserTrailPoint":[
                        {
                          "-children":[
                              { "Shape":
                                {
                                  "@containerField":"children",
                                  "@bboxCenter":[0, 0, 0],
                                  "@bboxSize":[-1, -1, -1],
                                  "-appearance":[
                                      { "Appearance":
                                        {
                                          "@USE":"AppObjectFollowed",
                                          "@containerField":"appearance"
                                        }
                                      }
                                    ],
                                  "-geometry":[
                                      { "Sphere":
                                        {
                                          "@USE":"GeomTrail",
                                          "@containerField":"geometry"
                                        }
                                      }
                                    ]
                                }
                              }
                            ]
                        }
                      ]
                  },
                  "field:DamperTrails":
                  {
                    "@accessType":"initializeOnly",
                    "@name":"DamperTrails",
                    "@type":"MFNode",
                      "#comment":"no initialization nodes since this is a local field to hold content"
                  },
                  "field:GrChaserTrail":
                  {
                    "@accessType":"initializeOnly",
                    "@name":"GrChaserTrail",
                    "@type":"SFNode",
                      "-GrChaserTrail":[
                        {
                          "-children":[
                              { "Group":
                                {
                                  "@USE":"GrChaserTrail",
                                  "@containerField":"children"
                                }
                              }
                            ]
                        }
                      ]
                  },
                  "field:ChaserPos":
                  {
                    "@accessType":"inputOnly",
                    "@name":"ChaserPos",
                    "@type":"SFVec3f"
                  },
                  "field:cNumTrailPoints":
                  {
                    "@accessType":"initializeOnly",
                    "@name":"cNumTrailPoints",
                    "@type":"SFInt32",
                    "@value":35
                  },
                  "field:lastChaserPos":
                  {
                    "@accessType":"initializeOnly",
                    "@name":"lastChaserPos",
                    "@type":"SFVec3f",
                    "@value":[0.0, 0.0, 0.0]
                  },
                  "field:Tick":
                  {
                    "@accessType":"inputOnly",
                    "@name":"Tick",
                    "@type":"SFTime"
                  },
                  "field:DamperPos":
                  {
                    "@accessType":"inputOnly",
                    "@name":"DamperPos",
                    "@type":"SFVec3f"
                  },
                  "field:GrDamperTrail":
                  {
                    "@accessType":"initializeOnly",
                    "@name":"GrDamperTrail",
                    "@type":"SFNode",
                      "-GrDamperTrail":[
                        {
                          "-children":[
                              { "Group":
                                {
                                  "@USE":"GrDamperTrail",
                                  "@containerField":"children"
                                }
                              }
                            ]
                        }
                      ]
                  }
                }
              }
            ]
          },
          { "ROUTE":
            {
              "@fromField":"cycleTime",
              "@fromNode":"TmrTrail",
              "@toField":"Tick",
              "@toNode":"ScrTrailer"
            }
          },
          { "ROUTE":
            {
              "@fromField":"translation",
              "@fromNode":"TrObjectDampered",
              "@toField":"DamperPos",
              "@toNode":"ScrTrailer"
            }
          },
          { "ROUTE":
            {
              "@fromField":"translation",
              "@fromNode":"TrObjectFollowed",
              "@toField":"ChaserPos",
              "@toNode":"ScrTrailer"
            }
          },
          { "ROUTE":
            {
              "@fromField":"WcDamper",
              "@fromNode":"ScrBtnMgr",
              "@toField":"whichChoice",
              "@toNode":"SwDamperTrail"
            }
          },
          { "ROUTE":
            {
              "@fromField":"WcChaser",
              "@fromNode":"ScrBtnMgr",
              "@toField":"whichChoice",
              "@toNode":"SwChaserTrail"
            }
          }
      ]
    }
  ]
 }
]
