[
 { "X3D":[
    {
      "@profile":"Immersive",
      "@version":3.2,
      "@xsd:noNamespaceSchemaLocation":"http://www.web3d.org/specifications/x3d-3.2.xsd",
      "head":[
          { "meta":
            {
              "@content":"TestSliders.x3d",
              "@name":"title"
            }
          },
          { "meta":
            {
              "@content":"X3D Follower example",
              "@name":"description"
            }
          },
          { "meta":
            {
              "@content":"Herbert Stocker",
              "@name":"creator"
            }
          },
          { "meta":
            {
              "@content":"Don Brutzman",
              "@name":"translator"
            }
          },
          { "meta":
            {
              "@content":"18 April 2006",
              "@name":"created"
            }
          },
          { "meta":
            {
              "@content":"2 December 2011",
              "@name":"translated"
            }
          },
          { "meta":
            {
              "@content":"28 January 2014",
              "@name":"modified"
            }
          },
          { "meta":
            {
              "@content":"originals/test_Sliders.wrl",
              "@name":"reference"
            }
          },
          { "meta":
            {
              "@content":"Stocker_06_Followers.pdf",
              "@name":"reference"
            }
          },
          { "meta":
            {
              "@content":"http://www.hersto.com/Publications/Followers",
              "@name":"reference"
            }
          },
          { "meta":
            {
              "@content":"X3D version 3.2 or greater",
              "@name":"requires"
            }
          },
          { "meta":
            {
              "@content":"X3D Follower Chaser Damper",
              "@name":"subject"
            }
          },
          { "meta":
            {
              "@content":"under development",
              "@name":"warning"
            }
          },
          { "meta":
            {
              "@content":"http://www.web3d.org/x3d/content/examples/X3dSceneAuthoringHints.html",
              "@name":"reference"
            }
          },
          { "meta":
            {
              "@content":"http://www.web3d.org/x3d/content/examples/Basic/Followers/TestSliders.x3d",
              "@name":"identifier"
            }
          },
          { "meta":
            {
              "@content":"Vrml97ToX3dNist, http://ovrt.nist.gov/v2_x3d.html",
              "@name":"generator"
            }
          },
          { "meta":
            {
              "@content":"X3D-Edit 3.3, https://savage.nps.edu/X3D-Edit",
              "@name":"generator"
            }
          },
          { "meta":
            {
              "@content":"../../license.html",
              "@name":"license"
            }
          }
      ],
      "Scene":[
          { "ExternProtoDeclare":
            {
              "@name":"Slider",
              "@url":["Slider.x3d#Slider", "http://www.web3d.org/x3d/content/examples/Basic/Followers/Slider.x3d#Slider", "Slider.wrl#Slider", "http://www.web3d.org/x3d/content/examples/Basic/Followers/Slider.wrl#Slider"],
              "field:initial_position":
              {
                "@accessType":"initializeOnly",
                "@name":"initial_position",
                "@type":"SFFloat"
              },
              "field:radiusKnob":
              {
                "@accessType":"inputOutput",
                "@name":"radiusKnob",
                "@type":"SFFloat"
              },
              "field:radiusStick":
              {
                "@accessType":"inputOutput",
                "@name":"radiusStick",
                "@type":"SFFloat"
              },
              "field:min":
              {
                "@accessType":"inputOutput",
                "@name":"min",
                "@type":"SFFloat"
              },
              "field:position_changed":
              {
                "@accessType":"outputOnly",
                "@name":"position_changed",
                "@type":"SFFloat"
              },
              "field:appearance":
              {
                "@accessType":"inputOutput",
                "@name":"appearance",
                "@type":"SFNode"
              },
              "field:smoothMovements":
              {
                "@accessType":"inputOutput",
                "@name":"smoothMovements",
                "@type":"SFBool"
              },
              "field:set_position":
              {
                "@accessType":"inputOnly",
                "@name":"set_position",
                "@type":"SFFloat"
              },
              "field:pageSize":
              {
                "@accessType":"inputOutput",
                "@name":"pageSize",
                "@type":"SFFloat"
              },
              "field:max":
              {
                "@accessType":"inputOutput",
                "@name":"max",
                "@type":"SFFloat"
              },
              "field:height":
              {
                "@accessType":"inputOutput",
                "@name":"height",
                "@type":"SFFloat"
              }
            }
          },
          { "-children":[
              { "NavigationInfo":
                {
                  "@type":["EXAMINE"],
                  "@avatarSize":[0.25, 1.6, 0.75],
                  "@headlight":true,
                  "@speed":1,
                  "@transitionType":["LINEAR"],
                  "@transitionTime":1.0,
                  "@visibilityLimit":0,
                  "@containerField":"children"
                }
              }
            ]
          },
          { "-children":[
              { "Viewpoint":
                {
                  "@description":"view 1",
                  "@orientation":[-0.527, 0.846, 0.075, 0.462],
                  "@position":[2.741, 3.259, 6.6],
                  "@fieldOfView":0.7854,
                  "@jump":true,
                  "@centerOfRotation":[0, 0, 0],
                  "@retainUserOffsets":false,
                  "@containerField":"children"
                }
              }
            ]
          },
          { "-children":[
              { "Viewpoint":
                {
                  "@description":"view 2",
                  "@orientation":[0.973, 0.232, 0.024, 0.466],
                  "@position":[0.865, -1.591, 6.723],
                  "@fieldOfView":0.7854,
                  "@jump":true,
                  "@centerOfRotation":[0, 0, 0],
                  "@retainUserOffsets":false,
                  "@containerField":"children"
                }
              }
            ]
          },
          { "-children":[
              { "Viewpoint":
                {
                  "@description":"view 3",
                  "@orientation":[0.997, 0.06, 0.05, 1.705],
                  "@position":[0.934, -5.744, -0.794],
                  "@fieldOfView":0.7854,
                  "@jump":true,
                  "@centerOfRotation":[0, 0, 0],
                  "@retainUserOffsets":false,
                  "@containerField":"children"
                }
              }
            ]
          },
          { "-children":[
              { "Viewpoint":
                {
                  "@description":"view 4",
                  "@orientation":[0.888, 0.23, 0.399, 3.139],
                  "@position":[5.165, 3.009, -4.663],
                  "@fieldOfView":0.7854,
                  "@jump":true,
                  "@centerOfRotation":[0, 0, 0],
                  "@retainUserOffsets":false,
                  "@containerField":"children"
                }
              }
            ]
          },
          { "-children":[
              { "Viewpoint":
                {
                  "@description":"view 5",
                  "@orientation":[0.116, 0.234, -0.965, 1.866],
                  "@position":[0.424, -2.489, 8.627],
                  "@fieldOfView":0.7854,
                  "@jump":true,
                  "@centerOfRotation":[0, 0, 0],
                  "@retainUserOffsets":false,
                  "@containerField":"children"
                }
              }
            ]
          },
          { "-children":[
              { "Viewpoint":
                {
                  "@description":"view 6",
                  "@orientation":[-0.3, 0.639, -0.708, 1.922],
                  "@position":[6.309, -1.261, 2.853],
                  "@fieldOfView":0.7854,
                  "@jump":true,
                  "@centerOfRotation":[0, 0, 0],
                  "@retainUserOffsets":false,
                  "@containerField":"children"
                }
              }
            ]
          },
          { "-children":[
              { "Transform":
                {
                  "@center":[0, 0, 0],
                  "@rotation":[0, 0, 1, 0],
                  "@scale":[1, 1, 1],
                  "@scaleOrientation":[0, 0, 1, 0],
                  "@translation":[0, 0, 0],
                  "@bboxCenter":[0, 0, 0],
                  "@bboxSize":[-1, -1, -1],
                  "@containerField":"children",
                  "-children":[
                      { "Transform":
                        {
                          "@rotation":[0.983, 0.152, 0.098, 0.286],
                          "@center":[0, 0, 0],
                          "@scale":[1, 1, 1],
                          "@scaleOrientation":[0, 0, 1, 0],
                          "@translation":[0, 0, 0],
                          "@bboxCenter":[0, 0, 0],
                          "@bboxSize":[-1, -1, -1],
                          "@containerField":"children",
                          "-children":[
                              { "Transform":
                                {
                                  "@rotation":[0.705, 0.654, -0.274, -1.09],
                                  "@center":[0, 0, 0],
                                  "@scale":[1, 1, 1],
                                  "@scaleOrientation":[0, 0, 1, 0],
                                  "@translation":[0, 0, 0],
                                  "@bboxCenter":[0, 0, 0],
                                  "@bboxSize":[-1, -1, -1],
                                  "@containerField":"children",
                                  "-children":[
                                      { "Transform":
                                        {
                                          "@rotation":[0.0, 0.0, -1.0, 1.5708],
                                          "@translation":[2.5, 0.0, 0.0],
                                          "@center":[0, 0, 0],
                                          "@scale":[1, 1, 1],
                                          "@scaleOrientation":[0, 0, 1, 0],
                                          "@bboxCenter":[0, 0, 0],
                                          "@bboxSize":[-1, -1, -1],
                                          "@containerField":"children",
                                          "-children":[
                                              { "ProtoInstance":
                                                {
                                                  "@DEF":"SldX",
                                                  "@name":"Slider",
                                                  "@containerField":"children",
                                                  "fieldValue:initial_position":
                                                  {
                                                    "@name":"initial_position",
                                                    "@value":2.5
                                                  },
                                                  "fieldValue:radiusKnob":
                                                  {
                                                    "@name":"radiusKnob",
                                                    "@value":0.225
                                                  },
                                                  "fieldValue:min":
                                                  {
                                                    "@name":"min",
                                                    "@value":1.0
                                                  },
                                                  "fieldValue:radiusStick":
                                                  {
                                                    "@name":"radiusStick",
                                                    "@value":0.15
                                                  },
                                                  "fieldValue:appearance":
                                                  {
                                                    "@name":"appearance",
                                                      "-appearance":[
                                                        {
                                                          "-appearance":[
                                                              { "Appearance":
                                                                {
                                                                  "@DEF":"App",
                                                                  "@containerField":"appearance",
                                                                  "-material":[
                                                                      { "Material":
                                                                        {
                                                                          "@ambientIntensity":0.055,
                                                                          "@diffuseColor":[0.75, 0.0, 0.55],
                                                                          "@emissiveColor":[0.1, 0.0, 0.07],
                                                                          "@shininess":0.157,
                                                                          "@specularColor":[0.67, 0.67, 0.67],
                                                                          "@transparency":0,
                                                                          "@containerField":"material"
                                                                        }
                                                                      }
                                                                    ]
                                                                }
                                                              }
                                                            ]
                                                        }
                                                      ]
                                                  },
                                                  "fieldValue:pageSize":
                                                  {
                                                    "@name":"pageSize",
                                                    "@value":1.0
                                                  },
                                                  "fieldValue:max":
                                                  {
                                                    "@name":"max",
                                                    "@value":5.0
                                                  }
                                                }
                                              }
                                            ],
                                          "-children":[
                                              { "Transform":
                                                {
                                                  "@translation":[0.0, -1.25, 0.0],
                                                  "@center":[0, 0, 0],
                                                  "@rotation":[0, 0, 1, 0],
                                                  "@scale":[1, 1, 1],
                                                  "@scaleOrientation":[0, 0, 1, 0],
                                                  "@bboxCenter":[0, 0, 0],
                                                  "@bboxSize":[-1, -1, -1],
                                                  "@containerField":"children",
                                                  "-children":[
                                                      { "Shape":
                                                        {
                                                          "@containerField":"children",
                                                          "@bboxCenter":[0, 0, 0],
                                                          "@bboxSize":[-1, -1, -1],
                                                          "-appearance":[
                                                              { "Appearance":
                                                                {
                                                                  "@USE":"App",
                                                                  "@containerField":"appearance"
                                                                }
                                                              }
                                                            ],
                                                          "-geometry":[
                                                              { "Cylinder":
                                                                {
                                                                  "@height":2.5,
                                                                  "@radius":0.02,
                                                                  "@bottom":true,
                                                                  "@side":true,
                                                                  "@top":true,
                                                                  "@solid":true,
                                                                  "@containerField":"geometry"
                                                                }
                                                              }
                                                            ]
                                                        }
                                                      }
                                                    ]
                                                }
                                              }
                                            ]
                                        }
                                      }
                                    ],
                                  "-children":[
                                      { "Transform":
                                        {
                                          "@translation":[0.0, 2.5, 0.0],
                                          "@center":[0, 0, 0],
                                          "@rotation":[0, 0, 1, 0],
                                          "@scale":[1, 1, 1],
                                          "@scaleOrientation":[0, 0, 1, 0],
                                          "@bboxCenter":[0, 0, 0],
                                          "@bboxSize":[-1, -1, -1],
                                          "@containerField":"children",
                                          "-children":[
                                              { "ProtoInstance":
                                                {
                                                  "@DEF":"SldY",
                                                  "@name":"Slider",
                                                  "@containerField":"children",
                                                  "fieldValue:initial_position":
                                                  {
                                                    "@name":"initial_position",
                                                    "@value":2.5
                                                  },
                                                  "fieldValue:radiusKnob":
                                                  {
                                                    "@name":"radiusKnob",
                                                    "@value":0.225
                                                  },
                                                  "fieldValue:min":
                                                  {
                                                    "@name":"min",
                                                    "@value":1.0
                                                  },
                                                  "fieldValue:radiusStick":
                                                  {
                                                    "@name":"radiusStick",
                                                    "@value":0.15
                                                  },
                                                  "fieldValue:appearance":
                                                  {
                                                    "@name":"appearance",
                                                      "-appearance":[
                                                        {
                                                          "-appearance":[
                                                              { "Appearance":
                                                                {
                                                                  "@USE":"App",
                                                                  "@containerField":"appearance"
                                                                }
                                                              }
                                                            ]
                                                        }
                                                      ]
                                                  },
                                                  "fieldValue:pageSize":
                                                  {
                                                    "@name":"pageSize",
                                                    "@value":1.0
                                                  },
                                                  "fieldValue:max":
                                                  {
                                                    "@name":"max",
                                                    "@value":5.0
                                                  }
                                                }
                                              }
                                            ],
                                          "-children":[
                                              { "Transform":
                                                {
                                                  "@translation":[0.0, -1.25, 0.0],
                                                  "@center":[0, 0, 0],
                                                  "@rotation":[0, 0, 1, 0],
                                                  "@scale":[1, 1, 1],
                                                  "@scaleOrientation":[0, 0, 1, 0],
                                                  "@bboxCenter":[0, 0, 0],
                                                  "@bboxSize":[-1, -1, -1],
                                                  "@containerField":"children",
                                                  "-children":[
                                                      { "Shape":
                                                        {
                                                          "@containerField":"children",
                                                          "@bboxCenter":[0, 0, 0],
                                                          "@bboxSize":[-1, -1, -1],
                                                          "-appearance":[
                                                              { "Appearance":
                                                                {
                                                                  "@USE":"App",
                                                                  "@containerField":"appearance"
                                                                }
                                                              }
                                                            ],
                                                          "-geometry":[
                                                              { "Cylinder":
                                                                {
                                                                  "@height":2.5,
                                                                  "@radius":0.02,
                                                                  "@bottom":true,
                                                                  "@side":true,
                                                                  "@top":true,
                                                                  "@solid":true,
                                                                  "@containerField":"geometry"
                                                                }
                                                              }
                                                            ]
                                                        }
                                                      }
                                                    ]
                                                }
                                              }
                                            ]
                                        }
                                      }
                                    ],
                                  "-children":[
                                      { "Transform":
                                        {
                                          "@rotation":[1.0, 0.0, 0.0, 1.5708],
                                          "@translation":[0.0, 0.0, 2.5],
                                          "@center":[0, 0, 0],
                                          "@scale":[1, 1, 1],
                                          "@scaleOrientation":[0, 0, 1, 0],
                                          "@bboxCenter":[0, 0, 0],
                                          "@bboxSize":[-1, -1, -1],
                                          "@containerField":"children",
                                          "-children":[
                                              { "ProtoInstance":
                                                {
                                                  "@DEF":"SldZ",
                                                  "@name":"Slider",
                                                  "@containerField":"children",
                                                  "fieldValue:initial_position":
                                                  {
                                                    "@name":"initial_position",
                                                    "@value":2.5
                                                  },
                                                  "fieldValue:radiusKnob":
                                                  {
                                                    "@name":"radiusKnob",
                                                    "@value":0.225
                                                  },
                                                  "fieldValue:min":
                                                  {
                                                    "@name":"min",
                                                    "@value":1.0
                                                  },
                                                  "fieldValue:radiusStick":
                                                  {
                                                    "@name":"radiusStick",
                                                    "@value":0.15
                                                  },
                                                  "fieldValue:appearance":
                                                  {
                                                    "@name":"appearance",
                                                      "-appearance":[
                                                        {
                                                          "-appearance":[
                                                              { "Appearance":
                                                                {
                                                                  "@USE":"App",
                                                                  "@containerField":"appearance"
                                                                }
                                                              }
                                                            ]
                                                        }
                                                      ]
                                                  },
                                                  "fieldValue:pageSize":
                                                  {
                                                    "@name":"pageSize",
                                                    "@value":1.0
                                                  },
                                                  "fieldValue:max":
                                                  {
                                                    "@name":"max",
                                                    "@value":5.0
                                                  }
                                                }
                                              }
                                            ],
                                          "-children":[
                                              { "Transform":
                                                {
                                                  "@translation":[0.0, -1.25, 0.0],
                                                  "@center":[0, 0, 0],
                                                  "@rotation":[0, 0, 1, 0],
                                                  "@scale":[1, 1, 1],
                                                  "@scaleOrientation":[0, 0, 1, 0],
                                                  "@bboxCenter":[0, 0, 0],
                                                  "@bboxSize":[-1, -1, -1],
                                                  "@containerField":"children",
                                                  "-children":[
                                                      { "Shape":
                                                        {
                                                          "@containerField":"children",
                                                          "@bboxCenter":[0, 0, 0],
                                                          "@bboxSize":[-1, -1, -1],
                                                          "-appearance":[
                                                              { "Appearance":
                                                                {
                                                                  "@USE":"App",
                                                                  "@containerField":"appearance"
                                                                }
                                                              }
                                                            ],
                                                          "-geometry":[
                                                              { "Cylinder":
                                                                {
                                                                  "@height":2.5,
                                                                  "@radius":0.02,
                                                                  "@bottom":true,
                                                                  "@side":true,
                                                                  "@top":true,
                                                                  "@solid":true,
                                                                  "@containerField":"geometry"
                                                                }
                                                              }
                                                            ]
                                                        }
                                                      }
                                                    ]
                                                }
                                              }
                                            ]
                                        }
                                      }
                                    ]
                                }
                              }
                            ]
                        }
                      }
                    ]
                }
              }
            ]
          },
          { "-children":[
              { "Transform":
                {
                  "@rotation":[0.983, 0.152, 0.098, 0.286],
                  "@center":[0, 0, 0],
                  "@scale":[1, 1, 1],
                  "@scaleOrientation":[0, 0, 1, 0],
                  "@translation":[0, 0, 0],
                  "@bboxCenter":[0, 0, 0],
                  "@bboxSize":[-1, -1, -1],
                  "@containerField":"children",
                  "-children":[
                      { "Transform":
                        {
                          "@rotation":[0.705, 0.654, -0.274, -1.09],
                          "@center":[0, 0, 0],
                          "@scale":[1, 1, 1],
                          "@scaleOrientation":[0, 0, 1, 0],
                          "@translation":[0, 0, 0],
                          "@bboxCenter":[0, 0, 0],
                          "@bboxSize":[-1, -1, -1],
                          "@containerField":"children",
                          "-children":[
                              { "Transform":
                                {
                                  "@DEF":"Trans",
                                  "@center":[0, 0, 0],
                                  "@rotation":[0, 0, 1, 0],
                                  "@scale":[1, 1, 1],
                                  "@scaleOrientation":[0, 0, 1, 0],
                                  "@translation":[0, 0, 0],
                                  "@bboxCenter":[0, 0, 0],
                                  "@bboxSize":[-1, -1, -1],
                                  "@containerField":"children",
                                  "-children":[
                                      { "TouchSensor":
                                        {
                                          "@DEF":"TchBox",
                                          "@description":"touch to activate",
                                          "@enabled":true,
                                          "@containerField":"children"
                                        }
                                      }
                                    ],
                                  "-children":[
                                      { "Shape":
                                        {
                                          "@containerField":"children",
                                          "@bboxCenter":[0, 0, 0],
                                          "@bboxSize":[-1, -1, -1],
                                          "-appearance":[
                                              { "Appearance":
                                                {
                                                  "@containerField":"appearance",
                                                  "-material":[
                                                      { "Material":
                                                        {
                                                          "@ambientIntensity":0.0933,
                                                          "@diffuseColor":[0.37, 0.0, 0.75],
                                                          "@emissiveColor":[0.05, 0.0, 0.1],
                                                          "@shininess":0.41,
                                                          "@specularColor":[0.91, 0.91, 0.91],
                                                          "@transparency":0,
                                                          "@containerField":"material"
                                                        }
                                                      }
                                                    ]
                                                }
                                              }
                                            ],
                                          "-geometry":[
                                              { "Box":
                                                {
                                                  "@size":[0.3, 0.3, 0.3],
                                                  "@solid":true,
                                                  "@containerField":"geometry"
                                                }
                                              }
                                            ]
                                        }
                                      }
                                    ]
                                }
                              }
                            ]
                        }
                      }
                    ]
                }
              }
            ]
          },
          { "-children":[
              { "Script":
                {
                  "@DEF":"Worker",
                  "@directOutput":false,
                  "@mustEvaluate":false,
                  "@containerField":"children",
                  "field:set_Z":
                  {
                    "@accessType":"inputOnly",
                    "@name":"set_Z",
                    "@type":"SFFloat"
                  },
                  "field:set_Y":
                  {
                    "@accessType":"inputOnly",
                    "@name":"set_Y",
                    "@type":"SFFloat"
                  },
                  "field:set_X":
                  {
                    "@accessType":"inputOnly",
                    "@name":"set_X",
                    "@type":"SFFloat"
                  },
                  "field:Pos":
                  {
                    "@accessType":"initializeOnly",
                    "@name":"Pos",
                    "@type":"SFVec3f",
                    "@value":[1.0, 1.0, 1.0]
                  },
                  "field:Pos_changed":
                  {
                    "@accessType":"outputOnly",
                    "@name":"Pos_changed",
                    "@type":"SFVec3f"
                  }
                }
              }
            ]
          },
          { "ROUTE":
            {
              "@fromField":"position_changed",
              "@fromNode":"SldX",
              "@toField":"set_X",
              "@toNode":"Worker"
            }
          },
          { "ROUTE":
            {
              "@fromField":"position_changed",
              "@fromNode":"SldY",
              "@toField":"set_Y",
              "@toNode":"Worker"
            }
          },
          { "ROUTE":
            {
              "@fromField":"position_changed",
              "@fromNode":"SldZ",
              "@toField":"set_Z",
              "@toNode":"Worker"
            }
          },
          { "ROUTE":
            {
              "@fromField":"Pos_changed",
              "@fromNode":"Worker",
              "@toField":"scale",
              "@toNode":"Trans"
            }
          },
          { "-children":[
              { "Script":
                {
                  "@DEF":"SmoothWorker",
                  "@directOutput":false,
                  "@mustEvaluate":false,
                  "@containerField":"children",
                  "field:SmoothMovements":
                  {
                    "@accessType":"outputOnly",
                    "@name":"SmoothMovements",
                    "@type":"SFBool"
                  },
                  "field:Box_touched":
                  {
                    "@accessType":"inputOnly",
                    "@name":"Box_touched",
                    "@type":"SFTime"
                  }
                }
              }
            ]
          },
          { "ROUTE":
            {
              "@fromField":"touchTime",
              "@fromNode":"TchBox",
              "@toField":"Box_touched",
              "@toNode":"SmoothWorker"
            }
          }
      ]
    }
  ]
 }
]
