[
 { "X3D":[
    {
      "@profile":"Immersive",
      "@version":3.0,
      "@xsd:noNamespaceSchemaLocation":"http://www.web3d.org/specifications/x3d-3.0.xsd",
      "head":[
          { "-childNodeFieldNameNotFound":[
              { "component":
                {
                  "@level":1,
                  "@name":"DIS"
                }
              }
            ]
          },
          { "meta":
            {
              "@content":"DISEntityPrototypes.x3d",
              "@name":"title"
            }
          },
          { "meta":
            {
              "@content":"Prototype definitions for DISEntityManager and DISEntityTypeMapping.",
              "@name":"description"
            }
          },
          { "meta":
            {
              "@content":"Alan Hudson",
              "@name":"creator"
            }
          },
          { "meta":
            {
              "@content":"Don Brutzman",
              "@name":"translator"
            }
          },
          { "meta":
            {
              "@content":"26 April 2005",
              "@name":"created"
            }
          },
          { "meta":
            {
              "@content":"12 January 2014",
              "@name":"modified"
            }
          },
          { "meta":
            {
              "@content":"14 March 2010",
              "@name":"modified"
            }
          },
          { "meta":
            {
              "@content":"under development.",
              "@name":"warning"
            }
          },
          { "meta":
            {
              "@content":"http://www.xj3d.org/extensions/DIS.html",
              "@name":"reference"
            }
          },
          { "meta":
            {
              "@content":"http://www.yumetech.com",
              "@name":"reference"
            }
          },
          { "meta":
            {
              "@content":"http://www.web3d.org/x3d/content/examples/Basic/DistributedInteractiveSimulation/DISEntityPrototypes.x3d",
              "@name":"identifier"
            }
          },
          { "meta":
            {
              "@content":"X3D-Edit 3.3, https://savage.nps.edu/X3D-Edit",
              "@name":"generator"
            }
          },
          { "meta":
            {
              "@content":"../license.html",
              "@name":"license"
            }
          }
      ],
      "Scene":[
          { "#comment":"============================================================" },
          { "ProtoDeclare":
            {
              "@appinfo":"A DISEntityManager node notifies content when new entities arrive or current entities leave.",
              "@documentation":"http://www.xj3d.org/extensions/DIS.html#DISEntityManager",
              "@name":"DISEntityManager",
              "field:siteID":
              {
                "@accessType":"inputOutput",
                "@appinfo":"[065535]",
                "@name":"siteID",
                "@type":"SFInt32",
                "@value":0
              },
              "field:applicationID":
              {
                "@accessType":"inputOutput",
                "@appinfo":"[065535]",
                "@name":"applicationID",
                "@type":"SFInt32",
                "@value":1
              },
              "field:entityID":
              {
                "@accessType":"inputOutput",
                "@appinfo":"[065535] field under consideration",
                "@name":"entityID",
                "@type":"SFInt32",
                "@value":0
              },
              "field:address":
              {
                "@accessType":"inputOutput",
                "@name":"address",
                "@type":"SFString",
                "@value":"localhost"
              },
              "field:port":
              {
                "@accessType":"inputOutput",
                "@appinfo":"[065535]",
                "@name":"port",
                "@type":"SFInt32",
                "@value":0
              },
              "field:mapping":
              {
                "@accessType":"inputOutput",
                "@appinfo":"[DISEntityTypeMapping]",
                "@name":"mapping",
                "@type":"MFNode",
                  "#comment":"default NULL"
              },
              "field:addedEntities":
              {
                "@accessType":"outputOnly",
                "@appinfo":"[EspduTransform]",
                "@name":"addedEntities",
                "@type":"MFNode"
              },
              "field:removedEntities":
              {
                "@accessType":"outputOnly",
                "@appinfo":"[EspduTransform]",
                "@name":"removedEntities",
                "@type":"MFNode"
              },
              "field:metadata":
              {
                "@accessType":"inputOutput",
                "@appinfo":"[X3DMetadataObject]",
                "@name":"metadata",
                "@type":"SFNode",
                  "#comment":"default NULL"
              },
              "-firstNodeType:children":[
                  { "ProtoBody":[[
                      { "#comment":"X3DChildNode node type" },
                      { "-children":[
                          { "Group":
                            {
                              "@bboxCenter":[0, 0, 0],
                              "@bboxSize":[-1, -1, -1],
                              "@containerField":"children"
                            }
                          }
                        ]
                      }
                    ]]
                  }
                ]
            }
          },
          { "#comment":"============================================================" },
          { "ProtoDeclare":
            {
              "@appinfo":"A DISEntityTypeMapping node provides a mapping from DIS Entity type information to an X3D model. This model is model provides a visual and behavioral representation of the entity for usage in X3D simulations. The mappings are done by selecting the most specific record which fits the entity. A value of 0 is considered a wildcard. All fields after the first zero must be zero as well.",
              "@documentation":"http://www.xj3d.org/extensions/DIS.html#DISEntityTypeMapping",
              "@name":"DISEntityTypeMapping",
              "field:kind":
              {
                "@accessType":"initializeOnly",
                "@appinfo":"[0255]",
                "@name":"kind",
                "@type":"SFInt32",
                "@value":0
              },
              "field:domain":
              {
                "@accessType":"initializeOnly",
                "@appinfo":"[0255]",
                "@name":"domain",
                "@type":"SFInt32",
                "@value":0
              },
              "field:country":
              {
                "@accessType":"initializeOnly",
                "@appinfo":"[0255]",
                "@name":"country",
                "@type":"SFInt32",
                "@value":0
              },
              "field:category":
              {
                "@accessType":"initializeOnly",
                "@appinfo":"[0255]",
                "@name":"category",
                "@type":"SFInt32",
                "@value":0
              },
              "field:subcategory":
              {
                "@accessType":"initializeOnly",
                "@appinfo":"[0255]",
                "@name":"subcategory",
                "@type":"SFInt32",
                "@value":0
              },
              "field:specific":
              {
                "@accessType":"initializeOnly",
                "@appinfo":"[0255]",
                "@name":"specific",
                "@type":"SFInt32",
                "@value":0
              },
              "field:extra":
              {
                "@accessType":"initializeOnly",
                "@appinfo":"[0255]",
                "@name":"extra",
                "@type":"SFInt32",
                "@value":0
              },
              "field:identifier":
              {
                "@accessType":"initializeOnly",
                "@name":"identifier",
                "@type":"SFString"
              },
              "field:metadata":
              {
                "@accessType":"inputOutput",
                "@appinfo":"[X3DMetadataObject]",
                "@name":"metadata",
                "@type":"SFNode",
                  "#comment":"default NULL"
              },
              "-firstNodeType:metadata":[
                  { "ProtoBody":[[
                      { "#comment":"X3DInfoNode node type" },
                      { "-metadata":[
                          { "MetadataSet":
                            {
                              "@name":"PlaceholderNode",
                              "@containerField":"metadata"
                            }
                          }
                        ]
                      }
                    ]]
                  }
                ]
            }
          },
          { "#comment":"============================================================" },
          { "#comment":"Default content" },
          { "-children":[
              { "Viewpoint":
                {
                  "@description":"default viewpoint",
                  "@position":[0, 0, 110],
                  "@fieldOfView":0.7854,
                  "@jump":true,
                  "@orientation":[0, 0, 1, 0],
                  "@centerOfRotation":[0, 0, 0],
                  "@containerField":"children"
                }
              }
            ]
          },
          { "-children":[
              { "EspduTransform":
                {
                  "@enabled":true,
                  "@siteID":0,
                  "@applicationID":0,
                  "@entityID":0,
                  "@forceID":0,
                  "@entityKind":0,
                  "@entityDomain":0,
                  "@entityCountry":0,
                  "@entityCategory":0,
                  "@entitySubcategory":0,
                  "@entitySpecific":0,
                  "@entityExtra":0,
                  "@readInterval":0.1,
                  "@writeInterval":1.0,
                  "@networkMode":"standAlone",
                  "@translation":[0, 0, 0],
                  "@rotation":[0, 0, 1, 0],
                  "@scale":[1, 1, 1],
                  "@scaleOrientation":[0, 0, 1, 0],
                  "@bboxCenter":[0, 0, 0],
                  "@bboxSize":[-1, -1, -1],
                  "@center":[0, 0, 0],
                  "@address":"localhost",
                  "@port":0,
                  "@multicastRelayPort":0,
                  "@rtpHeaderExpected":false,
                  "@deadReckoning":0,
                  "@linearVelocity":[0, 0, 0],
                  "@linearAcceleration":[0, 0, 0],
                  "@fired1":false,
                  "@fired2":false,
                  "@collisionType":0,
                  "@detonationLocation":[0, 0, 0],
                  "@detonationRelativeLocation":[0, 0, 0],
                  "@detonationResult":0,
                  "@eventApplicationID":0,
                  "@eventEntityID":0,
                  "@eventNumber":0,
                  "@eventSiteID":0,
                  "@munitionStartPoint":[0, 0, 0],
                  "@munitionEndPoint":[0, 0, 0],
                  "@warhead":0,
                  "@fuse":0,
                  "@munitionQuantity":0,
                  "@firingRate":0,
                  "@firingRange":0,
                  "@munitionSiteID":0,
                  "@munitionApplicationID":0,
                  "@munitionEntityID":0,
                  "@fireMissionIndex":0,
                  "@articulationParameterCount":0,
                  "@geoSystem":["GD", "WE"],
                  "@geoCoords":[0, 0, 0],
                  "@containerField":"children"
                }
              }
            ]
          },
          { "-children":[
              { "TransmitterPdu":
                {
                  "@enabled":true,
                  "@whichGeometry":1,
                  "@bboxCenter":[0, 0, 0],
                  "@bboxSize":[-1, -1, -1],
                  "@siteID":0,
                  "@applicationID":0,
                  "@entityID":0,
                  "@readInterval":0.1,
                  "@writeInterval":1.0,
                  "@networkMode":"standAlone",
                  "@address":"localhost",
                  "@port":0,
                  "@multicastRelayPort":0,
                  "@rtpHeaderExpected":false,
                  "@radioID":0,
                  "@antennaLocation":[0, 0, 0],
                  "@antennaPatternLength":0,
                  "@antennaPatternType":0,
                  "@cryptoKeyID":0,
                  "@cryptoSystem":0,
                  "@frequency":0,
                  "@inputSource":0,
                  "@lengthOfModulationParameters":0,
                  "@modulationTypeDetail":0,
                  "@modulationTypeMajor":0,
                  "@modulationTypeSpreadSpectrum":0,
                  "@modulationTypeSystem":0,
                  "@power":0.0,
                  "@radioEntityTypeCategory":0,
                  "@radioEntityTypeCountry":0,
                  "@radioEntityTypeDomain":0,
                  "@radioEntityTypeKind":0,
                  "@radioEntityTypeNomenclature":0,
                  "@radioEntityTypeNomenclatureVersion":0,
                  "@relativeAntennaLocation":[0, 0, 0],
                  "@transmitFrequencyBandwidth":0.0,
                  "@transmitState":0,
                  "@geoSystem":["GD", "WE"],
                  "@geoCoords":[0, 0, 0],
                  "@containerField":"children"
                }
              }
            ]
          },
          { "-children":[
              { "ProtoInstance":
                {
                  "@DEF":"EntityManager",
                  "@name":"DISEntityManager",
                  "@containerField":"children",
                  "fieldValue:address":
                  {
                    "@name":"address",
                    "@value":224.2.181.145
                  },
                  "fieldValue:port":
                  {
                    "@name":"port",
                    "@value":62040
                  },
                  "fieldValue:siteID":
                  {
                    "@name":"siteID",
                    "@value":0
                  },
                  "fieldValue:applicationID":
                  {
                    "@name":"applicationID",
                    "@value":1
                  },
                  "fieldValue:mapping":
                  {
                    "@name":"mapping",
                      "-mapping":[
                        {
                          "-children":[
                              { "ProtoInstance":
                                {
                                  "@name":"DISEntityTypeMapping",
                                  "@containerField":"children",
                                  "fieldValue:kind":
                                  {
                                    "@name":"kind",
                                    "@value":1
                                  },
                                  "fieldValue:domain":
                                  {
                                    "@name":"domain",
                                    "@value":1
                                  },
                                  "fieldValue:country":
                                  {
                                    "@name":"country",
                                    "@value":225
                                  },
                                  "fieldValue:category":
                                  {
                                    "@name":"category",
                                    "@value":1
                                  },
                                  "fieldValue:subcategory":
                                  {
                                    "@name":"subcategory",
                                    "@value":1
                                  },
                                  "fieldValue:specific":
                                  {
                                    "@name":"specific",
                                    "@value":1
                                  },
                                  "fieldValue:identifier":
                                  {
                                    "@name":"identifier",
                                    "@value":"m1a1tank.x3dv"
                                  }
                                }
                              }
                            ],
                          "-children":[
                              { "ProtoInstance":
                                {
                                  "@name":"DISEntityTypeMapping",
                                  "@containerField":"children",
                                  "fieldValue:kind":
                                  {
                                    "@name":"kind",
                                    "@value":1
                                  },
                                  "fieldValue:domain":
                                  {
                                    "@name":"domain",
                                    "@value":3
                                  },
                                  "fieldValue:country":
                                  {
                                    "@name":"country",
                                    "@value":225
                                  },
                                  "fieldValue:category":
                                  {
                                    "@name":"category",
                                    "@value":4
                                  },
                                  "fieldValue:identifier":
                                  {
                                    "@name":"identifier",
                                    "@value":"dog.x3dv"
                                  }
                                }
                              }
                            ],
                          "-children":[
                              { "ProtoInstance":
                                {
                                  "@name":"DISEntityTypeMapping",
                                  "@containerField":"children",
                                  "fieldValue:kind":
                                  {
                                    "@name":"kind",
                                    "@value":1
                                  },
                                  "fieldValue:domain":
                                  {
                                    "@name":"domain",
                                    "@value":1
                                  },
                                  "fieldValue:identifier":
                                  {
                                    "@name":"identifier",
                                    "@value":"land.x3dv"
                                  }
                                }
                              }
                            ],
                          "-children":[
                              { "ProtoInstance":
                                {
                                  "@name":"DISEntityTypeMapping",
                                  "@containerField":"children",
                                  "fieldValue:kind":
                                  {
                                    "@name":"kind",
                                    "@value":1
                                  },
                                  "fieldValue:domain":
                                  {
                                    "@name":"domain",
                                    "@value":1
                                  },
                                  "fieldValue:country":
                                  {
                                    "@name":"country",
                                    "@value":225
                                  },
                                  "fieldValue:identifier":
                                  {
                                    "@name":"identifier",
                                    "@value":"USAland.x3dv"
                                  }
                                }
                              }
                            ],
                          "-children":[
                              { "ProtoInstance":
                                {
                                  "@name":"DISEntityTypeMapping",
                                  "@containerField":"children",
                                  "fieldValue:kind":
                                  {
                                    "@name":"kind",
                                    "@value":1
                                  },
                                  "fieldValue:domain":
                                  {
                                    "@name":"domain",
                                    "@value":3
                                  },
                                  "fieldValue:specific":
                                  {
                                    "@name":"specific",
                                    "@value":1
                                  },
                                  "fieldValue:identifier":
                                  {
                                    "@name":"identifier",
                                    "@value":"surface.x3dv"
                                  }
                                }
                              }
                            ]
                        }
                      ]
                  }
                }
              }
            ]
          },
          { "-children":[
              { "Group":
                {
                  "@DEF":"EntityHolder",
                  "@bboxCenter":[0, 0, 0],
                  "@bboxSize":[-1, -1, -1],
                  "@containerField":"children"
                }
              }
            ]
          },
          { "ROUTE":
            {
              "@fromField":"addedEntities",
              "@fromNode":"EntityManager",
              "@toField":"addChildren",
              "@toNode":"EntityHolder"
            }
          },
          { "ROUTE":
            {
              "@fromField":"removedEntities",
              "@fromNode":"EntityManager",
              "@toField":"removeChildren",
              "@toNode":"EntityHolder"
            }
          }
      ]
    }
  ]
 }
]
