[
 { "X3D":[
    {
      "@profile":"Immersive",
      "@version":3.0,
      "@xsd:noNamespaceSchemaLocation":"http://www.web3d.org/specifications/x3d-3.0.xsd",
      "head":[
          { "meta":
            {
              "@content":"ExternProtoDeclareDefinitions.x3d",
              "@name":"title"
            }
          },
          { "meta":
            {
              "@content":"These developmental definitions provide ExternProtoDeclare examples for supported DIS PDUs. They are developmental and not needed for regular DIS usage, since they provide template outputs for the X3dToVrml97.xsl translation stylesheet. To do: add more appinfo descriptions for fields.",
              "@name":"description"
            }
          },
          { "meta":
            {
              "@content":"Don Brutzman",
              "@name":"creator"
            }
          },
          { "meta":
            {
              "@content":"26 January 2002",
              "@name":"created"
            }
          },
          { "meta":
            {
              "@content":"20 October 2015",
              "@name":"modified"
            }
          },
          { "meta":
            {
              "@content":".wrl url links intentionally precede .x3d links, X3D-Edit stylesheet X3dToVrml97.xslt automatically inserts VRML97 translations of these external prototype declarations upon encountering any DIS nodes.",
              "@name":"info"
            }
          },
          { "meta":
            {
              "@content":"C:/vrtp/dis-java-vrml.jar;",
              "@name":"classpath"
            }
          },
          { "meta":
            {
              "@content":"EspduTransformPrototypes.wrl",
              "@name":"reference"
            }
          },
          { "meta":
            {
              "@content":"EspduTransformPrototypes.x3d",
              "@name":"reference"
            }
          },
          { "meta":
            {
              "@content":"mil/navy/nps/dis/EspduTransform.java",
              "@name":"reference"
            }
          },
          { "meta":
            {
              "@content":"http://www.web3d.org/WorkingGroups/vrtp/mil/navy/nps/dis/EspduTransform.java",
              "@name":"reference"
            }
          },
          { "meta":
            {
              "@content":"http://www.web3d.org/x3d/content/examples/Basic/DistributedInteractiveSimulation/EspduTransformPrototypes.x3d",
              "@name":"reference"
            }
          },
          { "meta":
            {
              "@content":"http://www.web3d.org/x3d/content/examples/Basic/DistributedInteractiveSimulation/ExternProtoDeclareDefinitions.x3d",
              "@name":"identifier"
            }
          },
          { "meta":
            {
              "@content":"X3D-Edit 3.3, https://savage.nps.edu/X3D-Edit",
              "@name":"generator"
            }
          },
          { "meta":
            {
              "@content":"../license.html",
              "@name":"license"
            }
          }
      ],
      "Scene":[
          { "#comment":"============================================================" },
          { "ExternProtoDeclare":
            {
              "@appinfo":"EspduTransformTrace provides 3D trace values for a corresponding EspduTransorm usually as a child so that it stays local to an entity position. EspduTransformTrace compatibly adds billboarded text-trace capabilities for run-time debugging inside a scene.",
              "@name":"EspduTransform",
              "@url":["EspduTransformPrototypes.wrl#EspduTransform", "http://www.web3d.org/x3d/content/examples/Basic/DistributedInteractiveSimulation/EspduTransformPrototypes.wrl#EspduTransform", "EspduTransformPrototypes.x3d#EspduTransform", "http://www.web3d.org/x3d/content/examples/Basic/DistributedInteractiveSimulation/EspduTransformPrototypes.x3d#EspduTransform"],
              "#comment":"experimental",
              "#comment":"Standard Transform fields",
              "#comment":"Entity identity",
              "#comment":"Networking configuration parameters",
              "#comment":"Further identification",
              "#comment":"Collision PDU events",
              "#comment":"Fire, Detonate PDU events",
              "#comment":"Articulation parameters are extra blocks of information, appended one by one to end of regular Espdu.",
              "field:geoCoords_changed":
              {
                "@accessType":"outputOnly",
                "@appinfo":"Double precision output for 64-bit Espdu translation usable by GeoLocation nodes.",
                "@name":"geoCoords_changed",
                "@type":"SFVec3d"
              },
              "field:addChildren":
              {
                "@accessType":"inputOnly",
                "@appinfo":"Adding a node to the children field will add that node to the EspduTransform set of children. Warning: adding any node to the EspduTransform children field that is already in that child list is illegal. Warning: adding any node to the EspduTransform children that is an ancestor of that grouping is illegal.",
                "@name":"addChildren",
                "@type":"MFNode"
              },
              "field:removeChildren":
              {
                "@accessType":"inputOnly",
                "@appinfo":"The removeChildren event removes nodes from the EspduTransform children field. Any nodes in the removeChildren event that are not in the EspduTransform children list are ignored.",
                "@name":"removeChildren",
                "@type":"MFNode"
              },
              "field:children":
              {
                "@accessType":"inputOutput",
                "@appinfo":"Children nodes within translation and rotation coordinate system of EspduTransform. Hint: XML encoding can include child node(s) directly.",
                "@name":"children",
                "@type":"MFNode"
              },
              "field:translation":
              {
                "@accessType":"inputOutput",
                "@appinfo":"Position of children relative to local coordinate system usually read from (or written to) remote networked EspduTransform nodes.",
                "@name":"translation",
                "@type":"SFVec3f"
              },
              "field:rotation":
              {
                "@accessType":"inputOutput",
                "@appinfo":"Orientation of children relative to local coordinate system usually read from (or written to) remote networked EspduTransform nodes.",
                "@name":"rotation",
                "@type":"SFRotation"
              },
              "field:center":
              {
                "@accessType":"inputOutput",
                "@appinfo":"Translation offset from origin of local coordinate system.",
                "@name":"center",
                "@type":"SFVec3f"
              },
              "field:scale":
              {
                "@accessType":"inputOutput",
                "@appinfo":"Non-uniform x-y-z scale of child coordinate system adjusted by center and scaleOrientation.",
                "@name":"scale",
                "@type":"SFVec3f"
              },
              "field:scaleOrientation":
              {
                "@accessType":"inputOutput",
                "@appinfo":"Non-uniform x-y-z scale of child coordinate system adjusted by center and scaleOrientation.",
                "@name":"scaleOrientation",
                "@type":"SFRotation"
              },
              "field:bboxCenter":
              {
                "@accessType":"initializeOnly",
                "@appinfo":"Bounding box center: position offset from origin of local coordinate system.",
                "@name":"bboxCenter",
                "@type":"SFVec3f"
              },
              "field:bboxSize":
              {
                "@accessType":"initializeOnly",
                "@appinfo":"Bounding box size: automatically calculated can be specified as an optimization or constraint.",
                "@name":"bboxSize",
                "@type":"SFVec3f"
              },
              "field:marking":
              {
                "@accessType":"inputOutput",
                "@appinfo":"0-to-11 character label for entity.",
                "@name":"marking",
                "@type":"SFString"
              },
              "field:siteID":
              {
                "@accessType":"inputOutput",
                "@appinfo":"[0 65535] EntityID: unique ID for that site.",
                "@name":"siteID",
                "@type":"SFInt32"
              },
              "field:applicationID":
              {
                "@accessType":"inputOutput",
                "@appinfo":"[0 65535] EntityID: application ID unique ID for application at that site.",
                "@name":"applicationID",
                "@type":"SFInt32"
              },
              "field:entityID":
              {
                "@accessType":"inputOutput",
                "@appinfo":"[0 65535] EntityID: unique ID for entity within that application.",
                "@name":"entityID",
                "@type":"SFInt32"
              },
              "field:address":
              {
                "@accessType":"inputOutput",
                "@appinfo":[multicast, address, or, else, "localhost", listens, to, local, defaultBridge],
                "@name":"address",
                "@type":"SFString"
              },
              "field:port":
              {
                "@accessType":"inputOutput",
                "@appinfo":"[0 65535] multicast port or else listen to local defaultBridge",
                "@name":"port",
                "@type":"SFInt32"
              },
              "field:multicastRelayHost":
              {
                "@accessType":"inputOutput",
                "@appinfo":"Host name of multicast relay server to provide alternative connectivity if local native multicast traffic not heard.",
                "@name":"multicastRelayHost",
                "@type":"SFString"
              },
              "field:multicastRelayPort":
              {
                "@accessType":"inputOutput",
                "@appinfo":"Connection port on multicast relay server.",
                "@name":"multicastRelayPort",
                "@type":"SFInt32"
              },
              "field:networkMode":
              {
                "@accessType":"inputOutput",
                "@appinfo":"networkMode: standAlone (ignore network but still respond to local events) networkReader (listen to network as ghost entity) networkWriter (output to network as master entity at writeInterval)",
                "@name":"networkMode",
                "@type":"SFString"
              },
              "field:isStandAlone":
              {
                "@accessType":"outputOnly",
                "@appinfo":"Whether networkMode standAlone (ignore network but still respond to local events) is true/false",
                "@name":"isStandAlone",
                "@type":"SFBool"
              },
              "field:isMaster":
              {
                "@accessType":"outputOnly",
                "@appinfo":"Whether networkMode networkWriter (output to network as master entity at writeInterval) is true/false",
                "@name":"isMaster",
                "@type":"SFBool"
              },
              "field:isRemote":
              {
                "@accessType":"outputOnly",
                "@appinfo":"Whether networkMode networkReader (listen to network as ghost entity) is true/false",
                "@name":"isRemote",
                "@type":"SFBool"
              },
              "field:readInterval":
              {
                "@accessType":"inputOutput",
                "@appinfo":"seconds between read updates",
                "@name":"readInterval",
                "@type":"SFTime"
              },
              "field:writeInterval":
              {
                "@accessType":"inputOutput",
                "@appinfo":"seconds between write updates",
                "@name":"writeInterval",
                "@type":"SFTime"
              },
              "field:isActive":
              {
                "@accessType":"outputOnly",
                "@appinfo":"Indicates if the node has received a DIS message (isActive=true) or not (isActive=false). Since DIS entities can be considered inactive after some period of time (typically five seconds) either event may be received by listening nodes.",
                "@name":"isActive",
                "@type":"SFBool"
              },
              "field:timestamp":
              {
                "@accessType":"outputOnly",
                "@appinfo":"DIS timestamp in VRML units",
                "@name":"timestamp",
                "@type":"SFTime"
              },
              "field:rtpHeaderExpected":
              {
                "@accessType":"initializeOnly",
                "@appinfo":"whether RTP header is expected to be prepended to DIS packet",
                "@name":"rtpHeaderExpected",
                "@type":"SFBool"
              },
              "field:isRtpHeaderHeard":
              {
                "@accessType":"outputOnly",
                "@appinfo":"whether RTP header was found prepended to DIS packet",
                "@name":"isRtpHeaderHeard",
                "@type":"SFBool"
              },
              "field:forceID":
              {
                "@accessType":"inputOutput",
                "@appinfo":"[0 255]",
                "@name":"forceID",
                "@type":"SFInt32"
              },
              "field:entityKind":
              {
                "@accessType":"inputOutput",
                "@appinfo":"[0 255]",
                "@name":"entityKind",
                "@type":"SFInt32"
              },
              "field:entityDomain":
              {
                "@accessType":"inputOutput",
                "@appinfo":"[0 255]",
                "@name":"entityDomain",
                "@type":"SFInt32"
              },
              "field:entityCountry":
              {
                "@accessType":"inputOutput",
                "@appinfo":"[0 65535]",
                "@name":"entityCountry",
                "@type":"SFInt32"
              },
              "field:entityCategory":
              {
                "@accessType":"inputOutput",
                "@appinfo":"[0 255]",
                "@name":"entityCategory",
                "@type":"SFInt32"
              },
              "field:entitySubCategory":
              {
                "@accessType":"inputOutput",
                "@appinfo":"[0 255]",
                "@name":"entitySubCategory",
                "@type":"SFInt32"
              },
              "field:entitySpecific":
              {
                "@accessType":"inputOutput",
                "@appinfo":"[0 255]",
                "@name":"entitySpecific",
                "@type":"SFInt32"
              },
              "field:entityExtra":
              {
                "@accessType":"inputOutput",
                "@appinfo":"[0 255]",
                "@name":"entityExtra",
                "@type":"SFInt32"
              },
              "field:linearVelocity":
              {
                "@accessType":"inputOutput",
                "@name":"linearVelocity",
                "@type":"SFVec3f"
              },
              "field:linearAcceleration":
              {
                "@accessType":"inputOutput",
                "@name":"linearAcceleration",
                "@type":"SFVec3f"
              },
              "field:deadReckoning":
              {
                "@accessType":"inputOutput",
                "@appinfo":"Dead reckoning algorithm being used to project position/orientation with velocities/accelerations.",
                "@name":"deadReckoning",
                "@type":"SFInt32"
              },
              "field:isCollided":
              {
                "@accessType":"outputOnly",
                "@name":"isCollided",
                "@type":"SFBool"
              },
              "field:collideTime":
              {
                "@accessType":"outputOnly",
                "@name":"collideTime",
                "@type":"SFTime"
              },
              "field:eventApplicationID":
              {
                "@accessType":"outputOnly",
                "@appinfo":"[0 65535]",
                "@name":"eventApplicationID",
                "@type":"SFInt32"
              },
              "field:eventEntityID":
              {
                "@accessType":"outputOnly",
                "@appinfo":"[0 65535]",
                "@name":"eventEntityID",
                "@type":"SFInt32"
              },
              "field:eventNumber":
              {
                "@accessType":"outputOnly",
                "@appinfo":"[0 65535]",
                "@name":"eventNumber",
                "@type":"SFInt32"
              },
              "field:eventSiteID":
              {
                "@accessType":"outputOnly",
                "@appinfo":"[0 65535]",
                "@name":"eventSiteID",
                "@type":"SFInt32"
              },
              "field:collisionType":
              {
                "@accessType":"outputOnly",
                "@appinfo":"[0 255]",
                "@name":"collisionType",
                "@type":"SFInt32"
              },
              "field:fired1":
              {
                "@accessType":"inputOutput",
                "@name":"fired1",
                "@type":"SFBool"
              },
              "field:fired2":
              {
                "@accessType":"inputOutput",
                "@name":"fired2",
                "@type":"SFBool"
              },
              "field:firedTime":
              {
                "@accessType":"outputOnly",
                "@name":"firedTime",
                "@type":"SFTime"
              },
              "field:munitionStartPoint":
              {
                "@accessType":"inputOutput",
                "@name":"munitionStartPoint",
                "@type":"SFVec3f"
              },
              "field:munitionEndPoint":
              {
                "@accessType":"inputOutput",
                "@name":"munitionEndPoint",
                "@type":"SFVec3f"
              },
              "field:munitionApplicationID":
              {
                "@accessType":"inputOutput",
                "@appinfo":"[0 65535]",
                "@name":"munitionApplicationID",
                "@type":"SFInt32"
              },
              "field:munitionSiteID":
              {
                "@accessType":"inputOutput",
                "@appinfo":"[0 65535]",
                "@name":"munitionSiteID",
                "@type":"SFInt32"
              },
              "field:munitionEntityID":
              {
                "@accessType":"inputOutput",
                "@appinfo":"[0 65535]",
                "@name":"munitionEntityID",
                "@type":"SFInt32"
              },
              "field:fireMissionIndex":
              {
                "@accessType":"inputOutput",
                "@appinfo":"[0 65535]",
                "@name":"fireMissionIndex",
                "@type":"SFInt32"
              },
              "field:warhead":
              {
                "@accessType":"inputOutput",
                "@appinfo":"[0 65535]",
                "@name":"warhead",
                "@type":"SFInt32"
              },
              "field:fuse":
              {
                "@accessType":"inputOutput",
                "@appinfo":"[0 65535]",
                "@name":"fuse",
                "@type":"SFInt32"
              },
              "field:munitionQuantity":
              {
                "@accessType":"inputOutput",
                "@appinfo":"[0 65535]",
                "@name":"munitionQuantity",
                "@type":"SFInt32"
              },
              "field:firingRate":
              {
                "@accessType":"inputOutput",
                "@appinfo":"[0 65535]",
                "@name":"firingRate",
                "@type":"SFInt32"
              },
              "field:firingRange":
              {
                "@accessType":"inputOutput",
                "@name":"firingRange",
                "@type":"SFFloat"
              },
              "field:isDetonated":
              {
                "@accessType":"outputOnly",
                "@name":"isDetonated",
                "@type":"SFBool"
              },
              "field:detonateTime":
              {
                "@accessType":"outputOnly",
                "@name":"detonateTime",
                "@type":"SFTime"
              },
              "field:detonationLocation":
              {
                "@accessType":"outputOnly",
                "@name":"detonationLocation",
                "@type":"SFVec3f"
              },
              "field:detonationRelativeLocation":
              {
                "@accessType":"outputOnly",
                "@name":"detonationRelativeLocation",
                "@type":"SFVec3f"
              },
              "field:detonationResult":
              {
                "@accessType":"outputOnly",
                "@name":"detonationResult",
                "@type":"SFInt32"
              },
              "field:articulationParameterCount":
              {
                "@accessType":"inputOutput",
                "@appinfo":"range [0 78]. Indicates the number of appended parameters that are being used to describe articulation of various segments of the entity model.",
                "@name":"articulationParameterCount",
                "@type":"SFInt32"
              },
              "field:articulationParameterDesignatorArray":
              {
                "@accessType":"inputOutput",
                "@appinfo":"range [0 255]. The Parameter Type Designator entries in the articulationParameterDesignatorArray indicate if the the parameter record is for an articulated or attached part. It is represented by an 8-bit enumeration.",
                "@name":"articulationParameterDesignatorArray",
                "@type":"MFInt32"
              },
              "field:articulationParameterChangeIndicatorArray":
              {
                "@accessType":"inputOutput",
                "@appinfo":"range [0 255]. The Change Indicator entries in the articulationChangeIndicatorArray indicate the change of any parameter for the associated articulated part. This is specified by an 8-bit unsigned integer. The value is initially set to zero for each exercise and is sequentially incremented by one for each change in the articulation parameters. The proper indicator is updated automatically by an X3D DIS implementation upon receipt of a set_articulationParameterValue event.",
                "@name":"articulationParameterChangeIndicatorArray",
                "@type":"MFInt32"
              },
              "field:articulationParameterIdPartAttachedToArray":
              {
                "@accessType":"inputOutput",
                "@appinfo":"range [0 65535]. The ID - Part Attached To entries in the articulationParameterIdPartAttachedToArray identify the articulated part to which this articulation parameter is attached. The value is specified by a 16-bit unsigned integer and is set to zero if the articulated part is attached directly to the entity.",
                "@name":"articulationParameterIdPartAttachedToArray",
                "@type":"MFInt32"
              },
              "field:articulationParameterTypeArray":
              {
                "@accessType":"inputOutput",
                "@appinfo":"range [0 255]. The Parameter Type entries in the articulationParameterTypeArray are specified by 32-bit enumeration values.",
                "@name":"articulationParameterTypeArray",
                "@type":"MFInt32"
              },
              "field:articulationParameterArray":
              {
                "@accessType":"inputOutput",
                "@appinfo":"The Parameter Value entries in the articulationParameterArray are specified by a 64-bit field. The definition of the 64 bits is determined based on the type of parameter indicated above.",
                "@name":"articulationParameterArray",
                "@type":"MFFloat"
              },
              "field:set_articulationParameterValue0":
              {
                "@accessType":"inputOnly",
                "@name":"set_articulationParameterValue0",
                "@type":"SFFloat"
              },
              "field:set_articulationParameterValue1":
              {
                "@accessType":"inputOnly",
                "@name":"set_articulationParameterValue1",
                "@type":"SFFloat"
              },
              "field:set_articulationParameterValue2":
              {
                "@accessType":"inputOnly",
                "@name":"set_articulationParameterValue2",
                "@type":"SFFloat"
              },
              "field:set_articulationParameterValue3":
              {
                "@accessType":"inputOnly",
                "@name":"set_articulationParameterValue3",
                "@type":"SFFloat"
              },
              "field:set_articulationParameterValue4":
              {
                "@accessType":"inputOnly",
                "@name":"set_articulationParameterValue4",
                "@type":"SFFloat"
              },
              "field:set_articulationParameterValue5":
              {
                "@accessType":"inputOnly",
                "@name":"set_articulationParameterValue5",
                "@type":"SFFloat"
              },
              "field:set_articulationParameterValue6":
              {
                "@accessType":"inputOnly",
                "@name":"set_articulationParameterValue6",
                "@type":"SFFloat"
              },
              "field:set_articulationParameterValue7":
              {
                "@accessType":"inputOnly",
                "@name":"set_articulationParameterValue7",
                "@type":"SFFloat"
              },
              "field:articulationParameterValue0_changed":
              {
                "@accessType":"outputOnly",
                "@name":"articulationParameterValue0_changed",
                "@type":"SFFloat"
              },
              "field:articulationParameterValue1_changed":
              {
                "@accessType":"outputOnly",
                "@name":"articulationParameterValue1_changed",
                "@type":"SFFloat"
              },
              "field:articulationParameterValue2_changed":
              {
                "@accessType":"outputOnly",
                "@name":"articulationParameterValue2_changed",
                "@type":"SFFloat"
              },
              "field:articulationParameterValue3_changed":
              {
                "@accessType":"outputOnly",
                "@name":"articulationParameterValue3_changed",
                "@type":"SFFloat"
              },
              "field:articulationParameterValue4_changed":
              {
                "@accessType":"outputOnly",
                "@name":"articulationParameterValue4_changed",
                "@type":"SFFloat"
              },
              "field:articulationParameterValue5_changed":
              {
                "@accessType":"outputOnly",
                "@name":"articulationParameterValue5_changed",
                "@type":"SFFloat"
              },
              "field:articulationParameterValue6_changed":
              {
                "@accessType":"outputOnly",
                "@name":"articulationParameterValue6_changed",
                "@type":"SFFloat"
              },
              "field:articulationParameterValue7_changed":
              {
                "@accessType":"outputOnly",
                "@name":"articulationParameterValue7_changed",
                "@type":"SFFloat"
              }
            }
          },
          { "#comment":"============================================================" },
          { "ExternProtoDeclare":
            {
              "@appinfo":"EspduTransform is a networked Grouping node that can contain most nodes. EspduTransform integrates functionality for the following DIS PDUs: EntityStatePdu CollisionPdu DetonatePdu FirePdu CreateEntity RemoveEntity.",
              "@name":"EspduTransformTrace",
              "@url":["EspduTransformPrototypes.wrl#EspduTransformTrace", "http://www.web3d.org/x3d/content/examples/Basic/DistributedInteractiveSimulation/EspduTransformPrototypes.wrl#EspduTransformTrace", "EspduTransformPrototypes.x3d#EspduTransformTrace", "http://www.web3d.org/x3d/content/examples/Basic/DistributedInteractiveSimulation/EspduTransformPrototypes.x3d#EspduTransformTrace"],
              "field:espduTransformNode":
              {
                "@accessType":"initializeOnly",
                "@appinfo":[initialize, with, EspduTransform, USE="NodeToBeTraced"],
                "@name":"espduTransformNode",
                "@type":"SFNode"
              },
              "field:traceColor":
              {
                "@accessType":"initializeOnly",
                "@appinfo":"Trace text color",
                "@name":"traceColor",
                "@type":"SFColor"
              },
              "field:traceOffset":
              {
                "@accessType":"initializeOnly",
                "@appinfo":"Trace text position relative to entity",
                "@name":"traceOffset",
                "@type":"SFVec3f"
              },
              "field:traceFontSize":
              {
                "@accessType":"initializeOnly",
                "@appinfo":"Trace text scale",
                "@name":"traceFontSize",
                "@type":"SFFloat"
              },
              "field:traceJava":
              {
                "@accessType":"initializeOnly",
                "@appinfo":"(not passable???) whether or not to include verbose trace comments in Java console in order to help debug network connectivity",
                "@name":"traceJava",
                "@type":"SFBool"
              },
              "field:localTraceEnabled":
              {
                "@accessType":"initializeOnly",
                "@appinfo":"Whether EspduTransformTrace debug scripting has verbose output",
                "@name":"localTraceEnabled",
                "@type":"SFBool"
              }
            }
          },
          { "#comment":"============================================================" },
          { "ExternProtoDeclare":
            {
              "@name":"ReceiverPdu",
              "@url":["RadioCommunicationsPrototypes.wrl#ReceiverPdu", "http://www.web3d.org/x3d/content/examples/Basic/DistributedInteractiveSimulation/RadioCommunicationsPrototypes.wrl#ReceiverPdu", "RadioCommunicationsPrototypes.x3d#ReceiverPdu", "http://www.web3d.org/x3d/content/examples/Basic/DistributedInteractiveSimulation/RadioCommunicationsPrototypes.x3d#ReceiverPdu"],
              "#comment":"Initialization fields",
              "#comment":"Generic events",
              "#comment":"RadioCommunicationsFamily events",
              "#comment":"ReceiverPdu fields",
              "field:whichGeometry":
              {
                "@accessType":"inputOutput",
                "@appinfo":"set whichGeometry to -1 for no geometry 0 for text trace 1 for default geometry",
                "@name":"whichGeometry",
                "@type":"SFInt32"
              },
              "field:bboxCenter":
              {
                "@accessType":"initializeOnly",
                "@appinfo":"Bounding box center: position offset from origin of local coordinate system.",
                "@name":"bboxCenter",
                "@type":"SFVec3f"
              },
              "field:bboxSize":
              {
                "@accessType":"initializeOnly",
                "@appinfo":"Bounding box size: automatically calculated can be specified as an optimization or constraint.",
                "@name":"bboxSize",
                "@type":"SFVec3f"
              },
              "field:networkMode":
              {
                "@accessType":"inputOutput",
                "@appinfo":"networkMode: standAlone (ignore network but still respond to local events) networkReader (listen to network as ghost entity) networkWriter (output to network as master entity at writeInterval)",
                "@name":"networkMode",
                "@type":"SFString"
              },
              "field:isStandAlone":
              {
                "@accessType":"outputOnly",
                "@appinfo":"Whether networkMode standAlone (ignore network but still respond to local events) is true/false",
                "@name":"isStandAlone",
                "@type":"SFBool"
              },
              "field:isMaster":
              {
                "@accessType":"outputOnly",
                "@appinfo":"Whether networkMode networkWriter (output to network as master entity at writeInterval) is true/false",
                "@name":"isMaster",
                "@type":"SFBool"
              },
              "field:isRemote":
              {
                "@accessType":"outputOnly",
                "@appinfo":"Whether networkMode networkReader (listen to network as ghost entity) is true/false",
                "@name":"isRemote",
                "@type":"SFBool"
              },
              "field:readInterval":
              {
                "@accessType":"initializeOnly",
                "@name":"readInterval",
                "@type":"SFTime"
              },
              "field:writeInterval":
              {
                "@accessType":"initializeOnly",
                "@name":"writeInterval",
                "@type":"SFTime"
              },
              "field:siteID":
              {
                "@accessType":"inputOutput",
                "@appinfo":"[0 65535] siteID: unique ID for that site.",
                "@name":"siteID",
                "@type":"SFInt32"
              },
              "field:applicationID":
              {
                "@accessType":"initializeOnly",
                "@name":"applicationID",
                "@type":"SFInt32"
              },
              "field:entityID":
              {
                "@accessType":"initializeOnly",
                "@name":"entityID",
                "@type":"SFInt32"
              },
              "field:address":
              {
                "@accessType":"initializeOnly",
                "@name":"address",
                "@type":"SFString"
              },
              "field:port":
              {
                "@accessType":"initializeOnly",
                "@name":"port",
                "@type":"SFInt32"
              },
              "field:multicastRelayHost":
              {
                "@accessType":"initializeOnly",
                "@name":"multicastRelayHost",
                "@type":"SFString"
              },
              "field:multicastRelayPort":
              {
                "@accessType":"initializeOnly",
                "@name":"multicastRelayPort",
                "@type":"SFInt32"
              },
              "field:rtpHeaderExpected":
              {
                "@accessType":"initializeOnly",
                "@appinfo":"whether RTP header is expected to be prepended to DIS packet",
                "@name":"rtpHeaderExpected",
                "@type":"SFBool"
              },
              "field:isRtpHeaderHeard":
              {
                "@accessType":"outputOnly",
                "@appinfo":"whether RTP header was found prepended to DIS packet",
                "@name":"isRtpHeaderHeard",
                "@type":"SFBool"
              },
              "field:trace":
              {
                "@accessType":"initializeOnly",
                "@name":"trace",
                "@type":"SFBool"
              },
              "field:active":
              {
                "@accessType":"outputOnly",
                "@name":"active",
                "@type":"SFBool"
              },
              "field:timestamp":
              {
                "@accessType":"outputOnly",
                "@name":"timestamp",
                "@type":"SFTime"
              },
              "field:radioID":
              {
                "@accessType":"outputOnly",
                "@name":"radioID",
                "@type":"SFInt32"
              },
              "field:receivedPower":
              {
                "@accessType":"outputOnly",
                "@name":"receivedPower",
                "@type":"SFFloat"
              },
              "field:receiverState":
              {
                "@accessType":"outputOnly",
                "@name":"receiverState",
                "@type":"SFInt32"
              },
              "field:transmitterSiteID":
              {
                "@accessType":"outputOnly",
                "@name":"transmitterSiteID",
                "@type":"SFInt32"
              },
              "field:transmitterApplicationID":
              {
                "@accessType":"outputOnly",
                "@name":"transmitterApplicationID",
                "@type":"SFInt32"
              },
              "field:transmitterEntityID":
              {
                "@accessType":"outputOnly",
                "@name":"transmitterEntityID",
                "@type":"SFInt32"
              },
              "field:transmitterRadioID":
              {
                "@accessType":"outputOnly",
                "@name":"transmitterRadioID",
                "@type":"SFInt32"
              }
            }
          },
          { "#comment":"============================================================" },
          { "ExternProtoDeclare":
            {
              "@name":"SignalPdu",
              "@url":["RadioCommunicationsPrototypes.wrl#SignalPdu", "http://www.web3d.org/x3d/content/examples/Basic/DistributedInteractiveSimulation/RadioCommunicationsPrototypes.wrl#SignalPdu", "RadioCommunicationsPrototypes.x3d#SignalPdu", "http://www.web3d.org/x3d/content/examples/Basic/DistributedInteractiveSimulation/RadioCommunicationsPrototypes.x3d#SignalPdu"],
              "#comment":"set whichGeometry to -1 for no geometry, 0 for text trace, 1 for default geometry",
              "#comment":"Initialization fields",
              "#comment":"Generic events",
              "#comment":"RadioCommunicationsFamily events",
              "#comment":"SignalPdu fields",
              "field:whichGeometry":
              {
                "@accessType":"inputOutput",
                "@name":"whichGeometry",
                "@type":"SFInt32"
              },
              "field:bboxCenter":
              {
                "@accessType":"initializeOnly",
                "@appinfo":"Bounding box center: position offset from origin of local coordinate system.",
                "@name":"bboxCenter",
                "@type":"SFVec3f"
              },
              "field:bboxSize":
              {
                "@accessType":"initializeOnly",
                "@appinfo":"Bounding box size: automatically calculated can be specified as an optimization or constraint.",
                "@name":"bboxSize",
                "@type":"SFVec3f"
              },
              "field:networkMode":
              {
                "@accessType":"inputOutput",
                "@appinfo":"networkMode: standAlone (ignore network but still respond to local events) networkReader (listen to network as ghost entity) networkWriter (output to network as master entity at writeInterval)",
                "@name":"networkMode",
                "@type":"SFString"
              },
              "field:isStandAlone":
              {
                "@accessType":"outputOnly",
                "@appinfo":"Whether networkMode standAlone (ignore network but still respond to local events) is true/false",
                "@name":"isStandAlone",
                "@type":"SFBool"
              },
              "field:isMaster":
              {
                "@accessType":"outputOnly",
                "@appinfo":"Whether networkMode networkWriter (output to network as master entity at writeInterval) is true/false",
                "@name":"isMaster",
                "@type":"SFBool"
              },
              "field:isRemote":
              {
                "@accessType":"outputOnly",
                "@appinfo":"Whether networkMode networkReader (listen to network as ghost entity) is true/false",
                "@name":"isRemote",
                "@type":"SFBool"
              },
              "field:readInterval":
              {
                "@accessType":"initializeOnly",
                "@name":"readInterval",
                "@type":"SFTime"
              },
              "field:writeInterval":
              {
                "@accessType":"initializeOnly",
                "@name":"writeInterval",
                "@type":"SFTime"
              },
              "field:siteID":
              {
                "@accessType":"inputOutput",
                "@appinfo":"[0 65535] siteID: unique ID for that site.",
                "@name":"siteID",
                "@type":"SFInt32"
              },
              "field:applicationID":
              {
                "@accessType":"initializeOnly",
                "@name":"applicationID",
                "@type":"SFInt32"
              },
              "field:entityID":
              {
                "@accessType":"initializeOnly",
                "@name":"entityID",
                "@type":"SFInt32"
              },
              "field:address":
              {
                "@accessType":"initializeOnly",
                "@name":"address",
                "@type":"SFString"
              },
              "field:port":
              {
                "@accessType":"initializeOnly",
                "@name":"port",
                "@type":"SFInt32"
              },
              "field:multicastRelayHost":
              {
                "@accessType":"initializeOnly",
                "@name":"multicastRelayHost",
                "@type":"SFString"
              },
              "field:multicastRelayPort":
              {
                "@accessType":"initializeOnly",
                "@name":"multicastRelayPort",
                "@type":"SFInt32"
              },
              "field:rtpHeaderExpected":
              {
                "@accessType":"initializeOnly",
                "@appinfo":"whether RTP header is expected to be prepended to DIS packet",
                "@name":"rtpHeaderExpected",
                "@type":"SFBool"
              },
              "field:isRtpHeaderHeard":
              {
                "@accessType":"outputOnly",
                "@appinfo":"whether RTP header was found prepended to DIS packet",
                "@name":"isRtpHeaderHeard",
                "@type":"SFBool"
              },
              "field:trace":
              {
                "@accessType":"initializeOnly",
                "@name":"trace",
                "@type":"SFBool"
              },
              "field:active":
              {
                "@accessType":"outputOnly",
                "@name":"active",
                "@type":"SFBool"
              },
              "field:timestamp":
              {
                "@accessType":"outputOnly",
                "@name":"timestamp",
                "@type":"SFTime"
              },
              "field:radioID":
              {
                "@accessType":"outputOnly",
                "@name":"radioID",
                "@type":"SFInt32"
              },
              "field:encodingScheme":
              {
                "@accessType":"outputOnly",
                "@name":"encodingScheme",
                "@type":"SFInt32"
              },
              "field:tdlType":
              {
                "@accessType":"outputOnly",
                "@name":"tdlType",
                "@type":"SFInt32"
              },
              "field:sampleRate":
              {
                "@accessType":"outputOnly",
                "@name":"sampleRate",
                "@type":"SFInt32"
              },
              "field:samples":
              {
                "@accessType":"outputOnly",
                "@name":"samples",
                "@type":"SFInt32"
              },
              "field:dataLength":
              {
                "@accessType":"outputOnly",
                "@name":"dataLength",
                "@type":"SFInt32"
              },
              "field:data00":
              {
                "@accessType":"outputOnly",
                "@name":"data00",
                "@type":"SFInt32"
              },
              "field:data01":
              {
                "@accessType":"outputOnly",
                "@name":"data01",
                "@type":"SFInt32"
              },
              "field:data02":
              {
                "@accessType":"outputOnly",
                "@name":"data02",
                "@type":"SFInt32"
              },
              "field:data03":
              {
                "@accessType":"outputOnly",
                "@name":"data03",
                "@type":"SFInt32"
              },
              "field:data04":
              {
                "@accessType":"outputOnly",
                "@name":"data04",
                "@type":"SFInt32"
              },
              "field:data05":
              {
                "@accessType":"outputOnly",
                "@name":"data05",
                "@type":"SFInt32"
              },
              "field:data06":
              {
                "@accessType":"outputOnly",
                "@name":"data06",
                "@type":"SFInt32"
              },
              "field:data07":
              {
                "@accessType":"outputOnly",
                "@name":"data07",
                "@type":"SFInt32"
              },
              "field:data08":
              {
                "@accessType":"outputOnly",
                "@name":"data08",
                "@type":"SFInt32"
              },
              "field:data09":
              {
                "@accessType":"outputOnly",
                "@name":"data09",
                "@type":"SFInt32"
              },
              "field:data10":
              {
                "@accessType":"outputOnly",
                "@name":"data10",
                "@type":"SFInt32"
              }
            }
          },
          { "#comment":"============================================================" },
          { "ExternProtoDeclare":
            {
              "@name":"TransmitterPdu",
              "@url":["RadioCommunicationsPrototypes.wrl#TransmitterPdu", "http://www.web3d.org/x3d/content/examples/Basic/DistributedInteractiveSimulation/RadioCommunicationsPrototypes.wrl#TransmitterPdu", "RadioCommunicationsPrototypes.x3d#TransmitterPdu", "http://www.web3d.org/x3d/content/examples/Basic/DistributedInteractiveSimulation/RadioCommunicationsPrototypes.x3d#TransmitterPdu"],
              "#comment":"set whichGeometry to -1 for no geometry, 0 for text trace, 1 for default geometry",
              "#comment":"Initialization fields",
              "#comment":"Generic events",
              "#comment":"RadioCommunicationsFamily events",
              "#comment":"TransmitterPdu fields",
              "field:whichGeometry":
              {
                "@accessType":"inputOutput",
                "@name":"whichGeometry",
                "@type":"SFInt32"
              },
              "field:bboxCenter":
              {
                "@accessType":"initializeOnly",
                "@appinfo":"Bounding box center: position offset from origin of local coordinate system.",
                "@name":"bboxCenter",
                "@type":"SFVec3f"
              },
              "field:bboxSize":
              {
                "@accessType":"initializeOnly",
                "@appinfo":"Bounding box size: automatically calculated can be specified as an optimization or constraint.",
                "@name":"bboxSize",
                "@type":"SFVec3f"
              },
              "field:networkMode":
              {
                "@accessType":"inputOutput",
                "@appinfo":"networkMode: standAlone (ignore network but still respond to local events) networkReader (listen to network as ghost entity) networkWriter (output to network as master entity at writeInterval)",
                "@name":"networkMode",
                "@type":"SFString"
              },
              "field:isStandAlone":
              {
                "@accessType":"outputOnly",
                "@appinfo":"Whether networkMode standAlone (ignore network but still respond to local events) is true/false",
                "@name":"isStandAlone",
                "@type":"SFBool"
              },
              "field:isMaster":
              {
                "@accessType":"outputOnly",
                "@appinfo":"Whether networkMode networkWriter (output to network as master entity at writeInterval) is true/false",
                "@name":"isMaster",
                "@type":"SFBool"
              },
              "field:isRemote":
              {
                "@accessType":"outputOnly",
                "@appinfo":"Whether networkMode networkReader (listen to network as ghost entity) is true/false",
                "@name":"isRemote",
                "@type":"SFBool"
              },
              "field:readInterval":
              {
                "@accessType":"initializeOnly",
                "@name":"readInterval",
                "@type":"SFTime"
              },
              "field:writeInterval":
              {
                "@accessType":"initializeOnly",
                "@name":"writeInterval",
                "@type":"SFTime"
              },
              "field:siteID":
              {
                "@accessType":"inputOutput",
                "@appinfo":"[0 65535] siteID: unique ID for that site.",
                "@name":"siteID",
                "@type":"SFInt32"
              },
              "field:applicationID":
              {
                "@accessType":"initializeOnly",
                "@name":"applicationID",
                "@type":"SFInt32"
              },
              "field:entityID":
              {
                "@accessType":"initializeOnly",
                "@name":"entityID",
                "@type":"SFInt32"
              },
              "field:address":
              {
                "@accessType":"initializeOnly",
                "@name":"address",
                "@type":"SFString"
              },
              "field:port":
              {
                "@accessType":"initializeOnly",
                "@name":"port",
                "@type":"SFInt32"
              },
              "field:multicastRelayHost":
              {
                "@accessType":"initializeOnly",
                "@name":"multicastRelayHost",
                "@type":"SFString"
              },
              "field:multicastRelayPort":
              {
                "@accessType":"initializeOnly",
                "@name":"multicastRelayPort",
                "@type":"SFInt32"
              },
              "field:rtpHeaderExpected":
              {
                "@accessType":"initializeOnly",
                "@appinfo":"whether RTP header is expected to be prepended to DIS packet",
                "@name":"rtpHeaderExpected",
                "@type":"SFBool"
              },
              "field:isRtpHeaderHeard":
              {
                "@accessType":"outputOnly",
                "@appinfo":"whether RTP header was found prepended to DIS packet",
                "@name":"isRtpHeaderHeard",
                "@type":"SFBool"
              },
              "field:trace":
              {
                "@accessType":"initializeOnly",
                "@name":"trace",
                "@type":"SFBool"
              },
              "field:active":
              {
                "@accessType":"outputOnly",
                "@name":"active",
                "@type":"SFBool"
              },
              "field:timestamp":
              {
                "@accessType":"outputOnly",
                "@name":"timestamp",
                "@type":"SFTime"
              },
              "field:radioID":
              {
                "@accessType":"outputOnly",
                "@name":"radioID",
                "@type":"SFInt32"
              },
              "field:antennaLocation":
              {
                "@accessType":"outputOnly",
                "@name":"antennaLocation",
                "@type":"SFVec3f"
              },
              "field:antennaPatternLength":
              {
                "@accessType":"outputOnly",
                "@name":"antennaPatternLength",
                "@type":"SFInt32"
              },
              "field:antennaPatternType":
              {
                "@accessType":"outputOnly",
                "@name":"antennaPatternType",
                "@type":"SFInt32"
              },
              "field:cryptoKeyID":
              {
                "@accessType":"outputOnly",
                "@name":"cryptoKeyID",
                "@type":"SFInt32"
              },
              "field:cryptoSytem":
              {
                "@accessType":"outputOnly",
                "@name":"cryptoSytem",
                "@type":"SFInt32"
              },
              "field:frequency":
              {
                "@accessType":"outputOnly",
                "@name":"frequency",
                "@type":"SFInt32"
              },
              "field:inputSource":
              {
                "@accessType":"outputOnly",
                "@name":"inputSource",
                "@type":"SFInt32"
              },
              "field:lengthOfModulationParameters":
              {
                "@accessType":"outputOnly",
                "@name":"lengthOfModulationParameters",
                "@type":"SFInt32"
              },
              "field:modulationTypeDetail":
              {
                "@accessType":"outputOnly",
                "@name":"modulationTypeDetail",
                "@type":"SFInt32"
              },
              "field:modulationTypeMajor":
              {
                "@accessType":"outputOnly",
                "@name":"modulationTypeMajor",
                "@type":"SFInt32"
              },
              "field:modulationTypeSpreadSpectrum":
              {
                "@accessType":"outputOnly",
                "@name":"modulationTypeSpreadSpectrum",
                "@type":"SFInt32"
              },
              "field:modulationTypeSystem":
              {
                "@accessType":"outputOnly",
                "@name":"modulationTypeSystem",
                "@type":"SFInt32"
              },
              "field:power":
              {
                "@accessType":"outputOnly",
                "@name":"power",
                "@type":"SFInt32"
              },
              "field:radioEntityTypeCategory":
              {
                "@accessType":"outputOnly",
                "@name":"radioEntityTypeCategory",
                "@type":"SFInt32"
              },
              "field:radioEntityTypeCountry":
              {
                "@accessType":"outputOnly",
                "@name":"radioEntityTypeCountry",
                "@type":"SFInt32"
              },
              "field:radioEntityTypeDomain":
              {
                "@accessType":"outputOnly",
                "@name":"radioEntityTypeDomain",
                "@type":"SFInt32"
              },
              "field:radioEntityTypeKind":
              {
                "@accessType":"outputOnly",
                "@name":"radioEntityTypeKind",
                "@type":"SFInt32"
              },
              "field:radioEntityTypeNomenclature":
              {
                "@accessType":"outputOnly",
                "@name":"radioEntityTypeNomenclature",
                "@type":"SFInt32"
              },
              "field:radioEntityTypeNomenclatureVersion":
              {
                "@accessType":"outputOnly",
                "@name":"radioEntityTypeNomenclatureVersion",
                "@type":"SFInt32"
              },
              "field:relativeAntennaLocation":
              {
                "@accessType":"outputOnly",
                "@name":"relativeAntennaLocation",
                "@type":"SFVec3f"
              },
              "field:transmitFrequencyBandwidth":
              {
                "@accessType":"outputOnly",
                "@name":"transmitFrequencyBandwidth",
                "@type":"SFInt32"
              },
              "field:transmitState":
              {
                "@accessType":"outputOnly",
                "@name":"transmitState",
                "@type":"SFInt32"
              }
            }
          },
          { "#comment":"============================================================" },
          { "#comment":"Redirection text in case a user examines this PROTO file via a 3D browser:" },
          { "-children":[
              { "Viewpoint":
                {
                  "@description":"ExternProtoDeclare Definitions",
                  "@position":[0, 0, 8],
                  "@fieldOfView":0.7854,
                  "@jump":true,
                  "@orientation":[0, 0, 1, 0],
                  "@centerOfRotation":[0, 0, 0],
                  "@containerField":"children"
                }
              }
            ]
          },
          { "-children":[
              { "Anchor":
                {
                  "@description":"EspduTransform Example",
                  "@parameter":["target=_blank"],
                  "@url":["EspduTransformExample.x3d", "http://www.web3d.org/x3d/content/examples/Basic/DistributedInteractiveSimulation/EspduTransformExample.x3d", "EspduTransformExample.wrl", "http://www.web3d.org/x3d/content/examples/Basic/DistributedInteractiveSimulation/EspduTransformExample.wrl"],
                  "@bboxCenter":[0, 0, 0],
                  "@bboxSize":[-1, -1, -1],
                  "@containerField":"children",
                  "-children":[
                      { "Shape":
                        {
                          "@containerField":"children",
                          "@bboxCenter":[0, 0, 0],
                          "@bboxSize":[-1, -1, -1],
                          "-appearance":[
                              { "Appearance":
                                {
                                  "@containerField":"appearance",
                                  "-material":[
                                      { "Material":
                                        {
                                          "@diffuseColor":[0, 1, 1],
                                          "@emissiveColor":[0, 1, 1],
                                          "@ambientIntensity":0.2,
                                          "@shininess":0.2,
                                          "@specularColor":[0, 0, 0],
                                          "@transparency":0,
                                          "@containerField":"material"
                                        }
                                      }
                                    ]
                                }
                              }
                            ],
                          "-geometry":[
                              { "Text":
                                {
                                  "@string":["ExternProtoDeclareDefinitions.x3d", "is, a, Prototype, (PROTO), definition, file.", "", "To, see, an, example, scene, using, this, node,", "click, the, text, and, view", "EspduTransformExample"],
                                  "@maxExtent":0.0,
                                  "@solid":false,
                                  "@containerField":"geometry",
                                  "-fontStyle":[
                                      { "FontStyle":
                                        {
                                          "@justify":["MIDDLE", "MIDDLE"],
                                          "@size":0.5,
                                          "@family":["SERIF"],
                                          "@horizontal":true,
                                          "@leftToRight":true,
                                          "@spacing":1.0,
                                          "@style":"PLAIN",
                                          "@topToBottom":true,
                                          "@containerField":"fontStyle"
                                        }
                                      }
                                    ]
                                }
                              }
                            ]
                        }
                      }
                    ]
                }
              }
            ]
          }
      ]
    }
  ]
 }
]
