[
 { "X3D":[
    {
      "@profile":"Immersive",
      "@version":3.2,
      "@xsd:noNamespaceSchemaLocation":"http://www.web3d.org/specifications/x3d-3.2.xsd",
      "head":[
          { "-childNodeFieldNameNotFound":[
              { "component":
                {
                  "@level":1,
                  "@name":"DIS"
                }
              }
            ]
          },
          { "meta":
            {
              "@content":"TestBoxEspdu.x3d",
              "@name":"title"
            }
          },
          { "meta":
            {
              "@content":"Don Brutzman, Don McGregor",
              "@name":"creator"
            }
          },
          { "meta":
            {
              "@content":"1 January 2007",
              "@name":"created"
            }
          },
          { "meta":
            {
              "@content":"12 January 2014",
              "@name":"modified"
            }
          },
          { "meta":
            {
              "@content":"Leonard Daly and Don Brutzman",
              "@name":"creator"
            }
          },
          { "meta":
            {
              "@content":"A simple EspduTransform test to move a Box.",
              "@name":"description"
            }
          },
          { "meta":
            {
              "@content":"http://www.web3d.org/x3d/content/examples/Basic/DistributedInteractiveSimulation/TestBoxEspdu.x3d",
              "@name":"identifier"
            }
          },
          { "meta":
            {
              "@content":"X3D-Edit 3.3, https://savage.nps.edu/X3D-Edit",
              "@name":"generator"
            }
          },
          { "meta":
            {
              "@content":"../../license.html",
              "@name":"license"
            }
          }
      ],
      "Scene":[
          { "-children":[
              { "Viewpoint":
                {
                  "@description":"EspduTransform moves Box",
                  "@position":[0, 0, 25],
                  "@fieldOfView":0.7854,
                  "@jump":true,
                  "@orientation":[0, 0, 1, 0],
                  "@centerOfRotation":[0, 0, 0],
                  "@retainUserOffsets":false,
                  "@containerField":"children"
                }
              }
            ]
          },
          { "-children":[
              { "Background":
                {
                  "@skyColor":[0.5, 0.6, 0.8],
                  "@transparency":0,
                  "@containerField":"children"
                }
              }
            ]
          },
          { "-children":[
              { "EspduTransform":
                {
                  "@address":239.1.2.3,
                  "@entityID":2,
                  "@marking":"TestBox",
                  "@networkMode":"networkReader",
                  "@port":62040,
                  "@enabled":true,
                  "@siteID":0,
                  "@applicationID":0,
                  "@forceID":0,
                  "@entityKind":0,
                  "@entityDomain":0,
                  "@entityCountry":0,
                  "@entityCategory":0,
                  "@entitySubcategory":0,
                  "@entitySpecific":0,
                  "@entityExtra":0,
                  "@readInterval":0.1,
                  "@writeInterval":1.0,
                  "@translation":[0, 0, 0],
                  "@rotation":[0, 0, 1, 0],
                  "@scale":[1, 1, 1],
                  "@scaleOrientation":[0, 0, 1, 0],
                  "@bboxCenter":[0, 0, 0],
                  "@bboxSize":[-1, -1, -1],
                  "@center":[0, 0, 0],
                  "@multicastRelayPort":0,
                  "@rtpHeaderExpected":false,
                  "@deadReckoning":0,
                  "@linearVelocity":[0, 0, 0],
                  "@linearAcceleration":[0, 0, 0],
                  "@fired1":false,
                  "@fired2":false,
                  "@collisionType":0,
                  "@detonationLocation":[0, 0, 0],
                  "@detonationRelativeLocation":[0, 0, 0],
                  "@detonationResult":0,
                  "@eventApplicationID":0,
                  "@eventEntityID":0,
                  "@eventNumber":0,
                  "@eventSiteID":0,
                  "@munitionStartPoint":[0, 0, 0],
                  "@munitionEndPoint":[0, 0, 0],
                  "@warhead":0,
                  "@fuse":0,
                  "@munitionQuantity":0,
                  "@firingRate":0,
                  "@firingRange":0,
                  "@munitionSiteID":0,
                  "@munitionApplicationID":0,
                  "@munitionEntityID":0,
                  "@fireMissionIndex":0,
                  "@articulationParameterCount":0,
                  "@geoSystem":["GD", "WE"],
                  "@geoCoords":[0, 0, 0],
                  "@containerField":"children",
                  "-children":[
                      { "Shape":
                        {
                          "@containerField":"children",
                          "@bboxCenter":[0, 0, 0],
                          "@bboxSize":[-1, -1, -1],
                          "-geometry":[
                              { "Box":
                                {
                                  "@size":[2, 4, 6],
                                  "@solid":true,
                                  "@containerField":"geometry"
                                }
                              }
                            ],
                          "-appearance":[
                              { "Appearance":
                                {
                                  "@containerField":"appearance",
                                  "-material":[
                                      { "Material":
                                        {
                                          "@diffuseColor":[0.748014, 0.62085, 0],
                                          "@shininess":0.93,
                                          "@specularColor":[0.860606, 0.860606, 0.860599],
                                          "@ambientIntensity":0.2,
                                          "@emissiveColor":[0, 0, 0],
                                          "@transparency":0,
                                          "@containerField":"material"
                                        }
                                      }
                                    ]
                                }
                              }
                            ]
                        }
                      }
                    ]
                }
              }
            ]
          },
          { "-children":[
              { "Transform":
                {
                  "@scale":[5, 5, 5],
                  "@center":[0, 0, 0],
                  "@rotation":[0, 0, 1, 0],
                  "@scaleOrientation":[0, 0, 1, 0],
                  "@translation":[0, 0, 0],
                  "@bboxCenter":[0, 0, 0],
                  "@bboxSize":[-1, -1, -1],
                  "@containerField":"children",
                  "-children":[
                      { "Inline":
                        {
                          "@url":["../../X3dForWebAuthors/Chapter03-Grouping//CoordinateAxes.x3d", "http://X3dGraphics.com/examples/X3dForWebAuthors/Chapter03-Grouping/CoordinateAxes.x3d"],
                          "@load":true,
                          "@bboxCenter":[0, 0, 0],
                          "@bboxSize":[-1, -1, -1],
                          "@containerField":"children"
                        }
                      }
                    ]
                }
              }
            ]
          }
      ]
    }
  ]
 }
]
