[
 { "X3D":[
    {
      "@profile":"Interchange",
      "@version":3.2,
      "@xsd:noNamespaceSchemaLocation":"http://www.web3d.org/specifications/x3d-3.2.xsd",
      "head":[
          { "meta":
            {
              "@content":"TestCube.x3d",
              "@name":"title"
            }
          },
          { "meta":
            {
              "@content":"Don Brutzman",
              "@name":"creator"
            }
          },
          { "meta":
            {
              "@content":"1 November 2008",
              "@name":"created"
            }
          },
          { "meta":
            {
              "@content":"30 May 2013",
              "@name":"modified"
            }
          },
          { "meta":
            {
              "@content":"Provides a cube-shaped test model with each side face individually labeled.",
              "@name":"description"
            }
          },
          { "meta":
            {
              "@content":"http://x3dGraphics.com/examples/X3dForAdvancedModeling/GeometricShapes/CubeWithLabeledSides.x3d",
              "@name":"reference"
            }
          },
          { "meta":
            {
              "@content":"images/TestBoxImages.vsd",
              "@name":"drawing"
            }
          },
          { "meta":
            {
              "@content":"http://www.web3d.org/x3d/content/examples/Basic/DistributedInteractiveSimulation/images/TestBoxImages.vsd",
              "@name":"drawing"
            }
          },
          { "meta":
            {
              "@content":"http://www.web3d.org/x3d/content/examples/Basic/DistributedInteractiveSimulation/TestCube.x3d",
              "@name":"identifier"
            }
          },
          { "meta":
            {
              "@content":"X3D-Edit 3.3, https://savage.nps.edu/X3D-Edit",
              "@name":"generator"
            }
          },
          { "meta":
            {
              "@content":"../license.html",
              "@name":"license"
            }
          }
      ],
      "Scene":[
          { "-children":[
              { "Background":
                {
                  "@skyColor":[0.05, 0.05, 0.1],
                  "@transparency":0,
                  "@containerField":"children"
                }
              }
            ]
          },
          { "-children":[
              { "Group":
                {
                  "@bboxCenter":[0, 0, 0],
                  "@bboxSize":[-1, -1, -1],
                  "@containerField":"children",
                  "-children":[
                      { "Viewpoint":
                        {
                          "@description":"Front view",
                          "@orientation":[0, 1, 0, 1.57],
                          "@position":[8, 0, 0],
                          "@fieldOfView":0.7854,
                          "@jump":true,
                          "@centerOfRotation":[0, 0, 0],
                          "@retainUserOffsets":false,
                          "@containerField":"children"
                        }
                      }
                    ],
                  "-children":[
                      { "Shape":
                        {
                          "@DEF":"Front",
                          "@containerField":"children",
                          "@bboxCenter":[0, 0, 0],
                          "@bboxSize":[-1, -1, -1],
                          "-geometry":[
                              { "IndexedFaceSet":
                                {
                                  "@coordIndex":[0, 1, 2, 3],
                                  "@texCoordIndex":[0, 1, 2, 3],
                                  "@ccw":true,
                                  "@colorPerVertex":true,
                                  "@convex":true,
                                  "@creaseAngle":0,
                                  "@normalPerVertex":true,
                                  "@solid":true,
                                  "@containerField":"geometry",
                                  "-coord":[
                                      { "Coordinate":
                                        {
                                          "@DEF":"Points",
                                          "@point":[1, 1, 1, 1, -1, 1, 1, -1, -1, 1, 1, -1, -1, 1, 1, -1, -1, 1, -1, -1, -1, -1, 1, -1],
                                          "@containerField":"coord"
                                        }
                                      }
                                    ],
                                  "-texCoord":[
                                      { "TextureCoordinate":
                                        {
                                          "@DEF":"DefaultTextureCoordinate",
                                          "@point":[0, 0, 1, 0, 1, 1, 0, 1],
                                          "@containerField":"texCoord"
                                        }
                                      }
                                    ]
                                }
                              }
                            ],
                          "-appearance":[
                              { "Appearance":
                                {
                                  "@containerField":"appearance",
                                  "-texture":[
                                      { "ImageTexture":
                                        {
                                          "@url":["images/front.png", "http://x3dGraphics.com/examples/X3dForAdvancedModeling/GeometricShapes/images/front.png", "http://www.web3d.org/x3d/content/examples/Basic/DistributedInteractiveSimulation/images/front.png"],
                                          "@repeatS":true,
                                          "@repeatT":true,
                                          "@containerField":"texture"
                                        }
                                      }
                                    ],
                                  "#comment":"Possible variation: experiment with indices to as alternative to TextureTransform rotations",
                                  "-textureTransform":[
                                      { "TextureTransform":
                                        {
                                          "@DEF":"RotateRight",
                                          "@rotation":-1.57,
                                          "@center":[0, 0],
                                          "@scale":[1, 1],
                                          "@translation":[0, 0],
                                          "@containerField":"textureTransform"
                                        }
                                      }
                                    ]
                                }
                              }
                            ]
                        }
                      }
                    ],
                  "-children":[
                      { "Viewpoint":
                        {
                          "@description":"Back view",
                          "@orientation":[0, 1, 0, -1.57],
                          "@position":[-8, 0, 0],
                          "@fieldOfView":0.7854,
                          "@jump":true,
                          "@centerOfRotation":[0, 0, 0],
                          "@retainUserOffsets":false,
                          "@containerField":"children"
                        }
                      }
                    ],
                  "-children":[
                      { "Shape":
                        {
                          "@DEF":"Back",
                          "@containerField":"children",
                          "@bboxCenter":[0, 0, 0],
                          "@bboxSize":[-1, -1, -1],
                          "-geometry":[
                              { "IndexedFaceSet":
                                {
                                  "@coordIndex":[7, 6, 5, 4],
                                  "@texCoordIndex":[0, 1, 2, 3],
                                  "@ccw":true,
                                  "@colorPerVertex":true,
                                  "@convex":true,
                                  "@creaseAngle":0,
                                  "@normalPerVertex":true,
                                  "@solid":true,
                                  "@containerField":"geometry",
                                  "-coord":[
                                      { "Coordinate":
                                        {
                                          "@USE":"Points",
                                          "@containerField":"coord"
                                        }
                                      }
                                    ],
                                  "-texCoord":[
                                      { "TextureCoordinate":
                                        {
                                          "@USE":"DefaultTextureCoordinate",
                                          "@containerField":"texCoord"
                                        }
                                      }
                                    ]
                                }
                              }
                            ],
                          "-appearance":[
                              { "Appearance":
                                {
                                  "@containerField":"appearance",
                                  "-texture":[
                                      { "ImageTexture":
                                        {
                                          "@url":["images/back.png", "http://x3dGraphics.com/examples/X3dForAdvancedModeling/GeometricShapes/images/back.png", "http://www.web3d.org/x3d/content/examples/Basic/DistributedInteractiveSimulation/images/back.png"],
                                          "@repeatS":true,
                                          "@repeatT":true,
                                          "@containerField":"texture"
                                        }
                                      }
                                    ],
                                  "-textureTransform":[
                                      { "TextureTransform":
                                        {
                                          "@USE":"RotateRight",
                                          "@containerField":"textureTransform"
                                        }
                                      }
                                    ]
                                }
                              }
                            ]
                        }
                      }
                    ],
                  "-children":[
                      { "Viewpoint":
                        {
                          "@description":"Left view",
                          "@orientation":[0, 1, 0, 3.1416],
                          "@position":[0, 0, -8],
                          "@fieldOfView":0.7854,
                          "@jump":true,
                          "@centerOfRotation":[0, 0, 0],
                          "@retainUserOffsets":false,
                          "@containerField":"children"
                        }
                      }
                    ],
                  "-children":[
                      { "Shape":
                        {
                          "@DEF":"Left",
                          "@containerField":"children",
                          "@bboxCenter":[0, 0, 0],
                          "@bboxSize":[-1, -1, -1],
                          "-geometry":[
                              { "IndexedFaceSet":
                                {
                                  "@coordIndex":[3, 2, 6, 7],
                                  "@texCoordIndex":[0, 1, 2, 3],
                                  "@ccw":true,
                                  "@colorPerVertex":true,
                                  "@convex":true,
                                  "@creaseAngle":0,
                                  "@normalPerVertex":true,
                                  "@solid":true,
                                  "@containerField":"geometry",
                                  "-coord":[
                                      { "Coordinate":
                                        {
                                          "@USE":"Points",
                                          "@containerField":"coord"
                                        }
                                      }
                                    ],
                                  "-texCoord":[
                                      { "TextureCoordinate":
                                        {
                                          "@USE":"DefaultTextureCoordinate",
                                          "@containerField":"texCoord"
                                        }
                                      }
                                    ]
                                }
                              }
                            ],
                          "-appearance":[
                              { "Appearance":
                                {
                                  "@containerField":"appearance",
                                  "-texture":[
                                      { "ImageTexture":
                                        {
                                          "@url":["images/left.png", "http://x3dGraphics.com/examples/X3dForAdvancedModeling/GeometricShapes/images/left.png", "http://www.web3d.org/x3d/content/examples/Basic/DistributedInteractiveSimulation/images/left.png"],
                                          "@repeatS":true,
                                          "@repeatT":true,
                                          "@containerField":"texture"
                                        }
                                      }
                                    ],
                                  "-textureTransform":[
                                      { "TextureTransform":
                                        {
                                          "@USE":"RotateRight",
                                          "@containerField":"textureTransform"
                                        }
                                      }
                                    ]
                                }
                              }
                            ]
                        }
                      }
                    ],
                  "-children":[
                      { "Viewpoint":
                        {
                          "@description":"Right view",
                          "@position":[0, 0, 8],
                          "@fieldOfView":0.7854,
                          "@jump":true,
                          "@orientation":[0, 0, 1, 0],
                          "@centerOfRotation":[0, 0, 0],
                          "@retainUserOffsets":false,
                          "@containerField":"children"
                        }
                      }
                    ],
                  "-children":[
                      { "Shape":
                        {
                          "@DEF":"Right",
                          "@containerField":"children",
                          "@bboxCenter":[0, 0, 0],
                          "@bboxSize":[-1, -1, -1],
                          "-geometry":[
                              { "IndexedFaceSet":
                                {
                                  "@coordIndex":[0, 4, 5, 1],
                                  "@texCoordIndex":[0, 1, 2, 3],
                                  "@ccw":true,
                                  "@colorPerVertex":true,
                                  "@convex":true,
                                  "@creaseAngle":0,
                                  "@normalPerVertex":true,
                                  "@solid":true,
                                  "@containerField":"geometry",
                                  "-coord":[
                                      { "Coordinate":
                                        {
                                          "@USE":"Points",
                                          "@containerField":"coord"
                                        }
                                      }
                                    ],
                                  "-texCoord":[
                                      { "TextureCoordinate":
                                        {
                                          "@USE":"DefaultTextureCoordinate",
                                          "@containerField":"texCoord"
                                        }
                                      }
                                    ]
                                }
                              }
                            ],
                          "-appearance":[
                              { "Appearance":
                                {
                                  "@containerField":"appearance",
                                  "-texture":[
                                      { "ImageTexture":
                                        {
                                          "@url":["images/right.png", "http://x3dGraphics.com/examples/X3dForAdvancedModeling/GeometricShapes/images/right.png", "http://www.web3d.org/x3d/content/examples/Basic/DistributedInteractiveSimulation/images/right.png"],
                                          "@repeatS":true,
                                          "@repeatT":true,
                                          "@containerField":"texture"
                                        }
                                      }
                                    ],
                                  "-textureTransform":[
                                      { "TextureTransform":
                                        {
                                          "@DEF":"Rotate180",
                                          "@rotation":3.14159,
                                          "@center":[0, 0],
                                          "@scale":[1, 1],
                                          "@translation":[0, 0],
                                          "@containerField":"textureTransform"
                                        }
                                      }
                                    ]
                                }
                              }
                            ]
                        }
                      }
                    ],
                  "-children":[
                      { "Viewpoint":
                        {
                          "@description":"Top view",
                          "@orientation":[1, 0, 0, -1.57],
                          "@position":[0, 8, 0],
                          "@fieldOfView":0.7854,
                          "@jump":true,
                          "@centerOfRotation":[0, 0, 0],
                          "@retainUserOffsets":false,
                          "@containerField":"children"
                        }
                      }
                    ],
                  "-children":[
                      { "Shape":
                        {
                          "@DEF":"Top",
                          "@containerField":"children",
                          "@bboxCenter":[0, 0, 0],
                          "@bboxSize":[-1, -1, -1],
                          "-geometry":[
                              { "IndexedFaceSet":
                                {
                                  "@coordIndex":[0, 3, 7, 4],
                                  "@texCoordIndex":[0, 1, 2, 3],
                                  "@ccw":true,
                                  "@colorPerVertex":true,
                                  "@convex":true,
                                  "@creaseAngle":0,
                                  "@normalPerVertex":true,
                                  "@solid":true,
                                  "@containerField":"geometry",
                                  "-coord":[
                                      { "Coordinate":
                                        {
                                          "@USE":"Points",
                                          "@containerField":"coord"
                                        }
                                      }
                                    ],
                                  "-texCoord":[
                                      { "TextureCoordinate":
                                        {
                                          "@USE":"DefaultTextureCoordinate",
                                          "@containerField":"texCoord"
                                        }
                                      }
                                    ]
                                }
                              }
                            ],
                          "-appearance":[
                              { "Appearance":
                                {
                                  "@containerField":"appearance",
                                  "-texture":[
                                      { "ImageTexture":
                                        {
                                          "@url":["images/top.png", "http://x3dGraphics.com/examples/X3dForAdvancedModeling/GeometricShapes/images/top.png", "http://www.web3d.org/x3d/content/examples/Basic/DistributedInteractiveSimulation/images/top.png"],
                                          "@repeatS":true,
                                          "@repeatT":true,
                                          "@containerField":"texture"
                                        }
                                      }
                                    ],
                                  "-textureTransform":[
                                      { "TextureTransform":
                                        {
                                          "@DEF":"RotateLeft",
                                          "@rotation":1.57,
                                          "@center":[0, 0],
                                          "@scale":[1, 1],
                                          "@translation":[0, 0],
                                          "@containerField":"textureTransform"
                                        }
                                      }
                                    ]
                                }
                              }
                            ]
                        }
                      }
                    ],
                  "-children":[
                      { "Viewpoint":
                        {
                          "@description":"Bottom view",
                          "@orientation":[1, 0, 0, 1.57],
                          "@position":[0, -8, 0],
                          "@fieldOfView":0.7854,
                          "@jump":true,
                          "@centerOfRotation":[0, 0, 0],
                          "@retainUserOffsets":false,
                          "@containerField":"children"
                        }
                      }
                    ],
                  "-children":[
                      { "Shape":
                        {
                          "@DEF":"Bottom",
                          "@containerField":"children",
                          "@bboxCenter":[0, 0, 0],
                          "@bboxSize":[-1, -1, -1],
                          "-geometry":[
                              { "IndexedFaceSet":
                                {
                                  "@coordIndex":[1, 5, 6, 2],
                                  "@texCoordIndex":[0, 1, 2, 3],
                                  "@ccw":true,
                                  "@colorPerVertex":true,
                                  "@convex":true,
                                  "@creaseAngle":0,
                                  "@normalPerVertex":true,
                                  "@solid":true,
                                  "@containerField":"geometry",
                                  "-coord":[
                                      { "Coordinate":
                                        {
                                          "@USE":"Points",
                                          "@containerField":"coord"
                                        }
                                      }
                                    ],
                                  "-texCoord":[
                                      { "TextureCoordinate":
                                        {
                                          "@USE":"DefaultTextureCoordinate",
                                          "@containerField":"texCoord"
                                        }
                                      }
                                    ]
                                }
                              }
                            ],
                          "-appearance":[
                              { "Appearance":
                                {
                                  "@containerField":"appearance",
                                  "-texture":[
                                      { "ImageTexture":
                                        {
                                          "@url":["images/bottom.png", "http://x3dGraphics.com/examples/X3dForAdvancedModeling/GeometricShapes/images/bottom.png", "http://www.web3d.org/x3d/content/examples/Basic/DistributedInteractiveSimulation/images/bottom.png"],
                                          "@repeatS":true,
                                          "@repeatT":true,
                                          "@containerField":"texture"
                                        }
                                      }
                                    ],
                                  "-textureTransform":[
                                      { "TextureTransform":
                                        {
                                          "@USE":"Rotate180",
                                          "@containerField":"textureTransform"
                                        }
                                      }
                                    ]
                                }
                              }
                            ]
                        }
                      }
                    ]
                }
              }
            ]
          }
      ]
    }
  ]
 }
]
