[
 { "X3D":[
    {
      "@profile":"Immersive",
      "@version":3.2,
      "@xsd:noNamespaceSchemaLocation":"http://www.web3d.org/specifications/x3d-3.2.xsd",
      "head":[
          { "-childNodeFieldNameNotFound":[
              { "component":
                {
                  "@level":1,
                  "@name":"DIS"
                }
              }
            ]
          },
          { "meta":
            {
              "@content":"TestImages.x3d",
              "@name":"title"
            }
          },
          { "meta":
            {
              "@content":"Don Brutzman",
              "@name":"creator"
            }
          },
          { "meta":
            {
              "@content":"20 January 2009",
              "@name":"created"
            }
          },
          { "meta":
            {
              "@content":"12 January 2014",
              "@name":"modified"
            }
          },
          { "meta":
            {
              "@content":"Verify renderability of png image textures using a Box.",
              "@name":"description"
            }
          },
          { "meta":
            {
              "@content":"TestCube.x3d",
              "@name":"reference"
            }
          },
          { "meta":
            {
              "@content":"http://www.web3d.org/x3d/content/examples/Basic/DistributedInteractiveSimulation/TestImages.x3d",
              "@name":"identifier"
            }
          },
          { "meta":
            {
              "@content":"X3D-Edit 3.3, https://savage.nps.edu/X3D-Edit",
              "@name":"generator"
            }
          },
          { "meta":
            {
              "@content":"../license.html",
              "@name":"license"
            }
          }
      ],
      "Scene":[
          { "-children":[
              { "Background":
                {
                  "@skyColor":[0.8, 0.8, 0.9],
                  "@transparency":0,
                  "@containerField":"children"
                }
              }
            ]
          },
          { "-children":[
              { "Viewpoint":
                {
                  "@description":"Front view",
                  "@orientation":[0, 1, 0, 1.57],
                  "@position":[8, 0, 0],
                  "@fieldOfView":0.7854,
                  "@jump":true,
                  "@centerOfRotation":[0, 0, 0],
                  "@retainUserOffsets":false,
                  "@containerField":"children"
                }
              }
            ]
          },
          { "-children":[
              { "Switch":
                {
                  "@DEF":"BoxSwitcher",
                  "@whichChoice":-1,
                  "@containerField":"children",
                  "@bboxCenter":[0, 0, 0],
                  "@bboxSize":[-1, -1, -1],
                  "-children":[
                      { "Shape":
                        {
                          "@containerField":"children",
                          "@bboxCenter":[0, 0, 0],
                          "@bboxSize":[-1, -1, -1],
                          "-geometry":[
                              { "Box":
                                {
                                  "@DEF":"UnitBox",
                                  "@size":[2, 2, 2],
                                  "@solid":true,
                                  "@containerField":"geometry"
                                }
                              }
                            ],
                          "-appearance":[
                              { "Appearance":
                                {
                                  "@containerField":"appearance",
                                  "-texture":[
                                      { "ImageTexture":
                                        {
                                          "@url":["images/front.png", "http://www.web3d.org/x3d/content/examples/Basic/DistributedInteractiveSimulation/images/front.png"],
                                          "@repeatS":true,
                                          "@repeatT":true,
                                          "@containerField":"texture"
                                        }
                                      }
                                    ]
                                }
                              }
                            ]
                        }
                      }
                    ],
                  "-children":[
                      { "Shape":
                        {
                          "@containerField":"children",
                          "@bboxCenter":[0, 0, 0],
                          "@bboxSize":[-1, -1, -1],
                          "-geometry":[
                              { "Box":
                                {
                                  "@USE":"UnitBox",
                                  "@containerField":"geometry"
                                }
                              }
                            ],
                          "-appearance":[
                              { "Appearance":
                                {
                                  "@containerField":"appearance",
                                  "-texture":[
                                      { "ImageTexture":
                                        {
                                          "@url":["images/back.png", "http://www.web3d.org/x3d/content/examples/Basic/DistributedInteractiveSimulation/images/back.png"],
                                          "@repeatS":true,
                                          "@repeatT":true,
                                          "@containerField":"texture"
                                        }
                                      }
                                    ]
                                }
                              }
                            ]
                        }
                      }
                    ],
                  "-children":[
                      { "Shape":
                        {
                          "@containerField":"children",
                          "@bboxCenter":[0, 0, 0],
                          "@bboxSize":[-1, -1, -1],
                          "-geometry":[
                              { "Box":
                                {
                                  "@USE":"UnitBox",
                                  "@containerField":"geometry"
                                }
                              }
                            ],
                          "-appearance":[
                              { "Appearance":
                                {
                                  "@containerField":"appearance",
                                  "-texture":[
                                      { "ImageTexture":
                                        {
                                          "@url":["images/left.png", "http://www.web3d.org/x3d/content/examples/Basic/DistributedInteractiveSimulation/images/left.png"],
                                          "@repeatS":true,
                                          "@repeatT":true,
                                          "@containerField":"texture"
                                        }
                                      }
                                    ]
                                }
                              }
                            ]
                        }
                      }
                    ],
                  "-children":[
                      { "Shape":
                        {
                          "@containerField":"children",
                          "@bboxCenter":[0, 0, 0],
                          "@bboxSize":[-1, -1, -1],
                          "-geometry":[
                              { "Box":
                                {
                                  "@USE":"UnitBox",
                                  "@containerField":"geometry"
                                }
                              }
                            ],
                          "-appearance":[
                              { "Appearance":
                                {
                                  "@containerField":"appearance",
                                  "-texture":[
                                      { "ImageTexture":
                                        {
                                          "@url":["images/right.png", "http://www.web3d.org/x3d/content/examples/Basic/DistributedInteractiveSimulation/images/right.png"],
                                          "@repeatS":true,
                                          "@repeatT":true,
                                          "@containerField":"texture"
                                        }
                                      }
                                    ]
                                }
                              }
                            ]
                        }
                      }
                    ],
                  "-children":[
                      { "Shape":
                        {
                          "@containerField":"children",
                          "@bboxCenter":[0, 0, 0],
                          "@bboxSize":[-1, -1, -1],
                          "-geometry":[
                              { "Box":
                                {
                                  "@USE":"UnitBox",
                                  "@containerField":"geometry"
                                }
                              }
                            ],
                          "-appearance":[
                              { "Appearance":
                                {
                                  "@containerField":"appearance",
                                  "-texture":[
                                      { "ImageTexture":
                                        {
                                          "@url":["images/top.png", "http://www.web3d.org/x3d/content/examples/Basic/DistributedInteractiveSimulation/images/top.png"],
                                          "@repeatS":true,
                                          "@repeatT":true,
                                          "@containerField":"texture"
                                        }
                                      }
                                    ]
                                }
                              }
                            ]
                        }
                      }
                    ],
                  "-children":[
                      { "Shape":
                        {
                          "@containerField":"children",
                          "@bboxCenter":[0, 0, 0],
                          "@bboxSize":[-1, -1, -1],
                          "-geometry":[
                              { "Box":
                                {
                                  "@USE":"UnitBox",
                                  "@containerField":"geometry"
                                }
                              }
                            ],
                          "-appearance":[
                              { "Appearance":
                                {
                                  "@containerField":"appearance",
                                  "-texture":[
                                      { "ImageTexture":
                                        {
                                          "@url":["images/bottom.png", "http://www.web3d.org/x3d/content/examples/Basic/DistributedInteractiveSimulation/images/bottom.png"],
                                          "@repeatS":true,
                                          "@repeatT":true,
                                          "@containerField":"texture"
                                        }
                                      }
                                    ]
                                }
                              }
                            ]
                        }
                      }
                    ]
                }
              }
            ]
          },
          { "-children":[
              { "TimeSensor":
                {
                  "@DEF":"Clock",
                  "@cycleInterval":12,
                  "@loop":true,
                  "@enabled":true,
                  "@startTime":0,
                  "@stopTime":0,
                  "@pauseTime":0,
                  "@resumeTime":0,
                  "@containerField":"children"
                }
              }
            ]
          },
          { "-children":[
              { "IntegerSequencer":
                {
                  "@DEF":"Sequencer",
                  "@key":[0, 0.1667, 0.3333, 0.5, 0.6667, 0.8333, 1],
                  "@keyValue":[0, 1, 2, 3, 4, 5, 0],
                  "@containerField":"children"
                }
              }
            ]
          },
          { "ROUTE":
            {
              "@fromField":"fraction_changed",
              "@fromNode":"Clock",
              "@toField":"set_fraction",
              "@toNode":"Sequencer"
            }
          },
          { "ROUTE":
            {
              "@fromField":"value_changed",
              "@fromNode":"Sequencer",
              "@toField":"whichChoice",
              "@toNode":"BoxSwitcher"
            }
          },
          { "-children":[
              { "Viewpoint":
                {
                  "@description":"Back view",
                  "@orientation":[0, 1, 0, -1.57],
                  "@position":[-8, 0, 0],
                  "@fieldOfView":0.7854,
                  "@jump":true,
                  "@centerOfRotation":[0, 0, 0],
                  "@retainUserOffsets":false,
                  "@containerField":"children"
                }
              }
            ]
          },
          { "-children":[
              { "Viewpoint":
                {
                  "@description":"Left view",
                  "@position":[0, 0, 8],
                  "@fieldOfView":0.7854,
                  "@jump":true,
                  "@orientation":[0, 0, 1, 0],
                  "@centerOfRotation":[0, 0, 0],
                  "@retainUserOffsets":false,
                  "@containerField":"children"
                }
              }
            ]
          },
          { "-children":[
              { "Viewpoint":
                {
                  "@description":"Right view",
                  "@orientation":[0, 1, 0, 3.1416],
                  "@position":[0, 0, -8],
                  "@fieldOfView":0.7854,
                  "@jump":true,
                  "@centerOfRotation":[0, 0, 0],
                  "@retainUserOffsets":false,
                  "@containerField":"children"
                }
              }
            ]
          },
          { "-children":[
              { "Viewpoint":
                {
                  "@description":"Top view",
                  "@orientation":[1, 0, 0, -1.57],
                  "@position":[0, 8, 0],
                  "@fieldOfView":0.7854,
                  "@jump":true,
                  "@centerOfRotation":[0, 0, 0],
                  "@retainUserOffsets":false,
                  "@containerField":"children"
                }
              }
            ]
          },
          { "-children":[
              { "Viewpoint":
                {
                  "@description":"Bottom view",
                  "@orientation":[1, 0, 0, 1.57],
                  "@position":[0, -8, 0],
                  "@fieldOfView":0.7854,
                  "@jump":true,
                  "@centerOfRotation":[0, 0, 0],
                  "@retainUserOffsets":false,
                  "@containerField":"children"
                }
              }
            ]
          }
      ]
    }
  ]
 }
]
