[
 { "X3D":[
    {
      "@profile":"Immersive",
      "@version":3.2,
      "@xsd:noNamespaceSchemaLocation":"http://www.web3d.org/specifications/x3d-3.2.xsd",
      "head":[
          { "meta":
            {
              "@content":"HelloWorldSignedDecrypted.x3d",
              "@name":"title"
            }
          },
          { "meta":
            {
              "@content":"Simple X3D example with XML digital signature for author authentication, also used for example combined with encryption",
              "@name":"description"
            }
          },
          { "meta":
            {
              "@content":"2 July 2008",
              "@name":"created"
            }
          },
          { "meta":
            {
              "@content":"6 July 2008",
              "@name":"modified"
            }
          },
          { "meta":
            {
              "@content":"Don Brutzman, Mike Bailey",
              "@name":"creator"
            }
          },
          { "meta":
            {
              "@content":"X3dSecurityReadMe.html",
              "@name":"reference"
            }
          },
          { "meta":
            {
              "@content":"keystore/SelectSigningKeyPair.png",
              "@name":"reference"
            }
          },
          { "meta":
            {
              "@content":"keystore/PublicPrivatePair_certificateChain.cer",
              "@name":"reference"
            }
          },
          { "meta":
            {
              "@content":"http://www.web3d.org/x3d/content/examples/HelloWorld.x3d",
              "@name":"reference"
            }
          },
          { "meta":
            {
              "@content":"http://www.web3d.org/x3d/content/examples/Basic/Security/HelloWorldSignedEncryptedResult.xml",
              "@name":"reference"
            }
          },
          { "meta":
            {
              "@content":"http://www.web3d.org/x3d/content/examples/Basic/Security/HelloWorldSigned.x3d",
              "@name":"reference"
            }
          },
          { "meta":
            {
              "@content":"http://www.web3d.org/x3d/content/examples/Basic/Security/HelloWorldSignedDecrypted.x3d",
              "@name":"identifier"
            }
          },
          { "meta":
            {
              "@content":"X3D-Edit 3.2, https://savage.nps.edu/X3D-Edit",
              "@name":"generator"
            }
          },
          { "meta":
            {
              "@content":"../license.html",
              "@name":"license"
            }
          },
          { "meta":
            {
              "@content":"X3D security, XML signature authentication, public private key pair, XML encryption, secret key",
              "@name":"subject"
            }
          }
      ],
      "Scene":[
          { "#comment":"Example scene to illustrate X3D tags and attributes." },
          { "-children":[
              { "Group":
                {
                  "@bboxCenter":[0, 0, 0],
                  "@bboxSize":[-1, -1, -1],
                  "@containerField":"children",
                  "-children":[
                      { "Viewpoint":
                        {
                          "@centerOfRotation":[0, -1, 0],
                          "@containerField":"children",
                          "@description":"Hello world!",
                          "@fieldOfView":0.7854,
                          "@jump":true,
                          "@orientation":[0, 0, 1, 0],
                          "@position":[0, -1, 7],
                          "@retainUserOffsets":false
                        }
                      }
                    ],
                  "-children":[
                      { "Transform":
                        {
                          "@bboxCenter":[0, 0, 0],
                          "@bboxSize":[-1, -1, -1],
                          "@center":[0, 0, 0],
                          "@containerField":"children",
                          "@rotation":[0, 1, 0, 3],
                          "@scale":[1, 1, 1],
                          "@scaleOrientation":[0, 0, 1, 0],
                          "@translation":[0, 0, 0],
                          "-children":[
                              { "Shape":
                                {
                                  "@bboxCenter":[0, 0, 0],
                                  "@bboxSize":[-1, -1, -1],
                                  "@containerField":"children",
                                  "-geometry":[
                                      { "Sphere":
                                        {
                                          "@containerField":"geometry",
                                          "@radius":1,
                                          "@solid":true
                                        }
                                      }
                                    ],
                                  "-appearance":[
                                      { "Appearance":
                                        {
                                          "@containerField":"appearance",
                                          "-material":[
                                              { "Material":
                                                {
                                                  "@ambientIntensity":0.2,
                                                  "@containerField":"material",
                                                  "@diffuseColor":[0, 0.5, 1],
                                                  "@emissiveColor":[0, 0, 0],
                                                  "@shininess":0.2,
                                                  "@specularColor":[0, 0, 0],
                                                  "@transparency":0
                                                }
                                              }
                                            ],
                                          "-texture":[
                                              { "ImageTexture":
                                                {
                                                  "@containerField":"texture",
                                                  "@repeatS":true,
                                                  "@repeatT":true,
                                                  "@url":["../earth-topo.png", "../earth-topo.jpg", "../earth-topo-small.gif", "http://www.web3d.org/x3d/content/examples/Basic/earth-topo.png", "http://www.web3d.org/x3d/content/examples/Basic/earth-topo.jpg", "http://www.web3d.org/x3d/content/examples/Basic/earth-topo-small.gif"]
                                                }
                                              }
                                            ]
                                        }
                                      }
                                    ]
                                }
                              }
                            ]
                        }
                      }
                    ],
                  "-children":[
                      { "Transform":
                        {
                          "@bboxCenter":[0, 0, 0],
                          "@bboxSize":[-1, -1, -1],
                          "@center":[0, 0, 0],
                          "@containerField":"children",
                          "@rotation":[0, 0, 1, 0],
                          "@scale":[1, 1, 1],
                          "@scaleOrientation":[0, 0, 1, 0],
                          "@translation":[0, -2, 0],
                          "-children":[
                              { "Shape":
                                {
                                  "@bboxCenter":[0, 0, 0],
                                  "@bboxSize":[-1, -1, -1],
                                  "@containerField":"children",
                                  "-geometry":[
                                      { "Text":
                                        {
                                          "@containerField":"geometry",
                                          "@maxExtent":0.0,
                                          "@solid":false,
                                          "@string":["Hello", "world!"],
                                          "-fontStyle":[
                                              { "FontStyle":
                                                {
                                                  "@containerField":"fontStyle",
                                                  "@family":["SERIF"],
                                                  "@horizontal":true,
                                                  "@justify":["MIDDLE", "MIDDLE"],
                                                  "@leftToRight":true,
                                                  "@size":1.0,
                                                  "@spacing":1.0,
                                                  "@style":"PLAIN",
                                                  "@topToBottom":true
                                                }
                                              }
                                            ]
                                        }
                                      }
                                    ],
                                  "-appearance":[
                                      { "Appearance":
                                        {
                                          "@containerField":"appearance",
                                          "-material":[
                                              { "Material":
                                                {
                                                  "@ambientIntensity":0.2,
                                                  "@containerField":"material",
                                                  "@diffuseColor":[0.1, 0.5, 1],
                                                  "@emissiveColor":[0, 0, 0],
                                                  "@shininess":0.2,
                                                  "@specularColor":[0, 0, 0],
                                                  "@transparency":0
                                                }
                                              }
                                            ]
                                        }
                                      }
                                    ]
                                }
                              }
                            ]
                        }
                      }
                    ]
                }
              }
            ]
          }
      ],
      "-childNodeFieldNameNotFound":[
          { "Signature":
              { "-childNodeFieldNameNotFound":[
                  { "SignedInfo":
                      { "-childNodeFieldNameNotFound":[
                          { "CanonicalizationMethod":
                            {
                              "@Algorithm":"http://www.w3.org/TR/2001/REC-xml-c14n-20010315"
                            }
                          }
                        ]
                      },
                      { "-childNodeFieldNameNotFound":[
                          { "SignatureMethod":
                            {
                              "@Algorithm":"http://www.w3.org/2000/09/xmldsig#rsa-sha1"
                            }
                          }
                        ]
                      },
                      { "-childNodeFieldNameNotFound":[
                          { "Reference":
                            {
                              "@URI":"#xpointer(/)",
                              "-childNodeFieldNameNotFound":[
                                  { "Transforms":
                                      { "-childNodeFieldNameNotFound":[
                                          { "Transform":
                                            {
                                              "@Algorithm":"http://www.w3.org/2000/09/xmldsig#enveloped-signature"
                                            }
                                          }
                                        ]
                                      },
                                      { "-childNodeFieldNameNotFound":[
                                          { "Transform":
                                            {
                                              "@Algorithm":"http://www.w3.org/TR/2001/REC-xml-c14n-20010315#WithComments"
                                            }
                                          }
                                        ]
                                      }
                                  }
                                ],
                              "-childNodeFieldNameNotFound":[
                                  { "DigestMethod":
                                    {
                                      "@Algorithm":"http://www.w3.org/2000/09/xmldsig#sha1"
                                    }
                                  }
                                ],
                              "-childNodeFieldNameNotFound":[
                                  { "DigestValue":
                                  }
                                ]
                            }
                          }
                        ]
                      }
                  }
                ]
              },
              { "-childNodeFieldNameNotFound":[
                  { "SignatureValue":
                  }
                ]
              },
              { "-childNodeFieldNameNotFound":[
                  { "KeyInfo":
                      { "-childNodeFieldNameNotFound":[
                          { "X509Data":
                              { "-childNodeFieldNameNotFound":[
                                  { "X509Certificate":
                                  }
                                ]
                              }
                          }
                        ]
                      },
                      { "-childNodeFieldNameNotFound":[
                          { "KeyValue":
                              { "-childNodeFieldNameNotFound":[
                                  { "RSAKeyValue":
                                      { "-childNodeFieldNameNotFound":[
                                          { "Modulus":
                                          }
                                        ]
                                      },
                                      { "-childNodeFieldNameNotFound":[
                                          { "Exponent":
                                          }
                                        ]
                                      }
                                  }
                                ]
                              }
                          }
                        ]
                      }
                  }
                ]
              }
          }
        ]
    }
  ]
 }
]
